<article dtd-version="1.0" article-type="research-article">
   <front>
      <journal-meta>
         <journal-id xmlns:xlink="http://www.w3.org/1999/xlink" journal-id-type="jstor">jadve</journal-id>
         <journal-id xmlns:xlink="http://www.w3.org/1999/xlink" journal-id-type="jstor">j101355</journal-id>
         <journal-title-group xmlns:xlink="http://www.w3.org/1999/xlink">
            <journal-title>Journal of Advertising</journal-title>
         </journal-title-group>
         <publisher>
            <publisher-name>M. E. Sharpe, Inc.</publisher-name>
         </publisher>
         <issn xmlns:xlink="http://www.w3.org/1999/xlink" pub-type="ppub">00913367</issn>
         <issn xmlns:xlink="http://www.w3.org/1999/xlink" pub-type="epub">15577805</issn>
      </journal-meta>
      <article-meta>
         <article-id xmlns:xlink="http://www.w3.org/1999/xlink" pub-id-type="jstor">20460746</article-id>
         <article-id pub-id-type="pub-doi">10.2753/JOA0091-3367350310</article-id>
         <title-group>
            <article-title>Advertising Budgeting Methods and Processes in China</article-title>
         </title-group>
         <contrib-group>
            <contrib>
               <string-name xmlns:xlink="http://www.w3.org/1999/xlink">
                  <given-names>Gerard</given-names>
                  <surname>Prendergast</surname>
               </string-name>
            </contrib>
            <contrib>
               <string-name xmlns:xlink="http://www.w3.org/1999/xlink">
                  <given-names>Douglas</given-names>
                  <surname>West</surname>
               </string-name>
            </contrib>
            <contrib>
               <string-name xmlns:xlink="http://www.w3.org/1999/xlink">
                  <given-names>Yi-Zheng</given-names>
                  <surname>Shi</surname>
               </string-name>
            </contrib>
         </contrib-group>
         <pub-date xmlns:xlink="http://www.w3.org/1999/xlink">
            <day>1</day>
            <month>10</month>
            <year>2006</year>
         </pub-date>
         <volume>35</volume>
         <issue>3</issue>
         <issue-id xmlns:xlink="http://www.w3.org/1999/xlink">i20460734</issue-id>
         <fpage>165</fpage>
         <lpage>176</lpage>
         <permissions>
            <copyright-statement>Copyright 2006 American Academy of Advertising</copyright-statement>
         </permissions>
         <self-uri xmlns:xlink="http://www.w3.org/1999/xlink"
                   xlink:href="http://www.jstor.org/stable/20460746"/>
         <abstract>
            <p>By absorbing advanced knowledge and business practices from their overseas partners, international joint ventures (IJVs) have helped the development of many aspects of Chinese business. Do IJVs in China use more sophisticated advertising budgeting methods than their local counterparts? To test this, a construct was devised to measure budgetary sophistication, taking into account the tendency of firms to use multiple methods. Then, personal interviews were conducted with over 200 advertisers in China, representing a mix of Chinese state-owned enterprises (CSOEs), IJVs, and private companies. Their budgeting sophistication scores were then related to demographic, attitudinal, and behavioral variables. Results showed that the most common budgeting method used was "judgmental" and the most common decision-making process was "bottom-up, top-down." On average, firms used more than two budgeting methods. IJVs and firms that adjust their budgeting methods for different profitability levels used more sophisticated budgeting methods. Theoretical implications are discussed, and recommendations are made for firms that are working in or considering entering the Chinese market.</p>
         </abstract>
         <custom-meta-group xmlns:xlink="http://www.w3.org/1999/xlink">
            <custom-meta>
               <meta-name>lang</meta-name>
               <meta-value>eng</meta-value>
            </custom-meta>
         </custom-meta-group>
      </article-meta>
   </front>
   <back>
      <ref-list>
         <title>References</title>
         <ref id="d21229e141a1310">
            <mixed-citation id="d21229e145" publication-type="other">
Anand, B. N., and T. Khanna (2000), "Do Firms Learn to Create
Value? The Case of Alliance," Strategic Management Journal,
21 (3), 295-315.</mixed-citation>
         </ref>
         <ref id="d21229e158a1310">
            <mixed-citation id="d21229e162" publication-type="other">
Belch, George E., and M. A. Belch (2001), Advertising and Promo-
tion: An Integrated Marketing Communications Perspective, 3rd
ed., New York: McGraw-Hill.</mixed-citation>
         </ref>
         <ref id="d21229e175a1310">
            <mixed-citation id="d21229e179" publication-type="other">
Borden, Neil H. (1942), The Economic Effects of Advertising, Chi-
cago: Irwin.</mixed-citation>
         </ref>
         <ref id="d21229e189a1310">
            <mixed-citation id="d21229e193" publication-type="other">
Chan, Anita (1995), "Chinese Enterprise Reforms: Convergence
with the Japanese Model?" Industrial and Corporate Change,
4 (3), 449-470.</mixed-citation>
         </ref>
         <ref id="d21229e207a1310">
            <mixed-citation id="d21229e211" publication-type="other">
Chan, Wellington K. K. (1998), "Tradition and Change in the
Chinese Business Enterprise," Chinese Studies in History, 31
(1/2), 127-144.</mixed-citation>
         </ref>
         <ref id="d21229e224a1310">
            <mixed-citation id="d21229e228" publication-type="other">
Child, John, and Yuan Lu (1996), Management Issues in China, vol.
2, International Enterprises, London: Routledge.</mixed-citation>
         </ref>
         <ref id="d21229e238a1310">
            <mixed-citation id="d21229e242" publication-type="other">
China Advertising Association (2004), China Advertising Yearbook,
Beijing: Xinhua.</mixed-citation>
         </ref>
         <ref id="d21229e252a1310">
            <mixed-citation id="d21229e256" publication-type="other">
Cohen, Wesley, and Daniel Levinthal (1990), "Absorptive Ca-
pacity: A New Perspective on Learning and Innovation,"
Administrative Science Quarterly, 35 (1), 128-152.</mixed-citation>
         </ref>
         <ref id="d21229e269a1310">
            <mixed-citation id="d21229e273" publication-type="other">
Dekimpe, Marnik G., and Dominique M. Hanssens (1999),
"Sustained Spending and Persistent Response: A New Look
at Long-Term Marketing Profitability" Journal of Marketing
Research, 36 (4), 397-413.</mixed-citation>
         </ref>
         <ref id="d21229e289a1310">
            <mixed-citation id="d21229e293" publication-type="other">
Dunning, John H. (1988), "The Eclectic Paradigm of Inter-
national Production: A Restatement and Some Possible
Extensions," Journal of International Business Studies, 19
(Spring), 1-29.</mixed-citation>
         </ref>
         <ref id="d21229e310a1310">
            <mixed-citation id="d21229e314" publication-type="other">
Ehrenberg, Andrew S. C., Gerald J. Goodhardt, and T. Patrick
Barwise (1990), "Double Jeopardy Revisited," Journal of
Marketing, 54 (3), 82-92.</mixed-citation>
         </ref>
         <ref id="d21229e327a1310">
            <mixed-citation id="d21229e331" publication-type="other">
Fairhurst, Ann, and Myron Gable (1996), "Determining Adver-
tising Budgets for Service Enterprises," Journal of Services
Marketing, 10 (6), 18-33.</mixed-citation>
         </ref>
         <ref id="d21229e344a1310">
            <mixed-citation id="d21229e348" publication-type="other">
Filiatrault, P., and J. C. Chebat (1990), "How Service Firms Set
Their Marketing Budgets," Industrial Marketing Manage-
ment, 19(1), 63-67.</mixed-citation>
         </ref>
         <ref id="d21229e361a1310">
            <mixed-citation id="d21229e365" publication-type="other">
Gilligan, C. (1976), "How Advertising Budgets Are Arrived At,"
Advertising Quarterly, 46, 32-35.</mixed-citation>
         </ref>
         <ref id="d21229e375a1310">
            <mixed-citation id="d21229e379" publication-type="other">
Heidenberger, Kurt, Alexander Schillinger, and Christian Stum-
mer (2003), "Budgeting for Research and Development: A
Dynamic Financial Simulation Approach," Socio-Economic
Planning Sciences, 37 (1), 15-27.</mixed-citation>
         </ref>
         <ref id="d21229e395a1310">
            <mixed-citation id="d21229e399" publication-type="other">
Hooley, G. J., and J. E. Lynch (1985), "How UK Advertisers
Set Budgets," International Journal of Advertising, 4 (3),
223-231.</mixed-citation>
         </ref>
         <ref id="d21229e413a1310">
            <mixed-citation id="d21229e417" publication-type="other">
Hulbert, J., and L. Pitt (1996), "Exit Left-Centre Stage? The
Future of Functional Marketing," European Management
Journal, 14 (1), 47-60.</mixed-citation>
         </ref>
         <ref id="d21229e430a1310">
            <mixed-citation id="d21229e434" publication-type="other">
Hung, C. L., and D. C. West (1991), "Advertising Budgeting
Methods in Canada, the UK and the US," International
Journal of Advertising, 10 (3), 239-250.</mixed-citation>
         </ref>
         <ref id="d21229e447a1310">
            <mixed-citation id="d21229e451" publication-type="other">
Jenner, R. A., L. Herbert, A. Appell, and J. Baack (1998), "Using
Quality Management for the Cultural Transformation of
Chinese State Enterprises: A Case Study," Journal of Quality
Management, 3 (2), 193-210.</mixed-citation>
         </ref>
         <ref id="d21229e467a1310">
            <mixed-citation id="d21229e471" publication-type="other">
Johanson, J., and J.-E. Vahlne (1977), "The Internationalization
Process of the Firm: A Model of Knowledge Development
and Increasing Foreign Market Commitments," Journal of
International Business Studies, 8 (1), 23-32.</mixed-citation>
         </ref>
         <ref id="d21229e487a1310">
            <mixed-citation id="d21229e491" publication-type="other">
Joseph, Kissan, and V. J. Richardson (2002), "Free Cash Flow,
Agency Costs and the Affordability Method of Advertising
Budgeting," Journal of Marketing, 66 (1), 94-108.</mixed-citation>
         </ref>
         <ref id="d21229e504a1310">
            <mixed-citation id="d21229e508" publication-type="other">
Kirkbridge, Paul S., F. Y. S. Tang, and R. I. Westwood (199D,
"Chinese Conflict Preferences and Negotiating Behaviour:
Cultural and Psychological Influences," Organization Studies,
12(3), 365-386.</mixed-citation>
         </ref>
         <ref id="d21229e525a1310">
            <mixed-citation id="d21229e529" publication-type="other">
Kogut, B., and H. Singh (1988), "The Effect of National Culture
on the Choice of Entry Mode,"Journal of International Business
Studies, 19 (Fall), 411-432.</mixed-citation>
         </ref>
         <ref id="d21229e542a1310">
            <mixed-citation id="d21229e546" publication-type="other">
Low, George S., and Jakki J. Mohr (1999), "Setting Advertising
and Promotion Budgets in Multi-Brand Companies,"Journal
of Advertising Research, 39 (1), 67-79.</mixed-citation>
         </ref>
         <ref id="d21229e559a1310">
            <mixed-citation id="d21229e563" publication-type="other">
Lynch, James E., and G. J. Hooley (1990), "Increased Sophistica-
tion in Advertising Budget Setting," Journal of Advertising
Research, 30 (1), 67-76.</mixed-citation>
         </ref>
         <ref id="d21229e576a1310">
            <mixed-citation id="d21229e580" publication-type="other">
Martinsons, M. G., and C. S. Tseng (1999), "Technology Transfer
to China," in China 2000: Emerging Business Issues, L. Kelly
and Y Luo, eds., Thousand Oaks, CA: Sage, 189-215.</mixed-citation>
         </ref>
         <ref id="d21229e593a1310">
            <mixed-citation id="d21229e597" publication-type="other">
Miles, Morgan P., J. B. White, and L. S. Munilla (1997), "Ad-
vertising Budgeting Practices in Agribusiness: The Case
of Farmer Cooperatives," Industrial Marketing Management,
26(4), 31-40.</mixed-citation>
         </ref>
         <ref id="d21229e613a1310">
            <mixed-citation id="d21229e617" publication-type="other">
Patti, Charles H., and V. J. Blasko (1981), "Budgeting Practices
ofBig Advertisers," Journal of Advertising Research, 21 (6),
23-29.</mixed-citation>
         </ref>
         <ref id="d21229e631a1310">
            <mixed-citation id="d21229e635" publication-type="other">
Permut, Steven E. (1977), "How European Managers Set Ad-
vertising Budgets," Journal of Advertising Research, 17 (1),
75-79.</mixed-citation>
         </ref>
         <ref id="d21229e648a1310">
            <mixed-citation id="d21229e652" publication-type="other">
Pfeffer, Jeffrey, and Gerard R. Salancik (1977), "Organization
Design: The Case for the Coalition Model of Organizations,"
Organizational Dynamics, 6 (Winter), 15-29.</mixed-citation>
         </ref>
         <ref id="d21229e665a1310">
            <mixed-citation id="d21229e669" publication-type="other">
Piercy, Nigel F. (1986), Marketing Budgeting, Dover, NH: Croom
Helm.</mixed-citation>
         </ref>
         <ref id="d21229e679a1310">
            <mixed-citation id="d21229e683" publication-type="other">
— (1987a), "Advertising Budgeting: Process and Structure
as Explanatory Variables," Journal of Advertising, 16 (2),
34-44.</mixed-citation>
         </ref>
         <ref id="d21229e696a1310">
            <mixed-citation id="d21229e700" publication-type="other">
—(1987b),"The Marketing Budgeting Process: Market-
ing Management Implications," Journal of Marketing, 51
(October), 45-59.</mixed-citation>
         </ref>
         <ref id="d21229e713a1310">
            <mixed-citation id="d21229e717" publication-type="other">
Prendergast, Gerard, Y Z. Shi, and D. West (2001), "Organiza-
tional Buying and Agent-Client Relationships in China,"
Journal of Advertising, 15 (Summer), 61-71.</mixed-citation>
         </ref>
         <ref id="d21229e731a1310">
            <mixed-citation id="d21229e735" publication-type="other">
Przbylowska, I., and K. Kistelski (1998), "The Social Context
of Questionnaire Interviews," in Opinion Polls and Volatile
Electorate: Problems and Issues in Polling European Societies, Matt
Henn, ed., Aldershot, U.K.: Ashgate.</mixed-citation>
         </ref>
         <ref id="d21229e751a1310">
            <mixed-citation id="d21229e755" publication-type="other">
Ralston, D. A, D. J. Gustafson, F. M. Cheung, and R. H. Terpstra
(1993), "Differences in Managerial Values: A Study of US,
Hong Kong and PRC Managers," Journal of International
Business Studies, 24 (2), 249-270.</mixed-citation>
         </ref>
         <ref id="d21229e771a1310">
            <mixed-citation id="d21229e775" publication-type="other">
Roy, Abhik, Peter Walters, and Sherriff Luk (2001), "Chinese
Puzzles and Paradoxes: Conducting Business Research in
China," Journal of Business Research, 52 (2), 203-210.</mixed-citation>
         </ref>
         <ref id="d21229e788a1310">
            <mixed-citation id="d21229e792" publication-type="other">
Rust, Roland T., Tim Ambler, Gregory Carpenter, V Kumar,
and Rajendra K. Srivastava (2004), "Measuring Marketing
Productivity: Current Knowledge and Future Directions,"
Journal of Marketing, 68 (October), 76-89.</mixed-citation>
         </ref>
         <ref id="d21229e808a1310">
            <mixed-citation id="d21229e812" publication-type="other">
—, and B. Cooil (1994), "Reliability Measures for Qualita-
tive Data: Theory and Implications," Journal of Marketing
Research, 31 (February), 1-14.</mixed-citation>
         </ref>
         <ref id="d21229e825a1310">
            <mixed-citation id="d21229e829" publication-type="other">
San Augustine, Andrej., and William F. Foley (1975), "How
Large Advertisers Set Budgets" Journal of Advertising Re-
search, 15, 11-16.</mixed-citation>
         </ref>
         <ref id="d21229e843a1310">
            <mixed-citation id="d21229e847" publication-type="other">
Sheth, Jagdish N., and Rajendra S. Sisodia (2002), "Marketing
Productivity: Issues and Analysis," Journal of Business Re-
search, 55 (5), 349-362.</mixed-citation>
         </ref>
         <ref id="d21229e860a1310">
            <mixed-citation id="d21229e864" publication-type="other">
Silva-Risso, Jorge M., Randolph E. Bucklin, and Donald C.
Morrison (1999), "A Decision Support System for Planning
Manufacturers' Sales Promotion Calendars," Marketing Sci-
ence, 18(3), 274-301.</mixed-citation>
         </ref>
         <ref id="d21229e880a1310">
            <mixed-citation id="d21229e884" publication-type="other">
Srinivasan, Shuba, and Frank M. Bass (2000), "Cointegration
Analysis of Brand and Category Sales: Stationarity and
Long-Run Equilibrium in Market Shares," Applied Stochastic
Models in Business and Industry, 16 (3), 159-178.</mixed-citation>
         </ref>
         <ref id="d21229e900a1310">
            <mixed-citation id="d21229e904" publication-type="other">
West, Douglas C., and C. L. Hung (1993), "The Organizational
Budgeting Processes of Top Advertisers in Canada, the
U.K. and the U.S.A." Journal of Euromarketing, 2 (3),
7-22.</mixed-citation>
         </ref>
         <ref id="d21229e920a1310">
            <mixed-citation id="d21229e924" publication-type="other">
Yan, Yanni, and J. Child (2002), "An Analysis of Strategic
Determinants, Learning, and Decision-Making in Sino-
British Joint Ventures," British Journal of Management, 13
(2), 109.</mixed-citation>
         </ref>
         <ref id="d21229e940a1310">
            <mixed-citation id="d21229e944" publication-type="other">
Yoo, Boonghee, and R. Mandchitara (2003), "Estimating Adver-
tising Effects on Sales in a Competitive Setting," Journal of
Advertising Research, 43 (3), 310-322.</mixed-citation>
         </ref>
         <ref id="d21229e958a1310">
            <mixed-citation id="d21229e962" publication-type="other">
Zhang, Jin (2004), "World Ad Giants Pressured to Shape Up,"
China Daily (April 14), 8.</mixed-citation>
         </ref>
         <ref id="d21229e972a1310">
            <mixed-citation id="d21229e976" publication-type="other">
Zhao, Zheng, Jaideep Anand, and Will Mitchell (2005), "A Dual
Networks Perspective on Inter-Organizational Transfer of
R&amp;amp;D Capabilities: International Joint Ventures in the Chi-
nese Automotive Industry," Journal of Management Studies,
42(1), 127-160.</mixed-citation>
         </ref>
      </ref-list>
   </back>
</article>
