<article dtd-version="1.0" article-type="research-article">
   <front>
      <journal-meta>
         <journal-id xmlns:xlink="http://www.w3.org/1999/xlink" journal-id-type="jstor">jadve</journal-id>
         <journal-id xmlns:xlink="http://www.w3.org/1999/xlink" journal-id-type="jstor">j101355</journal-id>
         <journal-title-group xmlns:xlink="http://www.w3.org/1999/xlink">
            <journal-title>Journal of Advertising</journal-title>
         </journal-title-group>
         <publisher>
            <publisher-name>M. E. Sharpe, Inc.</publisher-name>
         </publisher>
         <issn xmlns:xlink="http://www.w3.org/1999/xlink" pub-type="ppub">00913367</issn>
         <issn xmlns:xlink="http://www.w3.org/1999/xlink" pub-type="epub">15577805</issn>
      </journal-meta>
      <article-meta>
         <article-id xmlns:xlink="http://www.w3.org/1999/xlink" pub-id-type="jstor">20460785</article-id>
         <article-id pub-id-type="pub-doi">10.2753/JOA0091-3367360206</article-id>
         <title-group>
            <article-title>The Effects of Playing an Advergame on Young Children's Perceptions, Preferences, and Requests</article-title>
         </title-group>
         <contrib-group>
            <contrib>
               <string-name xmlns:xlink="http://www.w3.org/1999/xlink">
                  <given-names>Victoria</given-names>
                  <surname>Mallinckrodt</surname>
               </string-name>
            </contrib>
            <contrib>
               <string-name xmlns:xlink="http://www.w3.org/1999/xlink">
                  <given-names>Dick</given-names>
                  <surname>Mizerski</surname>
               </string-name>
            </contrib>
         </contrib-group>
         <pub-date xmlns:xlink="http://www.w3.org/1999/xlink">
            <day>1</day>
            <month>7</month>
            <year>2007</year>
         </pub-date>
         <volume>36</volume>
         <issue>2</issue>
         <issue-id xmlns:xlink="http://www.w3.org/1999/xlink">i20460777</issue-id>
         <fpage>87</fpage>
         <lpage>100</lpage>
         <permissions>
            <copyright-statement>Copyright 2007 American Academy of Advertising</copyright-statement>
         </permissions>
         <self-uri xmlns:xlink="http://www.w3.org/1999/xlink"
                   xlink:href="http://www.jstor.org/stable/20460785"/>
         <abstract>
            <p>A sample (n = 295) of five- to eight-year-old children participated in an experiment, which included a control group, where the treatment group played a Froot Loops cereal advergame that made a superiority claim for the cereal compared to fresh fruit. Measures of their responses to the brand featured, as well as their level of persuasion knowledge, were collected. Although the treatment group failed to believe Froot Loops were healthier than fruit, the older children in the group reported significantly higher preference for the brand over other cereals and other food types. No differences in intentions to request the cereal were found. Children's preferences for the Froot Loops brand were not associated with their persuasion knowledge about the advergame.</p>
         </abstract>
         <custom-meta-group xmlns:xlink="http://www.w3.org/1999/xlink">
            <custom-meta>
               <meta-name>lang</meta-name>
               <meta-value>eng</meta-value>
            </custom-meta>
         </custom-meta-group>
      </article-meta>
   </front>
   <back>
      <ref-list>
         <title>References</title>
         <ref id="d24973e140a1310">
            <mixed-citation id="d24973e144" publication-type="other">
Adler, R., G. Lesser, L. Meringoff, T. Robertson, J. Rossiter, and S.
Ward (1980), The Effects of Television Advertising on Children,
Lexington, MA: Lexington Books.</mixed-citation>
         </ref>
         <ref id="d24973e157a1310">
            <mixed-citation id="d24973e161" publication-type="other">
American Psychological Association (2004), "A Report of the
APA Task Force on Advertising and Children," in Psycho-
logical Issues in the Increasing Commercialization of Childhood,
D. Kunkel, B. Wilcox, J. Cantor, E. Palmer, S. Linn, and P.
Dowrick, eds., Washington, DC: American Psychological
Association.</mixed-citation>
         </ref>
         <ref id="d24973e184a1310">
            <mixed-citation id="d24973e188" publication-type="other">
Atkin, Charles (1978), "Effects of Television Advertising on
Children-Parent-Child Communication of Childhood,"
Journal of Marketing, 42, 41-45.</mixed-citation>
         </ref>
         <ref id="d24973e201a1310">
            <mixed-citation id="d24973e205" publication-type="other">
Australian Broadcasting Authority (2004), "Children's Television
Content Regulation," Canberra: Australian Broadcasting
Authority.</mixed-citation>
         </ref>
         <ref id="d24973e219a1310">
            <mixed-citation id="d24973e223" publication-type="other">
Auty, Susan, and Charly Lewis (2004), "Exploring Children's
Choice: The Reminder Effect of Product Placement," Psy-
chology and Marketing, 21 (September), 697-713.</mixed-citation>
         </ref>
         <ref id="d24973e236a1310">
            <mixed-citation id="d24973e240" publication-type="other">
Butter, Eliot J., Paula M. Popovich, Robert H. Stackhouse, and
Roger K. Garner (1981), "Discrimination of Television
Programs and Commercials by Preschool Children," Journal
of Advertising Research, 21 (April), 53-56.</mixed-citation>
         </ref>
         <ref id="d24973e256a1310">
            <mixed-citation id="d24973e260" publication-type="other">
Center for Science in the Public Interest (2003), "Pestering Parents:
How Food Companies Market Obesity to Children," Wash-
ington, DC: Center for Science in the Public Interest.</mixed-citation>
         </ref>
         <ref id="d24973e273a1310">
            <mixed-citation id="d24973e277" publication-type="other">
Constantin, Corina, and Dan M. Grigorovici (2004), "Experienc-
ing Interactive Advertising Beyond Rich Media: Impacts of
Ad Type and Presence on Brand Effectiveness in 3D Gam-
ing Immersive Virtual Environments, "Journal of Interactive
Advertising, 4 (3) (http://jiad.org/vol5/no1/grigorovici/index.
html).</mixed-citation>
         </ref>
         <ref id="d24973e300a1310">
            <mixed-citation id="d24973e304" publication-type="other">
Donohue, Thomas R., Lucy L. Henke, and William A. Donohue
(1980), "Do Kids Know What TV Commercials Intend?"
Journal of Advertising Research, 20 (5), 51-56.</mixed-citation>
         </ref>
         <ref id="d24973e317a1310">
            <mixed-citation id="d24973e321" publication-type="other">
Edwards, Ellen (2003), "Plug (the Product) and Play," Washington
Patf (January 26), A01.</mixed-citation>
         </ref>
         <ref id="d24973e332a1310">
            <mixed-citation id="d24973e336" publication-type="other">
Friestad, Marian, and Peter Wright (1994), "Persuasion Knowl-
edge: Lay People's and Researchers' Beliefs About the
Psychology of Advertising," Journal of Consumer Research,
22 (June), 62-74.</mixed-citation>
         </ref>
         <ref id="d24973e352a1310">
            <mixed-citation id="d24973e356" publication-type="other">
Goldberg, Marvin E., and Gerald J. Gorn (1978), "Some Un-
intended Consequences of TV Advertising to Children,"
Journal of Consumer Research, 5 (1), 22-29.</mixed-citation>
         </ref>
         <ref id="d24973e369a1310">
            <mixed-citation id="d24973e373" publication-type="other">
—, —, and Wendy Gibson (1978), "TV Messages for
Snack and Breakfast Foods: Do They Influence Children's
Preferences?" Journal of Consumer Research, 5 (September),
73-81.</mixed-citation>
         </ref>
         <ref id="d24973e389a1310">
            <mixed-citation id="d24973e393" publication-type="other">
Gorn, Gerald, and Renee Florsham (1985), "The Effects of Com-
mercials for Adult Products on Children," Journal of Consumer
Research, 11 (March), 962-967.</mixed-citation>
         </ref>
         <ref id="d24973e406a1310">
            <mixed-citation id="d24973e410" publication-type="other">
—, and Marvin Goldberg (1982), "Behavioral Evidence of
the Effects of Televised Food Messages on Children," Journal
of Consumer Research, 9 (September), 200-205.</mixed-citation>
         </ref>
         <ref id="d24973e423a1310">
            <mixed-citation id="d24973e427" publication-type="other">
Hastings, Gerard, Martine Stead, Laura McDermott, Alasdair For-
syth, Anne Marie MacKintosh, Mike Rayner, Christine God-
frey, Martin Caraher, and Kathryn Angus (2003), "Review
of Research on the Effects of Food Promotion to Children,"
University of Strathclyde: Food Standards Agency.</mixed-citation>
         </ref>
         <ref id="d24973e447a1310">
            <mixed-citation id="d24973e451" publication-type="other">
Ilfield, J., and R. Winter (2002), "Generating Website Traffic,"
Journal of Advertising Research, 42 (5), 49-61.</mixed-citation>
         </ref>
         <ref id="d24973e461a1310">
            <mixed-citation id="d24973e465" publication-type="other">
John, Deborah Roedder (1999), "Consumer Socialisation of
Children: A Retrospective Look at Twenty-Five Years of
Research," Journal of Consumer Research, 26 (December),
183-213.</mixed-citation>
         </ref>
         <ref id="d24973e481a1310">
            <mixed-citation id="d24973e485" publication-type="other">
Kaufman, L., and P. Sandman (1983), "Countering Children's
Sugared Food Commercials: Do Rebuttals Help?" Paper
presented at the 34th Annual Meeting of the International
Communication Association, San Francisco, May.</mixed-citation>
         </ref>
         <ref id="d24973e501a1310">
            <mixed-citation id="d24973e505" publication-type="other">
Kraak, V., and D. Pelletier (1998), "How Marketers Reach
Young Consumers: Implications for Nutrition Education
and Health Promotion Campaigns," Family Economics and
Nutrition Review, 11 (4), 31-42.</mixed-citation>
         </ref>
         <ref id="d24973e521a1310">
            <mixed-citation id="d24973e525" publication-type="other">
Lindstrom, M., and P. Seybold (2003), BRANDchild, London:
Kogan Page.</mixed-citation>
         </ref>
         <ref id="d24973e535a1310">
            <mixed-citation id="d24973e539" publication-type="other">
Livingston, Sonia (2004), "A Commentary on the Research
Evidence Regarding the Effects of Food Promotion on
Children," in Childhood Obesity—Food Advertising in Context,
Office of Communications, ed., London: London School of
Economics and Political Science, Department of Media and
Communications.</mixed-citation>
         </ref>
         <ref id="d24973e563a1310">
            <mixed-citation id="d24973e567" publication-type="other">
Macklin, Carole M. (1985), "Do Young Children Understand the
Selling Intent of Commercials," Journal of Consumer Affairs,
19 (2), 293-304.</mixed-citation>
         </ref>
         <ref id="d24973e580a1310">
            <mixed-citation id="d24973e584" publication-type="other">
Mizerski, Richard (1995), "The Relationship Between Cartoon
Trade Character Recognition and Attitude Toward the
Product Category in Young Children, "Journal of Marketing,
59 (October), 57-70.</mixed-citation>
         </ref>
         <ref id="d24973e600a1310">
            <mixed-citation id="d24973e604" publication-type="other">
Montgomery, Kathryn C., ed. (2001), Digital Kids: The New On-
line Children's Consumer Culture, Thousand Oaks, CA: Sage.</mixed-citation>
         </ref>
         <ref id="d24973e614a1310">
            <mixed-citation id="d24973e618" publication-type="other">
Moore, Elizabeth (2006), It's Child's Play: Advergaming and the
Online Marketing of Food to Children, Kaiser Family Founda-
tion Report (July).</mixed-citation>
         </ref>
         <ref id="d24973e631a1310">
            <mixed-citation id="d24973e635" publication-type="other">
Moses, Louis J., and D. Baldwin (2005), "What Can the Study
of Cognitive Development Reveal About Children's Ability
to Appreciate and Cope with Advertising?" Journal of Public
Policy and Marketing, 24 (Fall), 186-201.</mixed-citation>
         </ref>
         <ref id="d24973e651a1310">
            <mixed-citation id="d24973e655" publication-type="other">
Nelson, Michelle R. (2002), "Recall of Brand Placements in
Computer/Video Games" Journal of Advertising Research,
42 (2), 80-92.</mixed-citation>
         </ref>
         <ref id="d24973e669a1310">
            <mixed-citation id="d24973e673" publication-type="other">
Neuborne, Ellen (2001), "For Kids on the Web, It's an Ad, Ad,
Ad, Ad World: How to Help Yours See the Sales Pitches
Behind Online Games," Business Week (August 13).</mixed-citation>
         </ref>
         <ref id="d24973e686a1310">
            <mixed-citation id="d24973e690" publication-type="other">
Oanh Ha, K. (2004), "Neopets Site for Children Stirs Controver-
sy," Knight Ridder Tribune Business News (September 14).</mixed-citation>
         </ref>
         <ref id="d24973e700a1310">
            <mixed-citation id="d24973e704" publication-type="other">
O'Leary, Cathy (2004), "Warning over Sugary Cereals," The West
Australian (March 16).</mixed-citation>
         </ref>
         <ref id="d24973e714a1310">
            <mixed-citation id="d24973e718" publication-type="other">
Pavlou, Paul A., and David W. Stewart (2000), "Measuring
the Effects and Effectiveness of Interactive Advertising:
A Research Agenda," Journal of Interactive Advertising, 1
(1), available at http://iiad.org/voll/no1/pavlou/ (accessed
March 21, 2007)</mixed-citation>
         </ref>
         <ref id="d24973e737a1310">
            <mixed-citation id="d24973e741" publication-type="other">
Resnik, Alan J., and Bruce L. Stern (1977), "Children's Television
Advertising and Brand Choice: A Laboratory Experiment,"
Journal of Advertising, 6 (3), 11-18.</mixed-citation>
         </ref>
         <ref id="d24973e754a1310">
            <mixed-citation id="d24973e758" publication-type="other">
Robertson, Thomas S., and John Rossiter (1974), "Children and
Commercial Persuasion: An Attribution Theory Analysis,"
Journal of Consumer Research, 1 (1), 13-20.</mixed-citation>
         </ref>
         <ref id="d24973e772a1310">
            <mixed-citation id="d24973e776" publication-type="other">
—, and — (1976), "Short-Run Advertising Effects
on Children: A Field Study," Journal of Marketing Research,
13 (1), 68-71.</mixed-citation>
         </ref>
         <ref id="d24973e789a1310">
            <mixed-citation id="d24973e793" publication-type="other">
Schneider, Lars-Peter (2005), "Cashing in on Crashes via Brand
Placement in Computer Games: The Effects of Experi-
ence and Flow," International Journal of Advertising, 24 (3),
321-343.</mixed-citation>
         </ref>
         <ref id="d24973e809a1310">
            <mixed-citation id="d24973e813" publication-type="other">
Stephens, Nancy, and Mary Ann Stutts (1982), "Preschoolers'
Ability to Distinguish Between Television Programming
and Commercials," Journal of Advertising, 11 (2), 16-27.</mixed-citation>
         </ref>
         <ref id="d24973e826a1310">
            <mixed-citation id="d24973e830" publication-type="other">
Teinowitz, Ira (2005), "Marketers, Media, Coors Reach an Accord
on Children's Ads," Adage.com (December 15).</mixed-citation>
         </ref>
         <ref id="d24973e840a1310">
            <mixed-citation id="d24973e844" publication-type="other">
Wade, Will (2004), "Care and Feeding of Cyberpets Rivets Tag-
Along Marketers," New York Times (February 26).</mixed-citation>
         </ref>
         <ref id="d24973e854a1310">
            <mixed-citation id="d24973e858" publication-type="other">
Ward, S., G. Reale, and D. Levinson, eds. (1972), Children's Per-
ceptions, Explanations, and Judgements of Television Advertising:
A Further Exploration, Washington, DC: U.S. Government
Printing Office.</mixed-citation>
         </ref>
         <ref id="d24973e875a1310">
            <mixed-citation id="d24973e879" publication-type="other">
Wright, Peter, Marian Friestad, and David M. Boush (2005),
"The Development of Marketplace Persuasion Knowledge
in Children, Adolescents, and Young Adults," Public Policy
and Marketing, 24 (Fall), 222-233.</mixed-citation>
         </ref>
         <ref id="d24973e895a1310">
            <mixed-citation id="d24973e899" publication-type="other">
—, and Peter D. Rip (1980), "Product Class Advertising
Effects on First-Time Buyers' Decision Strategies" Journal
of Consumer Research, 1 (September), 176-188.</mixed-citation>
         </ref>
         <ref id="d24973e912a1310">
            <mixed-citation id="d24973e916" publication-type="other">
Young, Brian (1990), Television Advertising and Children, Oxford:
Clarendon Press.</mixed-citation>
         </ref>
      </ref-list>
   </back>
</article>
