<article dtd-version="1.0" article-type="research-article">
   <front>
      <journal-meta>
         <journal-id xmlns:xlink="http://www.w3.org/1999/xlink" journal-id-type="jstor">jadve</journal-id>
         <journal-id xmlns:xlink="http://www.w3.org/1999/xlink" journal-id-type="jstor">j101355</journal-id>
         <journal-title-group xmlns:xlink="http://www.w3.org/1999/xlink">
            <journal-title>Journal of Advertising</journal-title>
         </journal-title-group>
         <publisher>
            <publisher-name>M. E. Sharpe, Inc.</publisher-name>
         </publisher>
         <issn xmlns:xlink="http://www.w3.org/1999/xlink" pub-type="ppub">00913367</issn>
         <issn xmlns:xlink="http://www.w3.org/1999/xlink" pub-type="epub">15577805</issn>
      </journal-meta>
      <article-meta>
         <article-id xmlns:xlink="http://www.w3.org/1999/xlink" pub-id-type="jstor">20460741</article-id>
         <article-id pub-id-type="pub-doi">10.2753/JOA0091-3367350305</article-id>
         <title-group>
            <article-title>The Impact of Program Context on Motivational System Activation and Subsequent Effects on Processing a Fear Appeal</article-title>
         </title-group>
         <contrib-group>
            <contrib>
               <string-name xmlns:xlink="http://www.w3.org/1999/xlink">
                  <given-names>Robert F.</given-names>
                  <surname>Potter</surname>
               </string-name>
            </contrib>
            <contrib>
               <string-name xmlns:xlink="http://www.w3.org/1999/xlink">
                  <given-names>Michael S.</given-names>
                  <surname>LaTour</surname>
               </string-name>
            </contrib>
            <contrib>
               <string-name xmlns:xlink="http://www.w3.org/1999/xlink">
                  <given-names>Kathryn A.</given-names>
                  <surname>Braun-LaTour</surname>
               </string-name>
            </contrib>
            <contrib>
               <string-name xmlns:xlink="http://www.w3.org/1999/xlink">
                  <given-names>Tom</given-names>
                  <surname>Reichert</surname>
               </string-name>
            </contrib>
         </contrib-group>
         <pub-date xmlns:xlink="http://www.w3.org/1999/xlink">
            <day>1</day>
            <month>10</month>
            <year>2006</year>
         </pub-date>
         <volume>35</volume>
         <issue>3</issue>
         <issue-id xmlns:xlink="http://www.w3.org/1999/xlink">i20460734</issue-id>
         <fpage>67</fpage>
         <lpage>80</lpage>
         <permissions>
            <copyright-statement>Copyright 2006 American Academy of Advertising</copyright-statement>
         </permissions>
         <self-uri xmlns:xlink="http://www.w3.org/1999/xlink"
                   xlink:href="http://www.jstor.org/stable/20460741"/>
         <abstract>
            <p>This manuscript reports three experiments investigating the impact of television programming context on the processing of a fear-appeal message. This is done using a dual-motivation system theory conceptualizing emotion as arising from activation of the appetitive and/or aversive motivational systems. Results show that, as predicted, sad programming activates viewers' aversive motivational systems, whereas comedic programming activates their appetitive motivational systems. Furthermore, by activating these systems through programming context, we were able to predict both retrospective self-report and real-time physiological reactions to a persuasive message employing a fear-appeal strategy. Theoretical and practical implications are discussed, as are suggestions for future experiments using the dual-motivation approach.</p>
         </abstract>
         <custom-meta-group xmlns:xlink="http://www.w3.org/1999/xlink">
            <custom-meta>
               <meta-name>lang</meta-name>
               <meta-value>eng</meta-value>
            </custom-meta>
         </custom-meta-group>
      </article-meta>
   </front>
   <back>
      <ref-list>
         <title>References</title>
         <ref id="d21236e171a1310">
            <mixed-citation id="d21236e175" publication-type="other">
Aylesworth, Andrew B., and Scott B. MacKenzie (1998), "Context
Is Key: The Effect of Program-Induced Mood on Thoughts
About the Ad," Journal of Advertising, 27 (2), 17-31.</mixed-citation>
         </ref>
         <ref id="d21236e188a1310">
            <mixed-citation id="d21236e192" publication-type="other">
Babin, Barry J., William R. Darden, and Laurie A. Babin (1998),
"Negative Emotions in Marketing Research: Affect or Arti-
fact?" Journal of Business Research, 42 (3), 271-285.</mixed-citation>
         </ref>
         <ref id="d21236e205a1310">
            <mixed-citation id="d21236e209" publication-type="other">
Bello, Daniel C., Robert E. Pitts, and Michael J. Etzel (1983),
"The Communication Effects of Controversial Sexual Con-
tent in Television Programs and Commercials," Journal of
Advertising, 12 (3), 32-42.</mixed-citation>
         </ref>
         <ref id="d21236e225a1310">
            <mixed-citation id="d21236e229" publication-type="other">
Bolls, Paul D., Annie Lang, and Robert F. Potter (2001), "The Ef-
fects of Message Valence and Listener Arousal on Attention,
Memory, and Facial Muscular Responses to Radio Advertise-
ments," Communication Research, 28 (5), 627-651.</mixed-citation>
         </ref>
         <ref id="d21236e246a1310">
            <mixed-citation id="d21236e250" publication-type="other">
—, and Robert F. Potter (1998), "I Saw It on the Radio: The
Effects of Imagery Evoking Radio Commercials on Listen-
ers' Allocation of Attention and Attitude Toward the Ad,"
in Proceedings of the 1998 Conference of the American Academy
of Advertising, Darrell D. Muehling, ed., Pullman, WA:
American Academy of Advertising, 120-130.</mixed-citation>
         </ref>
         <ref id="d21236e273a1310">
            <mixed-citation id="d21236e277" publication-type="other">
Bradley, Margaret M. (1994), "Emotional Memory: A Dimen-
sional Analysis," in Emotions: Essays on Emotion Theory,
Stephanie Van Goozen, Anne E. Van de Poll, and Jo-
seph A. Sergeant, eds., Hillsdale, NJ: Lawrence Erlbaum,
97-134.</mixed-citation>
         </ref>
         <ref id="d21236e296a1310">
            <mixed-citation id="d21236e300" publication-type="other">
—, Bruce N. Cuthbert, and Peter J. Lang (1991), "Startle
and Emotion: Lateral Accoustic Probes and the Bilateral
Blink," Psychophysiology, 28 (3), 285-295.</mixed-citation>
         </ref>
         <ref id="d21236e313a1310">
            <mixed-citation id="d21236e317" publication-type="other">
—, and Peter J. Lang (2000), "Measuring Emotion: Be-
havior, Feeling, and Physiology," in Cognitive Neuroscience
of Emotion, Richard D. Lane and L. Nadel, eds., New York:
Oxford University Press, 242-276.</mixed-citation>
         </ref>
         <ref id="d21236e333a1310">
            <mixed-citation id="d21236e337" publication-type="other">
Cacioppo, John T., and Wendi L. Gardner (1999), "Emotion,"
A nnual Review of Psychology, 50, 191-214.</mixed-citation>
         </ref>
         <ref id="d21236e347a1310">
            <mixed-citation id="d21236e353" publication-type="other">
—,—, and Gary Berntson (1999), "The Affect System
Has Parallel and Integrative Processing Components: Form
Follows Function," Journal of Personality and Social Psychol-
ogy, 76,839-855.</mixed-citation>
         </ref>
         <ref id="d21236e370a1310">
            <mixed-citation id="d21236e374" publication-type="other">
Cook, Edwin W., III (2003), VPM Reference Manual, Birmingham,
AL: author.</mixed-citation>
         </ref>
         <ref id="d21236e384a1310">
            <mixed-citation id="d21236e388" publication-type="other">
Dawson, Michael E., Ann M. Schell, and Dianne L. Fillion (2000),
"The Electrodermal System," in Handbook ofPsychophysiology,
2nd ed., John T Cacioppo and Louis G. Tassinary, eds., New
York: Cambridge University Press, 200-223.</mixed-citation>
         </ref>
         <ref id="d21236e404a1310">
            <mixed-citation id="d21236e408" publication-type="other">
Dimburg, Ulf (1990), "Facial Electromyographic Reactions to
Autonomie Activity to Auditory Stimuli," Biological Psychol-
ogy, 31 (2), 137-147.</mixed-citation>
         </ref>
         <ref id="d21236e421a1310">
            <mixed-citation id="d21236e425" publication-type="other">
Ekman, Paul (1993), "Facial Expression and Emotion," American
Psychologist, 48 (4), 384-392.</mixed-citation>
         </ref>
         <ref id="d21236e435a1310">
            <mixed-citation id="d21236e439" publication-type="other">
Filopowicz, Allan (2000), "The Effect of Humor on Individual
and Group Task Performance," Ph.D. dissertation, Harvard
University.</mixed-citation>
         </ref>
         <ref id="d21236e452a1310">
            <mixed-citation id="d21236e456" publication-type="other">
Gorn, Gerald, Michel Pham Tuan, and Leo Yatming Sin (2001),
"When Arousal Influences Ad Evaluation and Valence Does
Not (and Vice Versa)," Journal of Consumer Psychology, 11
(1), 43-55.</mixed-citation>
         </ref>
         <ref id="d21236e473a1310">
            <mixed-citation id="d21236e477" publication-type="other">
Grabe, Margaret E., Annie Lang, Shuhua Zhou, and Paul D. Bolls
(2000), "Cognitive Access to Negatively Arousing News:
An Experimental Investigation of the Knowledge Gap,"
Communication Research, 27 (1), 3-26.</mixed-citation>
         </ref>
         <ref id="d21236e493a1310">
            <mixed-citation id="d21236e497" publication-type="other">
Gunter, Barrie (2002), Media Sex, Mahwah, NJ: Lawrence Erl-
baum.</mixed-citation>
         </ref>
         <ref id="d21236e507a1310">
            <mixed-citation id="d21236e511" publication-type="other">
Hazlett, Richard L., and Sasha Y Hazlett (1999), "Emotional
Response to Television Commercials: Facial EMG Vs. Self-
Report, " Journal of Advertising Research, 39 (2), 7-23.</mixed-citation>
         </ref>
         <ref id="d21236e524a1310">
            <mixed-citation id="d21236e528" publication-type="other">
Henthorne, Tony L., Michael S. LaTour, and Rajan Nataraajan
(1993), "Fear Appeals in Print Advertising: An Analysis of
Arousal and Ad Response," Journal of Advertising, 22 (2),
56-69.</mixed-citation>
         </ref>
         <ref id="d21236e544a1310">
            <mixed-citation id="d21236e548" publication-type="other">
Hopkins, Robert, and James E. Fletcher (1994), "Electrodermal
Measurement: Particularly Effective for Forecasting Mes-
sage Influence on Sales Appeal," in Measuring Psychological
Responses to Media, Annie Lang, ed., Hillsdale, NJ: Lawrence
Erlbaum, 113-132.</mixed-citation>
         </ref>
         <ref id="d21236e567a1310">
            <mixed-citation id="d21236e571" publication-type="other">
Ito, Tiffany A., and John T. Cacioppo (2000), "Electrophysi-
ological Evidence of Explicit and Implicit Categorization
Process," Journal of Experimental Social Psychology, 36 (6),
660-676.</mixed-citation>
         </ref>
         <ref id="d21236e588a1310">
            <mixed-citation id="d21236e592" publication-type="other">
Jancke, Lutz, Joachim Vogt, Musial Frauke, Lutz Kai, and Karl
T. Kalveram (1996), "Facial EMG Responses to Auditory
Stimuli," International Journal of Psychophysiology, 22 (1-2),
85-96.</mixed-citation>
         </ref>
         <ref id="d21236e608a1310">
            <mixed-citation id="d21236e612" publication-type="other">
Jansen, Dorine M., and Nico H. Frijda (1994), "Modulation of
the Acoustic Startle Response by Film-Induced Fear and
Sexual Arousal," Psychophysiology, 31 (5), 565-571.</mixed-citation>
         </ref>
         <ref id="d21236e625a1310">
            <mixed-citation id="d21236e629" publication-type="other">
Klimesch, Wolfgang (1994), The Structure of Long-Term Memory:
A Connectivity Model of Semantic Processing, Hillsdale, NJ:
Lawrence Erlbaum.</mixed-citation>
         </ref>
         <ref id="d21236e642a1310">
            <mixed-citation id="d21236e646" publication-type="other">
Lang, Annie (2000), "The Limited Capacity Model of Medi-
ated Message Processing," Journal of Communication, 50 (1),
46-71.</mixed-citation>
         </ref>
         <ref id="d21236e659a1310">
            <mixed-citation id="d21236e665" publication-type="other">
—(2006), "Motivated Cognition (LC4MP): The Influence
of Appetitive and Aversive Activation on the Processing of
Video Games," in Digital Media: Transformation in Human
Communication, P. Messaris and L. Humphries, eds., New
York: Peter Lang, 237-256.</mixed-citation>
         </ref>
         <ref id="d21236e684a1310">
            <mixed-citation id="d21236e688" publication-type="other">
—, Paul D. Bolls, Robert F. Potter, and Karlynn Kawahara
(1999), "The Effects of Production Pace and Arousing
Content on the Information Processing of Television Mes-
sages," Journal of Broadcasting and Electronic Media, 43 (4),
451-475.</mixed-citation>
         </ref>
         <ref id="d21236e708a1310">
            <mixed-citation id="d21236e712" publication-type="other">
—, John Newhagen, and Byron Reeves (1996), "Nega-
tive Video as Structure: Emotion, Attention, Capacity,
and Memory," Journal of Broadcasting and Electronic Media,
40 (4), 460-477.</mixed-citation>
         </ref>
         <ref id="d21236e728a1310">
            <mixed-citation id="d21236e732" publication-type="other">
—, Mija Shin, and Seungwhan Lee (2005), "Sensation-
Seeking, Motivation, and Substance Use: A Dual System
Approach," Media Psychology, 1 (1), 1-29.</mixed-citation>
         </ref>
         <ref id="d21236e745a1310">
            <mixed-citation id="d21236e749" publication-type="other">
—, Kevin Wise, Seungwhan Lee, and Xiaolei Cai (2003),
"Cognitive, Emotional, and Attitudinal Responses for
Product and Alcohol Billboard Advertising," in Sex and
Advertising, Tom Reichert and Jacqueline Lambias, eds.,
Mahwah, NJ: Lawrence Erlbaum, 107-132.</mixed-citation>
         </ref>
         <ref id="d21236e768a1310">
            <mixed-citation id="d21236e772" publication-type="other">
Lang, Peter (1979), "A Bio-informational Theory of Emotional
Imagery," Psychophysiology, 16 (6), 495-512.</mixed-citation>
         </ref>
         <ref id="d21236e782a1310">
            <mixed-citation id="d21236e786" publication-type="other">
—, Mark K. Greenwald, Margaret M. Bradley, and Alfons
Hamm (1993), "Looking at Pictures: Evaluative, Facial,
Visceral, and Behavioral Responses," Psychophysiology, 30
(3), 261-273.</mixed-citation>
         </ref>
         <ref id="d21236e802a1310">
            <mixed-citation id="d21236e806" publication-type="other">
Larsen, Jeff T., A. Peter McGraw, and John T. Cacioppo (2001),
"Can People Feel Happy and Sad at the Same Time?" Journal
of Personality and Social Psychology, 81 (4), 684-696.</mixed-citation>
         </ref>
         <ref id="d21236e820a1310">
            <mixed-citation id="d21236e824" publication-type="other">
—, Catherine J. Norris, and John T Cacioppo (2003), "Ef-
fects of Positive and Negative Affect on Electromyographic
Activity over Zygomaticus Major and Corrugator Superci-
lii," Psychophysiology, 40 (5), 776-787.</mixed-citation>
         </ref>
         <ref id="d21236e840a1310">
            <mixed-citation id="d21236e844" publication-type="other">
LaTour, Michael S. (1990), "Female Nudity in Print Advertis-
ing: An Analysis of Gender Differences in Arousal and Ad
Response," Psychology and Marketing, 1 (1), 65-81.</mixed-citation>
         </ref>
         <ref id="d21236e857a1310">
            <mixed-citation id="d21236e861" publication-type="other">
—, and Robert E. Pitts (1989), "Using Fear Appeals in Adver-
tising for AIDS Prevention in the College-Age Population,"
Journal of Health Care Marketing, 9 (September), 5-14.</mixed-citation>
         </ref>
         <ref id="d21236e874a1310">
            <mixed-citation id="d21236e878" publication-type="other">
—, and Herb Rotfeld (1997), "There Are Threats and
(Maybe) Fear: Theory and Confusions of Appeals to Fear and
Fear Itself" Journal of Advertising, 26 (3), 45-59.</mixed-citation>
         </ref>
         <ref id="d21236e891a1310">
            <mixed-citation id="d21236e895" publication-type="other">
—, and John F. Tanner, Jr. (2003), "Radon: Appealing to
Our Fears," Psychology and Marketing, 20 (5), 377-394.</mixed-citation>
         </ref>
         <ref id="d21236e905a1310">
            <mixed-citation id="d21236e909" publication-type="other">
Lee, Sungkyoung, and Robert F. Potter (2005), "Do Words
Matter? Effects of Emotional Words in Radio Messages
on Orienting, Physiological Arousal, and Facial EMG
Response," paper presented at the annual conference of
the International Communications Association, New
York, May.</mixed-citation>
         </ref>
         <ref id="d21236e933a1310">
            <mixed-citation id="d21236e937" publication-type="other">
Mandese, Joe (2005), "Viewing the Viewers: New Consumer Re-
search Moves Closer to Behavioral Targeting," Broadcasting
and Cable (August 22), 12-13.</mixed-citation>
         </ref>
         <ref id="d21236e950a1310">
            <mixed-citation id="d21236e954" publication-type="other">
Miller, Neal E. (1961), "Some Recent Studies on Conflict Behav-
ior and Drugs," American Psychologist, 16, 12-24.</mixed-citation>
         </ref>
         <ref id="d21236e964a1310">
            <mixed-citation id="d21236e970" publication-type="other">
Murry, John P., and Peter A. Dacin (1996), "Cognitive Mediators
of Negative-Emotion Effects: Implications for Understand-
ing Media Context," Journal of Consumer Research, 22 (2),
439-447.</mixed-citation>
         </ref>
         <ref id="d21236e986a1310">
            <mixed-citation id="d21236e990" publication-type="other">
Osgood, Charles, George Suci, and Percy Tannenbaum (1957), The
Measurement of Meaning, Urbana: University of Illinois Press.</mixed-citation>
         </ref>
         <ref id="d21236e1000a1310">
            <mixed-citation id="d21236e1004" publication-type="other">
Puccinelli, Nancy M. (1999), "Errors in Mood Regulation: Do
We Know What's Best for Us?" Ph.D. dissertation, Harvard
University.</mixed-citation>
         </ref>
         <ref id="d21236e1017a1310">
            <mixed-citation id="d21236e1021" publication-type="other">
Potter, Robert F. (2000), "The Effects of Voice Changes on Orient-
ing and Immediate Cognitive Overload in Radio Listeners,"
Media Psychology, 2 (2), 147-177.</mixed-citation>
         </ref>
         <ref id="d21236e1035a1310">
            <mixed-citation id="d21236e1039" publication-type="other">
—, and Jimnyung Choi (in press), "The Effects of Auditory
Structural Complexity on Attitudes, Attention, Arousal and
Memory," Media Psychology.</mixed-citation>
         </ref>
         <ref id="d21236e1052a1310">
            <mixed-citation id="d21236e1056" publication-type="other">
Reeves, Byron, and Clifford Nass (1996), The Media Equation,
New York: Cambridge University Press.</mixed-citation>
         </ref>
         <ref id="d21236e1066a1310">
            <mixed-citation id="d21236e1070" publication-type="other">
Reichert, Tom (2002), "Sex in Advertising Research: A Review
of Content, Effects, and Functions of Sexual Information
in Consumer Advertising," Annual Review of Sex Research,
13,241-273.</mixed-citation>
         </ref>
         <ref id="d21236e1086a1310">
            <mixed-citation id="d21236e1092" publication-type="other">
Shapiro, Stewart, Deborah J. Maclnnis, and C. Whan Park
(2002), "Understanding Program-Induced Mood Effects:
Decoupling Arousal from Valence," Journal of Advertising,
31(4), 15-26.</mixed-citation>
         </ref>
         <ref id="d21236e1108a1310">
            <mixed-citation id="d21236e1112" publication-type="other">
Stern, Robert M., William J. Ray, and Karen S. Quigley (2001),
Psychophysiological Recording, 2nd ed., New York: Oxford
University Press.</mixed-citation>
         </ref>
         <ref id="d21236e1125a1310">
            <mixed-citation id="d21236e1129" publication-type="other">
Tassinary, Louis G., and John T. Cacioppo (2000), "The Skeleto-
motor System: Surface Electromyography," in Handbook of
Psychophysiology, John T Cacioppo, Louis G. Tassinary, and
Gary G. Berntson, eds., New York: Cambridge University
Press, 200-223.</mixed-citation>
         </ref>
         <ref id="d21236e1149a1310">
            <mixed-citation id="d21236e1153" publication-type="other">
Thayer, Robert E. (1967), "Measures of Activation Through Self-
Report," Psychological Reports, 20 (2), 663-678.</mixed-citation>
         </ref>
         <ref id="d21236e1163a1310">
            <mixed-citation id="d21236e1167" publication-type="other">
—(1989), The Biophysiology of Mood and Arousal, New York:
Oxford University Press.</mixed-citation>
         </ref>
         <ref id="d21236e1177a1310">
            <mixed-citation id="d21236e1181" publication-type="other">
Wexler, Bruce E., Stephen Warrenburg, Gary E. Schwartz, and
Larry D. Janer (1992), "EEG and EMG Responses to Emo-
tion-Evoking Stimuli Processed Without Conscious Aware-
ness," Neuropsychologia, 30 (12), 1065-1079.</mixed-citation>
         </ref>
         <ref id="d21236e1197a1310">
            <mixed-citation id="d21236e1201" publication-type="other">
Witte, Kim (1992), "Putting the Fear Back into Fear Appeals:
The Extended Parallel Process Model," Communication Mono-
graphs, 59 (December), 329-349.</mixed-citation>
         </ref>
      </ref-list>
   </back>
</article>
