<article dtd-version="1.0" article-type="research-article">
   <front>
      <journal-meta>
         <journal-id xmlns:xlink="http://www.w3.org/1999/xlink" journal-id-type="jstor">jadve</journal-id>
         <journal-id xmlns:xlink="http://www.w3.org/1999/xlink" journal-id-type="jstor">j101355</journal-id>
         <journal-title-group xmlns:xlink="http://www.w3.org/1999/xlink">
            <journal-title>Journal of Advertising</journal-title>
         </journal-title-group>
         <publisher>
            <publisher-name>M. E. Sharpe, Inc.</publisher-name>
         </publisher>
         <issn xmlns:xlink="http://www.w3.org/1999/xlink" pub-type="ppub">00913367</issn>
         <issn xmlns:xlink="http://www.w3.org/1999/xlink" pub-type="epub">15577805</issn>
      </journal-meta>
      <article-meta>
         <article-id xmlns:xlink="http://www.w3.org/1999/xlink" pub-id-type="jstor">20460830</article-id>
         <article-id pub-id-type="pub-doi">10.2753/JOA0091-3367370107</article-id>
         <title-group>
            <article-title>When Product Placement Goes Wrong: The Effects of Program Liking and Placement Prominence</article-title>
         </title-group>
         <contrib-group>
            <contrib>
               <string-name xmlns:xlink="http://www.w3.org/1999/xlink">
                  <given-names>Elizabeth</given-names>
                  <surname>Cowley</surname>
               </string-name>
            </contrib>
            <contrib>
               <string-name xmlns:xlink="http://www.w3.org/1999/xlink">
                  <given-names>Chris</given-names>
                  <surname>Barron</surname>
               </string-name>
            </contrib>
         </contrib-group>
         <pub-date xmlns:xlink="http://www.w3.org/1999/xlink">
            <day>1</day>
            <month>4</month>
            <year>2008</year>
         </pub-date>
         <volume>37</volume>
         <issue>1</issue>
         <issue-id xmlns:xlink="http://www.w3.org/1999/xlink">i20460822</issue-id>
         <fpage>89</fpage>
         <lpage>98</lpage>
         <permissions>
            <copyright-statement>Copyright 2008 American Academy of Advertising</copyright-statement>
         </permissions>
         <self-uri xmlns:xlink="http://www.w3.org/1999/xlink"
                   xlink:href="http://www.jstor.org/stable/20460830"/>
         <abstract>
            <p>Previous research has found a positive shift in brand attitude after exposure to product placements. The study presented here investigates conditions under which product placements may cause a negative shift in brand attitude. The results reveal that prominent placements can negatively impact brand attitudes of viewers who report high levels of program liking. Conversely, viewers reporting lower levels of program liking shift brand attitude in a positive direction after exposure to a prominent placement. However, the positive shift in brand attitude for participants with lower program liking disappears when a persuasive-intent prime precedes exposure to the placement. Subtle placements are less likely to result in negative shifts in brand attitude. The Persuasion Knowledge Model (Friestad and Wright 1994) is used to explain the results.</p>
         </abstract>
         <custom-meta-group xmlns:xlink="http://www.w3.org/1999/xlink">
            <custom-meta>
               <meta-name>lang</meta-name>
               <meta-value>eng</meta-value>
            </custom-meta>
         </custom-meta-group>
      </article-meta>
   </front>
   <back>
      <ref-list>
         <title>References</title>
         <ref id="d14153e149a1310">
            <mixed-citation id="d14153e153" publication-type="other">
Aaker, David A., and Donald E. Bruzzone (1985), "Causes of Ir-
ritation in Advertising," Journal of Marketing, 42 (Spring),
47-57.</mixed-citation>
         </ref>
         <ref id="d14153e166a1310">
            <mixed-citation id="d14153e170" publication-type="other">
Ahluwalia, Rohini, and Robert E. Burnkrant (2004), "Answering
Questions About Questions: A Persuasion Knowledge Per-
spective for Understanding the Effects of Rhetorical Ques-
tions," Journal of Consumer Research, 31 (June), 26-42.</mixed-citation>
         </ref>
         <ref id="d14153e186a1310">
            <mixed-citation id="d14153e192" publication-type="other">
Auty, Susan, and Charlie Lewis (2004), "Exploring Children's
Choice: The Reminder Effect of Product Placement, Psychol-
ogy and Marketing, 21 (September), 697-713.</mixed-citation>
         </ref>
         <ref id="d14153e205a1310">
            <mixed-citation id="d14153e209" publication-type="other">
Babin, Laurie A., and Sheri T. Carder (1996), "Viewers' Recogni-
tion of Brands Placed Within a Film," International Journal
of Advertising, 15 (2), 140-151.</mixed-citation>
         </ref>
         <ref id="d14153e223a1310">
            <mixed-citation id="d14153e227" publication-type="other">
Balasubramanian, Siva K. (1994), "Beyond Advertising and Pub-
licity: Hybrid Messages and Public Policy Issues," Journal
of Advertising, 23 (4), 29-46.</mixed-citation>
         </ref>
         <ref id="d14153e240a1310">
            <mixed-citation id="d14153e244" publication-type="other">
Bhatnagar, Namita, Lerzan Aksoy, and Selin A. Malkoc (2004),
"Embedding Brands Within Media Content: The Impact
of Message, Media, and Consumer Characteristics on Place-
ment Efficacy," in The Psychology of Entertainment Media: The
Blurring of the Lines Between Entertainment and Persuasion, L. J.
Shrum, ed., Mahwah, NJ: Lawrence Erlbaum, 99-116.</mixed-citation>
         </ref>
         <ref id="d14153e267a1310">
            <mixed-citation id="d14153e271" publication-type="other">
Campbell, Margaret C. (1995), "When Attention-Getting Ad-
vertising Tactics Elicit Consumer Inferences of Manipulative
Intent: The Importance of Balancing Benefits and Invest-
ments, "Journal of Consumer Psychology, 4 (3), 225-254.</mixed-citation>
         </ref>
         <ref id="d14153e287a1310">
            <mixed-citation id="d14153e291" publication-type="other">
—, and Amna Kirmani (2000), "Consumers' Use of Persua-
sion Knowledge: The Effects of Accessibility and Cognitive
Capacity on Perceptions of an Influence Agent" Journal of
Consumer Research, 27 (June), 69-83.</mixed-citation>
         </ref>
         <ref id="d14153e307a1310">
            <mixed-citation id="d14153e311" publication-type="other">
d'Astous, Alain, and Nathalie Seguin (1999), "Consumer Reac-
tions to Product Placement Strategies in Television Sponsor-
ship," European Journal of Marketing, 33 (9/10), 896-910.</mixed-citation>
         </ref>
         <ref id="d14153e324a1310">
            <mixed-citation id="d14153e328" publication-type="other">
Edwards, Steven M., Hairong Li, and Joo-Hyun Lee (2002),
"Forced Exposure and Psychological Reactance: Antecedents
and Consequences of the Perceived Intrusiveness of Pop-Up
Ads," Journal of Advertising, 31 (Fall), 83-95.</mixed-citation>
         </ref>
         <ref id="d14153e345a1310">
            <mixed-citation id="d14153e349" publication-type="other">
Friestad, Marian, and Peter Wright (1994), "The Persuasion
Knowledge Model: How People Cope with Persuasion At-
tempts," Journal of Consumer Research, 21 (June), 1-31.</mixed-citation>
         </ref>
         <ref id="d14153e362a1310">
            <mixed-citation id="d14153e366" publication-type="other">
—, and—(1995), "Persuasion Knowledge: Lay Peo-
ple's and Researcher's Beliefs About the Psychology of Per-
suasion, " Journal of Consumer Research, 22 (June), 62-74.</mixed-citation>
         </ref>
         <ref id="d14153e379a1310">
            <mixed-citation id="d14153e383" publication-type="other">
Gupta, Pola B., and Kenneth L. Lord (1998), "Product Placement
in Movies: The Effect of Prominence and Mode on Audience
Recall," Journal of Current Issues and Research in Advertising,
20(1), 47-59.</mixed-citation>
         </ref>
         <ref id="d14153e399a1310">
            <mixed-citation id="d14153e403" publication-type="other">
Ha, Louisa (1996), "Advertising Clutter in Consumer Magazines:
Dimensions and Effects," Journal of Advertising Research, 36
(July/August), 76-83.</mixed-citation>
         </ref>
         <ref id="d14153e416a1310">
            <mixed-citation id="d14153e420" publication-type="other">
Law, Sharmistha, and Kathryn A. Braun (2000), "Til Have What
She's Having: Gauging the Impact of Product Placements on
Viewers," Psychology and Marketing, 17(12), 1059-1075.</mixed-citation>
         </ref>
         <ref id="d14153e433a1310">
            <mixed-citation id="d14153e437" publication-type="other">
McCarty, John A. (2004), "Product Placement: The Nature of the
Practice and Potential Avenues of Inquiry," in The Psychol-
ogy of Entertainment Media: The Blurring of the Lines Between
Entertainment and Persuasion, L. J. Shrum, ed., Mahwah, NJ:
Lawrence Erlbaum, 45-61.</mixed-citation>
         </ref>
         <ref id="d14153e457a1310">
            <mixed-citation id="d14153e461" publication-type="other">
Murry, John P., John L. Lastovicka, and Surendra N. Singh (1992),
"Feeling and Liking Responses to Television Programs: An
Examination of Two Explanations for Media-Context Ef-
fects, "Journal of Consumer Research, 18 (March), 441-451.</mixed-citation>
         </ref>
         <ref id="d14153e477a1310">
            <mixed-citation id="d14153e481" publication-type="other">
Roehm, Michelle L., Harper A. Roehm, Jr., and Derrick S. Boone
(2004), "Plugs Versus Placements: A Comparison of Alter-
natives for Within-Program Brand Exposure," Psychology
and Marketing, 21 (1), 17-28.</mixed-citation>
         </ref>
         <ref id="d14153e497a1310">
            <mixed-citation id="d14153e501" publication-type="other">
Russell, Cristel A. (2002), "Investigating the Effectiveness of
Product Placements in Television Shows: The Role of Mo-
dality and Plot Connection Congruence on Brand Memory
and Attitude," Journal of Consumer Research, 29 (December),
306-318.</mixed-citation>
         </ref>
         <ref id="d14153e520a1310">
            <mixed-citation id="d14153e524" publication-type="other">
—, Andrew T Norman, and Susan E. Heckler (2004),
"People and 'Their' Television Shows: An Overview of
Television Connectedness," in The Psychology of Entertain-
ment Media: The Blurring of the Lines Between Entertainment
and Persuasion, L. J. Shrum, ed., Mahwah, NJ: Lawrence
Erlbaum, 275-290.</mixed-citation>
         </ref>
         <ref id="d14153e547a1310">
            <mixed-citation id="d14153e551" publication-type="other">
Wright, Peter (1974), "The Harassed Decision Maker: Time
Pressures, Distractions, and the Use of Evidence," Journal
of Applied Psychology, 59 (October), 555-561.</mixed-citation>
         </ref>
         <ref id="d14153e564a1310">
            <mixed-citation id="d14153e568" publication-type="other">
— (2002), "Marketplace Metacognition and Social In-
telligence," Journal of Consumer Research, 28 (March),
677-682.</mixed-citation>
         </ref>
         <ref id="d14153e582a1310">
            <mixed-citation id="d14153e586" publication-type="other">
Zajonc, Robert (1968), "Attitudinal Effects of Mere Exposure,"
Journal of Personality and Social Psychology Monographs, 9 (2,
pt. 2), 1-27.</mixed-citation>
         </ref>
      </ref-list>
   </back>
</article>
