<article dtd-version="1.0" article-type="research-article">
   <front>
      <journal-meta>
         <journal-id xmlns:xlink="http://www.w3.org/1999/xlink" journal-id-type="jstor">jadve</journal-id>
         <journal-id xmlns:xlink="http://www.w3.org/1999/xlink" journal-id-type="jstor">j101355</journal-id>
         <journal-title-group xmlns:xlink="http://www.w3.org/1999/xlink">
            <journal-title>Journal of Advertising</journal-title>
         </journal-title-group>
         <publisher>
            <publisher-name>M. E. Sharpe, Inc.</publisher-name>
         </publisher>
         <issn xmlns:xlink="http://www.w3.org/1999/xlink" pub-type="ppub">00913367</issn>
         <issn xmlns:xlink="http://www.w3.org/1999/xlink" pub-type="epub">15577805</issn>
      </journal-meta>
      <article-meta>
         <article-id xmlns:xlink="http://www.w3.org/1999/xlink" pub-id-type="jstor">20460726</article-id>
         <title-group>
            <article-title>Effects of Comparative Advertising in High- and Low-Cognitive Elaboration Conditions</article-title>
         </title-group>
         <contrib-group>
            <contrib>
               <string-name xmlns:xlink="http://www.w3.org/1999/xlink">
                  <given-names>Cheris W. C.</given-names>
                  <surname>Chow</surname>
               </string-name>
            </contrib>
            <contrib>
               <string-name xmlns:xlink="http://www.w3.org/1999/xlink">
                  <given-names>Chung-Leung</given-names>
                  <surname>Luk</surname>
               </string-name>
            </contrib>
         </contrib-group>
         <pub-date xmlns:xlink="http://www.w3.org/1999/xlink">
            <day>1</day>
            <month>7</month>
            <year>2006</year>
         </pub-date>
         <volume>35</volume>
         <issue>2</issue>
         <issue-id xmlns:xlink="http://www.w3.org/1999/xlink">i20460719</issue-id>
         <fpage>55</fpage>
         <lpage>67</lpage>
         <permissions>
            <copyright-statement>Copyright 2006 American Academy of Advertising</copyright-statement>
         </permissions>
         <self-uri xmlns:xlink="http://www.w3.org/1999/xlink"
                   xlink:href="http://www.jstor.org/stable/20460726"/>
         <abstract>
            <p>An experiment using print ads as experimental stimuli found that the relationship between consumer attitudes and comparative advertisement intensity (CAI) follows a rotated S-shaped pattern; in other words, it is a third-order curve with a local maximum at the minimum value of CAI, and also a local maximum at the approximately third quartile value of CAI. Consumer attitudes were most positive either when there was no brand comparison (the minimum condition) or when the comparison was moderately intense (the third quartile condition). The rotated S-shaped pattern was more pronounced in the high-cognitive elaboration (CE) condition than in the low-CE condition. One week after exposure to the ads, the rotated S-shaped pattern disappeared in both the high- and low-CE conditions, but the attitudes declined more in the high-CE condition than in the low-CE condition. Managerial implications are discussed.</p>
         </abstract>
         <custom-meta-group xmlns:xlink="http://www.w3.org/1999/xlink">
            <custom-meta>
               <meta-name>lang</meta-name>
               <meta-value>eng</meta-value>
            </custom-meta>
         </custom-meta-group>
      </article-meta>
   </front>
   <back>
      <ref-list>
         <title>References</title>
         <ref id="d5596e155a1310">
            <mixed-citation id="d5596e159" publication-type="other">
ACNielsen (2004), Media Expenditure Report (December).</mixed-citation>
         </ref>
         <ref id="d5596e166a1310">
            <mixed-citation id="d5596e170" publication-type="other">
Aiken, Leona S., and Stephen G. West (1991), Multiple Regression:
Testing and Interpreting Interactions, Thousand Oaks, CA: Sage.</mixed-citation>
         </ref>
         <ref id="d5596e180a1310">
            <mixed-citation id="d5596e184" publication-type="other">
Alba, Joseph W., Howard Marmorstein, and Amitava Chatto-
padhyay (1992), "Transitions in Preference over Time: The
Effects of Memory on Message Persuasiveness," Journal of
Marketing Research, 29 (4), 406-416.</mixed-citation>
         </ref>
         <ref id="d5596e200a1310">
            <mixed-citation id="d5596e204" publication-type="other">
Bargh, John A. (1989), "Conditional Automaticity: Varieties of
Automatic Influence in Social Perception and Cognition,"
in Unintended Thought, James S. Uleman and John A. Bargh,
eds., New York: Guilford, 3-51.</mixed-citation>
         </ref>
         <ref id="d5596e221a1310">
            <mixed-citation id="d5596e225" publication-type="other">
Barrio-Garcia, Salvador del, and Teodoro Luque-Martinez (2003),
"Modelling Consumer Response to Differing Levels of Com-
parative Advertising," European Journal of Marketing, 37 (1/
2), 256-274.</mixed-citation>
         </ref>
         <ref id="d5596e241a1310">
            <mixed-citation id="d5596e245" publication-type="other">
Chattopadhyay, Amitava, and Prakash Nedungadi (1992), "Does
Attitude Toward the Ad Endure? The Moderating Effects
of Attention and Delay," Journal of Consumer Research, 19
(1), 26-33.</mixed-citation>
         </ref>
         <ref id="d5596e261a1310">
            <mixed-citation id="d5596e265" publication-type="other">
Cohen, Jacob, and Patricia Cohen (1983), Applied Multiple Re-
gression/Correlational Analysis for the Behavioral Sciences,
Hillsdale, NJ: Lawrence Erlbaum.</mixed-citation>
         </ref>
         <ref id="d5596e278a1310">
            <mixed-citation id="d5596e282" publication-type="other">
Demirdjian, Z. S. (1983), "Sales Effectiveness of Comparative
Advertising: An Experimental Field Investigation," Jour-
nal of Consumer Research, 10 (3), 362-364.</mixed-citation>
         </ref>
         <ref id="d5596e295a1310">
            <mixed-citation id="d5596e299" publication-type="other">
Donthu, Naveen (1992), "Comparative Advertising Intensity,"
Journal of Advertising Research, 32 (6), 53-58.</mixed-citation>
         </ref>
         <ref id="d5596e309a1310">
            <mixed-citation id="d5596e313" publication-type="other">
Fiske, Susan T., and Shelley E. Taylor (1991), Social Cognition,
2nd ed., New York: McGraw-Hill.</mixed-citation>
         </ref>
         <ref id="d5596e324a1310">
            <mixed-citation id="d5596e328" publication-type="other">
Fitzsimons, Gavan J., and Baba Shiv (2001), "Nonconscious and
Contaminative Effects of Hypothetical Questions on Sub-
sequent Decision Making," Journal of Consumer Research, 28
(2), 224-238.</mixed-citation>
         </ref>
         <ref id="d5596e344a1310">
            <mixed-citation id="d5596e348" publication-type="other">
Gilbert, Daniel T. (1991), "How Mental Systems Believe," Ameri-
can Psychologist, 46 (2), 107-119.</mixed-citation>
         </ref>
         <ref id="d5596e358a1310">
            <mixed-citation id="d5596e362" publication-type="other">
Gorn, Gerald J., and Charles B. Weinberg (1984), "The Impact
of Comparative Advertising on Perception and Attitude:
Some Positive Findings," Journal of Consumer Research, 11
(2), 719-727.</mixed-citation>
         </ref>
         <ref id="d5596e378a1310">
            <mixed-citation id="d5596e382" publication-type="other">
Gotlieb, Jerry B., and Dan Sarel (1991), "Comparative Adver-
tising Effectiveness: The Role of Involvement and Source
Credibility," Journal of Advertising, 20 (1), 38-45.</mixed-citation>
         </ref>
         <ref id="d5596e395a1310">
            <mixed-citation id="d5596e399" publication-type="other">
Graf, P., and Daniel L. Schacter (1985), "Implicit and Explicit
Memory for New Associations in Normal and Amnesic
Patients," Journal of Experimental Psychology: Learning, Memory,
and Cognition, 11 (2), 501-518.</mixed-citation>
         </ref>
         <ref id="d5596e415a1310">
            <mixed-citation id="d5596e419" publication-type="other">
Greenwald, Anthony G., Mahzarin R. Banaji, Laurie A. Rudman,
Shelly D. Farnham, Brian A. Nosek, and Deborah S. Mellott
(2002), "A Unified Theory of Implicit Attitudes, Stereo-
types, Self-Esteem, and Self-Concept," Psychological Review,
109(1), 3-25.</mixed-citation>
         </ref>
         <ref id="d5596e439a1310">
            <mixed-citation id="d5596e443" publication-type="other">
Hansen, Ranald D., and Christine A. Hall (1985), "Discounting
and Augmenting Facilitative and Inhibitory Forces: The
Winner Takes Almost All," Journal of Personality and Social
Psychology, 49 (6), 1482-1493.</mixed-citation>
         </ref>
         <ref id="d5596e459a1310">
            <mixed-citation id="d5596e463" publication-type="other">
Hollenbeck, John R., Daniel R. Ilgen, and Douglas J. Sego
(1994), "Repeated Measures Regression and Mediational
Tests: Enhancing the Power of Leadership Research," Lead-
ership Quarterly, 5 (1), 3-23.</mixed-citation>
         </ref>
         <ref id="d5596e479a1310">
            <mixed-citation id="d5596e483" publication-type="other">
Janiszewski, Chris (1988), "Preconscious Processing Effects: The
Independence of Attitude Formation and Conscious Thought,"
Journal of Consumer Research, 15 (2), 199-209.</mixed-citation>
         </ref>
         <ref id="d5596e496a1310">
            <mixed-citation id="d5596e500" publication-type="other">
Kamins, Michael A., and Henry Assael (1987), "Two-Sided
Versus One-Sided Appeals: A Cognitive Perspective on
Argumentation, Source Derogation, and the Effects of Dis-
confirming Trail on Belief Change," Journal of Marketing
Research, 24 (1), 29-39.</mixed-citation>
         </ref>
         <ref id="d5596e519a1310">
            <mixed-citation id="d5596e523" publication-type="other">
Kelley, Harold H. (1967), "Attribution Theory in Social Psychol-
ogy," in Nebraska Symposium on Motivation, David Levine, ed.,
Lincoln: University of Nebraska Press, 192-240.</mixed-citation>
         </ref>
         <ref id="d5596e536a1310">
            <mixed-citation id="d5596e540" publication-type="other">
— (1973), "The Processes of Casual Attribution," American
Psychologist, 28 (2), 107-128.</mixed-citation>
         </ref>
         <ref id="d5596e551a1310">
            <mixed-citation id="d5596e555" publication-type="other">
Kent, Robert J., and Chris T. Allen (1994), "Competitive Interfer-
ence Effects in Consumer Memory for Advertising: The Role
of Brand Familiarity," Journal of Marketing, 58 (3), 97-105.</mixed-citation>
         </ref>
         <ref id="d5596e568a1310">
            <mixed-citation id="d5596e572" publication-type="other">
Law, Sharmistha, and Kathryn A. Braun (2000), "I'll Have What
She's Having: Gauging the Impact of Product Placements
on Viewers, " Psychology and Marketing, 17 (12), 1059-1075.</mixed-citation>
         </ref>
         <ref id="d5596e585a1310">
            <mixed-citation id="d5596e591" publication-type="other">
Levine, Philip (1976), "Commercials That Name Competing
Brands," Journal of Advertising Research, 16 (6), 7-14.</mixed-citation>
         </ref>
         <ref id="d5596e601a1310">
            <mixed-citation id="d5596e605" publication-type="other">
Mandler, George (1985), Cognitive Psychology: An Essay in Cogni-
tive Science, Hillsdale, NJ: Lawrence Erlbaum.</mixed-citation>
         </ref>
         <ref id="d5596e615a1310">
            <mixed-citation id="d5596e619" publication-type="other">
Mitchell, Andrew A., and Jerry C. Olson (1981), "Are Product
Attribute Beliefs the Only Mediator of Advertising Effects
on Brand Attitude?" Journal of Marketing Research, 18 (3),
318-332.</mixed-citation>
         </ref>
         <ref id="d5596e635a1310">
            <mixed-citation id="d5596e639" publication-type="other">
Pechmann, Cornelia, and S. Ratneshwar (1991), "The Use of
Comparative Advertising for Brand Positioning: Associa-
tion Versus Differentiation," Journal of Consumer Research,
18 (2), 145-160.</mixed-citation>
         </ref>
         <ref id="d5596e656a1310">
            <mixed-citation id="d5596e660" publication-type="other">
Petty, Richard E., and John T. Cacioppo (1986), "The Elabora-
tion Likelihood Model of Persuasion," in Advances in Ex-
perimental Social Psychology, Leonard Berkowitz, ed., San
Diego: Academic Press, 124-205.</mixed-citation>
         </ref>
         <ref id="d5596e676a1310">
            <mixed-citation id="d5596e680" publication-type="other">
Priester, Joseph R., John Godek, DJ Nayakankuppum, and
Kiwan Park (2004), "Brand Congruity and Comparative
Advertising: When and Why Comparative Advertisements
Lead to Greater Elaboration," Journal of Consumer Psychol-
ogy, 14(1/2), 115-123.</mixed-citation>
         </ref>
         <ref id="d5596e699a1310">
            <mixed-citation id="d5596e703" publication-type="other">
Rovee-Collier, Carolyn, Harlene Hay ne, and Michael Colombo
(2001), The Development of Implicit and Explicit Memory,
Amsterdam/Philadelphia: John Benjamins.</mixed-citation>
         </ref>
         <ref id="d5596e716a1310">
            <mixed-citation id="d5596e720" publication-type="other">
Schacter, Daniel L. (1987), "Implicit Memory: History and Cur-
rent Status," Journal of Experimental Psychology: Learning,
Memory, and Cognition, 13 (3), 501-518.</mixed-citation>
         </ref>
         <ref id="d5596e733a1310">
            <mixed-citation id="d5596e737" publication-type="other">
Sengupta, Jaideep, Ronald C. Goodstein, and David S. Boninger
(1997), "All Cues Are Not Created Equal: Obtaining Atti-
tude Persistence Under Low-Involvement Conditions" Jour-
nal of Consumer Research, 23 (4), 351-361.</mixed-citation>
         </ref>
         <ref id="d5596e753a1310">
            <mixed-citation id="d5596e757" publication-type="other">
Shapiro, Stewart, and H. Shanker Krishnan (2001), "Memory-
Based Measures for Assessing Advertising Effects: A Com-
parison of Explicit and Implicit Memory Effects," Journal
of Advertising, 30 (3), 1-13.</mixed-citation>
         </ref>
         <ref id="d5596e774a1310">
            <mixed-citation id="d5596e778" publication-type="other">
Shemwell, Donald J., Jr., J. Joseph Cronin, Jr., and William R.
Bullard (1994), "Relational Exchange in Services: An Em-
pirical Investigation of Ongoing Customer Service—Provider
Relationships," International Journal of Service Industry Man-
agement, 5 (3), 57-68.</mixed-citation>
         </ref>
         <ref id="d5596e797a1310">
            <mixed-citation id="d5596e801" publication-type="other">
Shimp, Terence A., and David C. Dyer (1978), "The Effects of
Comparative Advertising Mediated by Market Position of
Sponsoring Brand," Journal of Advertising, 1 (3), 13-19.</mixed-citation>
         </ref>
         <ref id="d5596e814a1310">
            <mixed-citation id="d5596e818" publication-type="other">
Simon, Herbert A. (1982), "From Substantive to Procedural
Rationality," in Models of Bounded Rationality, vol. 2, Cam-
bridge: MIT Press, 424-443.</mixed-citation>
         </ref>
         <ref id="d5596e831a1310">
            <mixed-citation id="d5596e835" publication-type="other">
Singh, Surendra N., Michael L. Rothschild, and Gilbert A.
Churchill, Jr. (1988), "Recognition Versus Recall as Mea-
sures of Television Commercial Forgetting," Journal of Mar-
keting Research, 25 (1), 72-80.</mixed-citation>
         </ref>
         <ref id="d5596e851a1310">
            <mixed-citation id="d5596e855" publication-type="other">
Speelman, Craig, and Murray Maybery (1998), "Automaticity and
Skill Acquisition," in Implicit and Explicit Mental Processes, Kim
Kirsner, Craig Speelman, Angela O'Brien-Malone, Mike
Anderson, and Colin MacLeod, eds., Mahwah, NJ: Lawrence
Erlbaum, 79-98.</mixed-citation>
         </ref>
         <ref id="d5596e874a1310">
            <mixed-citation id="d5596e878" publication-type="other">
Swinyard, William R. (1981), "The Interaction Between Com-
parative Advertising and Copy Claim Variation,"Journal of
Marketing Research, 18 (2), 175-186.</mixed-citation>
         </ref>
         <ref id="d5596e892a1310">
            <mixed-citation id="d5596e896" publication-type="other">
Tannenbaum, Stanley (1976), "For and Against Comparative
Advertising," Advertising Age, 41 (27), 25.</mixed-citation>
         </ref>
         <ref id="d5596e906a1310">
            <mixed-citation id="d5596e910" publication-type="other">
TDC (2003), "Wireless and 3G Opportunities Flood World's Larg-
est IT Show—Report from CeBIT 2003, Hannover" (March),
available at www.tdctrade.com (accessed May 22, 2004).</mixed-citation>
         </ref>
         <ref id="d5596e923a1310">
            <mixed-citation id="d5596e927" publication-type="other">
Tulving, Endel, Daniel L. Schacter, and Heather A. Stark (1982),
"Priming Effects in Word-Fragment Completion Are In-
dependent of Recognition Memory, "Journal of Experimen-
tal Psychology: Learning, Memory, and Cognition, 8 (4),
336-342.</mixed-citation>
         </ref>
         <ref id="d5596e946a1310">
            <mixed-citation id="d5596e950" publication-type="other">
Webster, Donna M., Linda Richer, and Arie W. Kruglanski
(I996), "On Leaping to Conclusions When Feeling Tired:
Mental Fatigue Effects on Impressional Primacy," Journal
of Experimental Social Psychology, 32 (2), 181-195.</mixed-citation>
         </ref>
         <ref id="d5596e966a1310">
            <mixed-citation id="d5596e970" publication-type="other">
Wilkie, William L., and Paul W. Farris (1975), "Comparative
Advertising: Problems and Potential," Journal of Market-
ing, 39(4), 7-15.</mixed-citation>
         </ref>
         <ref id="d5596e983a1310">
            <mixed-citation id="d5596e987" publication-type="other">
Wilson, Timothy D., and Nancy Brekke (1994), "Mental Con-
tamination and Mental Correction: Unwanted Influences
on Judgments and Evaluations," Psychology Bulletin, 116
(1), 117-142.</mixed-citation>
         </ref>
      </ref-list>
   </back>
</article>
