<article dtd-version="1.0" article-type="research-article">
   <front>
      <journal-meta>
         <journal-id xmlns:xlink="http://www.w3.org/1999/xlink" journal-id-type="jstor">jadve</journal-id>
         <journal-id xmlns:xlink="http://www.w3.org/1999/xlink" journal-id-type="jstor">j101355</journal-id>
         <journal-title-group xmlns:xlink="http://www.w3.org/1999/xlink">
            <journal-title>Journal of Advertising</journal-title>
         </journal-title-group>
         <publisher>
            <publisher-name>M. E. Sharpe, Inc.</publisher-name>
         </publisher>
         <issn xmlns:xlink="http://www.w3.org/1999/xlink" pub-type="ppub">00913367</issn>
         <issn xmlns:xlink="http://www.w3.org/1999/xlink" pub-type="epub">15577805</issn>
      </journal-meta>
      <article-meta>
         <article-id xmlns:xlink="http://www.w3.org/1999/xlink" pub-id-type="jstor">20460812</article-id>
         <article-id pub-id-type="pub-doi">10.2753/JOA0091-3367360403</article-id>
         <title-group>
            <article-title>The Effects of Dual-Task Processing on Consumers' Responses to High- and Low-Imagery Radio Advertisements</article-title>
         </title-group>
         <contrib-group>
            <contrib>
               <string-name xmlns:xlink="http://www.w3.org/1999/xlink">
                  <given-names>Paul D.</given-names>
                  <surname>Bolls</surname>
               </string-name>
            </contrib>
            <contrib>
               <string-name xmlns:xlink="http://www.w3.org/1999/xlink">
                  <given-names>Darrel D.</given-names>
                  <surname>Muehling</surname>
               </string-name>
            </contrib>
         </contrib-group>
         <pub-date xmlns:xlink="http://www.w3.org/1999/xlink">
            <day>1</day>
            <month>12</month>
            <year>2007</year>
         </pub-date>
         <volume>36</volume>
         <issue>4</issue>
         <issue-id xmlns:xlink="http://www.w3.org/1999/xlink">i20460806</issue-id>
         <fpage>35</fpage>
         <lpage>47</lpage>
         <permissions>
            <copyright-statement>Copyright 2007 American Academy of Advertising</copyright-statement>
         </permissions>
         <self-uri xmlns:xlink="http://www.w3.org/1999/xlink"
                   xlink:href="http://www.jstor.org/stable/20460812"/>
         <abstract>
            <p>This study was designed to investigate the effects of dual-task processing on consumers' responses to high-versus low-imagery radio advertisements. In a repeated-measures experimental design, participants listened to six high-and six low-imagery radio spots while simultaneously performing a visual-processing task (viewing a series of pictures unrelated to the ads or viewing a blank/black screen). Consistent with theoretical expectations, the high-imagery radio advertisements performed better than the low-imagery ads on measures of advertising involvement, attitude toward the ad, brand attitude, and purchase intention. The study found that high-imagery radio ads are universally superior, but suffer more when there is competition for cognitive resources. When a visual-processing task (viewing pictures) was introduced, consumers' responses became generally less favorable. The pattern of responses, however, varied across ad types and processing conditions. In particular, the detrimental effect of introducing a picture-viewing task was more pronounced for high-imagery ads than for low-imagery ads, as well as on measures of ad-related response (advertising involvement and attitude toward the ad). No such moderating effect was observed for brand-related responses (brand attitude and purchase intention). Theoretical and practical implications of these results are discussed.</p>
         </abstract>
         <custom-meta-group xmlns:xlink="http://www.w3.org/1999/xlink">
            <custom-meta>
               <meta-name>lang</meta-name>
               <meta-value>eng</meta-value>
            </custom-meta>
         </custom-meta-group>
      </article-meta>
   </front>
   <back>
      <ref-list>
         <title>References</title>
         <ref id="d21077e149a1310">
            <mixed-citation id="d21077e153" publication-type="other">
Anderson, Craig A. (1983), "Imagination and Expectation: The
Effect of Imagining Behavioral Scripts on Personal Inten-
tions," Journal of Personality and Social Psychology, 45 (2),
293-305.</mixed-citation>
         </ref>
         <ref id="d21077e169a1310">
            <mixed-citation id="d21077e173" publication-type="other">
Babin, Laurie A., and Alvin C. Burns (1997), "Effects of Print
Ad Pictures and Copy Containing Instructions to Imagine
on Mental Imagery That Mediates Attitudes," Journal of
Advertising, 26 (3), 33-44.</mixed-citation>
         </ref>
         <ref id="d21077e189a1310">
            <mixed-citation id="d21077e193" publication-type="other">
—, and — (1998), "A Modified Scale for the Measure-
ment of Communication-Evoked Mental Imagery," Psychol-
ogy and Marketing, 15 (3), 261-278.</mixed-citation>
         </ref>
         <ref id="d21077e206a1310">
            <mixed-citation id="d21077e210" publication-type="other">
Baddeley, Alan (1966), "Short-Term Memory for Word Sequences
as a Function of Acoustic, Semantic and Formal Similar-
ity," Quarterly Journal of Experimental Psychology, 18 (4),
362-365.</mixed-citation>
         </ref>
         <ref id="d21077e227a1310">
            <mixed-citation id="d21077e231" publication-type="other">
— (2003), "Working Memory: Looking Back and Looking
Forward," Neuroscience, 4(10), 829-839-</mixed-citation>
         </ref>
         <ref id="d21077e241a1310">
            <mixed-citation id="d21077e245" publication-type="other">
Baron, Reuben M., and David A. Kenney (1986), "The Modera-
tor-Mediator Variable Distinction in Social Psychological
Research: Conceptual, Strategic, and Statistical Consider-
ations," Journal of Personality and Social Psychology, 51 (6),
1173-1182.</mixed-citation>
         </ref>
         <ref id="d21077e264a1310">
            <mixed-citation id="d21077e268" publication-type="other">
Batra, Rajeev, and Michael L. Ray (1985), "How Advertising
Works at Contact," in Psychological Processes and Advertis-
ing Effects, Linda F. Alwitt and Andrew A. Mitchell, eds.,
Hillsdale, NJ: Lawrence Erlbaum, 13-43.</mixed-citation>
         </ref>
         <ref id="d21077e284a1310">
            <mixed-citation id="d21077e288" publication-type="other">
Bolls, Paul D. (2002), "I Can Hear You, But Can I See You?
The Use of Visual Cognition During Exposure to High-
Imagery Radio Advertisements," Communication Research,
29 (5), 537-563.</mixed-citation>
         </ref>
         <ref id="d21077e304a1310">
            <mixed-citation id="d21077e308" publication-type="other">
—, and Annie Lang (2003), "I Saw It on the Radio: The
Allocation of Attention to High-Imagery Radio Advertise-
ments," Media Psychology, 5 (1), 49-71.</mixed-citation>
         </ref>
         <ref id="d21077e321a1310">
            <mixed-citation id="d21077e325" publication-type="other">
—, and Robert F. Potter (1998), "I Saw It on the Radio:
The Effects of Imagery-Evoking Radio Commercials on
Listeners' Allocation of Attention and Attitude Toward the
Ad," in The Proceedings of the 1998 Conference of the American
Academy of Advertising, Darrel D. Muehling, ed., Pullman:
Washington State University, 123-130.</mixed-citation>
         </ref>
         <ref id="d21077e349a1310">
            <mixed-citation id="d21077e353" publication-type="other">
Bone, Paula Fitzgerald, and Pam Scholder Ellen (1990), "The
Effect of Imagery Processing and Imagery Content on Be-
havioral Intentions," in Advances in Consumer Research, vol.
17, Marvin E. Goldberg, Gerald Gorn, and Richard W.
Pollay, eds., Provo, UT: Association for Consumer Research,
449-454.</mixed-citation>
         </ref>
         <ref id="d21077e376a1310">
            <mixed-citation id="d21077e380" publication-type="other">
—, and — (1992), "The Generation and Consequences
of Communication-Evoked Imagery," Journal of Consumer
Research, 19 (1), 93-104.</mixed-citation>
         </ref>
         <ref id="d21077e393a1310">
            <mixed-citation id="d21077e397" publication-type="other">
Bradley, Margaret M. (1994), "Emotional Memory: A Dimen-
sional Analysis," in Essays on Emotion Theory, Stephanie H.M.
van Goozen, Nanne E. van de Poll, and Joseph A. Sergeant,
eds., Hillsdale, NJ: Lawrence Erlbaum, 97-134.</mixed-citation>
         </ref>
         <ref id="d21077e413a1310">
            <mixed-citation id="d21077e417" publication-type="other">
Carroll, John (1978), "The Effect of Imagining an Event on
Expectations for the Event: An Interpretation in Terms of
the Availability Heuristic," Journal of Experimental Social
Psychology, 14 (1), 88-96.</mixed-citation>
         </ref>
         <ref id="d21077e433a1310">
            <mixed-citation id="d21077e437" publication-type="other">
Childers, Terry L., and Michael J. Houston (1984), "Conditions
for a Picture Superiority Effect on Consumer Memory,"
Journal of Consumer Research, 11 (2), 643-654.</mixed-citation>
         </ref>
         <ref id="d21077e450a1310">
            <mixed-citation id="d21077e454" publication-type="other">
Craik, Fergus (2002), "Levels of Processing: Past, Present . . . and
Future?" Memory, 10 (5-6), 305-318.</mixed-citation>
         </ref>
         <ref id="d21077e465a1310">
            <mixed-citation id="d21077e469" publication-type="other">
Gardner, Meryl Paula, Andrew A. Mitchell, and J. Edward Russo
(1985), "Low Involvement Strategies for Processing Adver-
tisements, " Journal of Advertising, 14 (2), 4-13.</mixed-citation>
         </ref>
         <ref id="d21077e482a1310">
            <mixed-citation id="d21077e486" publication-type="other">
Goossens, Glejser (1994), "Enactive Imagery: Information Pro-
cessing, Emotional Responses, and Behavioral Intentions,"
Journal of Mental Imagery, 18(3/4), 119-150.</mixed-citation>
         </ref>
         <ref id="d21077e499a1310">
            <mixed-citation id="d21077e503" publication-type="other">
Grabe, Maria, and Bruce H. Westley (2003), "The Controlled
Experiment," in Mass Communication Research and Theory,
Guido H. Stempel, David H. Weaver, and G. Cleveland
Wilhoit, eds., Boston: Allyn and Bacon, 267-298.</mixed-citation>
         </ref>
         <ref id="d21077e519a1310">
            <mixed-citation id="d21077e523" publication-type="other">
Gregory, W. Larry, Robert D. Cialdini, and Kathleen M. Carpenter
(1982), "Self-Relevant Scenarios as Mediators of Likelihood
Estimates and Compliance: Does Imagining Make It So?"
Journal of Personality and Social Psychology, 43 (1), 89-99.</mixed-citation>
         </ref>
         <ref id="d21077e539a1310">
            <mixed-citation id="d21077e543" publication-type="other">
Intons-Peterson, Margaret Jean (1992), "Components of Audi-
tory Imagery," in Auditory Imagery, Daniel Reisberg, ed.,
Hillsdale, NJ: Lawrence Erlbaum, 45-71.</mixed-citation>
         </ref>
         <ref id="d21077e556a1310">
            <mixed-citation id="d21077e560" publication-type="other">
Kisielius, Jolita, and Brian Sternthal (1984), "Detecting and
Explaining Vividness Effects in Attitudinal Judgments,"
Journal of Marketing Research, 21 (1), 54-64.</mixed-citation>
         </ref>
         <ref id="d21077e574a1310">
            <mixed-citation id="d21077e578" publication-type="other">
—, and — (1986), "Examining the Vividness Con-
troversy: An Availability-Valence Interpretation," Journal
of Consumer Research, 12 (4), 418-431</mixed-citation>
         </ref>
         <ref id="d21077e591a1310">
            <mixed-citation id="d21077e595" publication-type="other">
Lang, Annie (2000), "The Limited Capacity Model of Medi-
ated Message Processing," Journal of Communication, 50 (1),
46-70.</mixed-citation>
         </ref>
         <ref id="d21077e608a1310">
            <mixed-citation id="d21077e612" publication-type="other">
—, and Marian Friestad (1993), "Emotion, Hemispheric
Specialization, and Visual and Verbal Memory for Television
Messages," Communication Research, 20 (5), 647-670.</mixed-citation>
         </ref>
         <ref id="d21077e625a1310">
            <mixed-citation id="d21077e629" publication-type="other">
—, Kuljinder Dhillon, and Qingwen Dong (1995), "The
Effects of Emotional Arousal and Valence on Television
Viewers' Capacity and Memory, "Journal of Broadcasting and
Electronic Media, 39 (3), 313-327.</mixed-citation>
         </ref>
         <ref id="d21077e645a1310">
            <mixed-citation id="d21077e649" publication-type="other">
—, Paul D. Bolls, Robert F. Potter, and Karlynn Kawahara
(1999), "The Effects of Production Pace and Arousing
Content on the Information Processing of Television Mes-
sages," Journal of Broadcasting and Electronic Media, 43 (4),
451-475.</mixed-citation>
         </ref>
         <ref id="d21077e668a1310">
            <mixed-citation id="d21077e674" publication-type="other">
Lang, Peter J., Arne Ohman, and Dieter Vaitl (1988), The In-
ternational Affective Picture System [slides], Gainsville,
FL: University of Florida, Center for Research in Psycho-
physiology.</mixed-citation>
         </ref>
         <ref id="d21077e691a1310">
            <mixed-citation id="d21077e695" publication-type="other">
—, Mark K. Greenwald, Margaret M. Bradley, and Alfonso
Hamm (1993), "Looking at Pictures: Evaluative, Facial,
Visceral, and Behavioral Responses," Psychophysiology, 30,
261-274.</mixed-citation>
         </ref>
         <ref id="d21077e711a1310">
            <mixed-citation id="d21077e715" publication-type="other">
Lutz, Kathryn A., and Richard J. Lutz (1977), "The Effects of
Interactive Imagery and Learning: Application to Advertis-
ing, " Journal of Applied Psychology, 62 (August), 493-498.</mixed-citation>
         </ref>
         <ref id="d21077e728a1310">
            <mixed-citation id="d21077e732" publication-type="other">
—, and — (1978), "Imagery-Eliciting Strategies:
Review and Implications of Research," in Advances in Con-
sumer Research, vol. 5, H. Keith Hunt, ed., Ann Arbor, MI:
Association for Consumer Research, 611-620.</mixed-citation>
         </ref>
         <ref id="d21077e748a1310">
            <mixed-citation id="d21077e752" publication-type="other">
MacInnis, Deborah J., and Linda L. Price (1987), "The Role of
Imagery Information Processing: Review and Extensions,"
Journal of Consumer Research, 13 (4), 473-491.</mixed-citation>
         </ref>
         <ref id="d21077e765a1310">
            <mixed-citation id="d21077e769" publication-type="other">
Miller, Darryl W., and Lawrence J. Marks (1997), "The Effects of
Imagery-Evoking Radio Advertising Strategies on Affective
Responses," Psychology and Marketing, 14 (4), 337-360.</mixed-citation>
         </ref>
         <ref id="d21077e782a1310">
            <mixed-citation id="d21077e786" publication-type="other">
Morris, Jon D. (1995), "Observations: SAM: The Self-Assess-
ment Manikin—An Efficient Cross-Cultural Measurement
of Emotional Response," Journal of Advertising Research, 35
(6), 63-68.</mixed-citation>
         </ref>
         <ref id="d21077e803a1310">
            <mixed-citation id="d21077e807" publication-type="other">
Muehling, Darrel D., and Russell N. Laczniak (1988), "Advertis-
ing's Immediate and Delayed Influence on Brand Attitudes:
Considerations Across Message Involvement Levels" Journal
of Advertising, 17 (4), 23-34.</mixed-citation>
         </ref>
         <ref id="d21077e823a1310">
            <mixed-citation id="d21077e827" publication-type="other">
Navon, David, and Jeff Miller (1987), "Role of Outcome Conflict
in Dual-Task Interference" Journal of Experimental Psychology:
Human Perception and Performance, 13 (3), 435-448.</mixed-citation>
         </ref>
         <ref id="d21077e840a1310">
            <mixed-citation id="d21077e844" publication-type="other">
Paivio, Allan (1986), Mental Representations: A Dual Coding Ap-
proach, New York: Oxford University Press.</mixed-citation>
         </ref>
         <ref id="d21077e854a1310">
            <mixed-citation id="d21077e858" publication-type="other">
Pashler, Hal (1998), The Psychology of Attention, Cambridge: MIT
Press.</mixed-citation>
         </ref>
         <ref id="d21077e868a1310">
            <mixed-citation id="d21077e872" publication-type="other">
Potter, Robert F., and Coy Callison (2000), "Sounds Exciting!
The Effects of Audio Complexity on Listeners' Attitudes and
Memory for Radio Promotional Announcements," Journal
of Radio Studies, 7, 29-51.</mixed-citation>
         </ref>
         <ref id="d21077e888a1310">
            <mixed-citation id="d21077e892" publication-type="other">
Reeves, Byron, and Seth Geiger (1994), "Designing Experiments
That Assess Psychological Responses to Media Messages,"
in Measuring Psychological Responses to Media Messages, Annie
Lang, ed., Hillsdale, NJ: Lawrence Erlbaum, 165-180.</mixed-citation>
         </ref>
         <ref id="d21077e909a1310">
            <mixed-citation id="d21077e913" publication-type="other">
Tversky, Amos, and Daniel Kahneman (1973), "Availability: A
Heuristic for Judging Frequency and Probability," Cognitive
Psychology, 5 (2), 207-232.</mixed-citation>
         </ref>
         <ref id="d21077e926a1310">
            <mixed-citation id="d21077e930" publication-type="other">
Unnava, Rao H., and Robert E. Burnkrant (1991), "An Imagery
Processing View of the Role of Pictures in Print Advertise-
ments, "Journal of Marketing Research, 28 (2), 226-231.</mixed-citation>
         </ref>
         <ref id="d21077e943a1310">
            <mixed-citation id="d21077e947" publication-type="other">
—, Sanjeev Agarwal, and Curtis P. Haugtvedt (1996),
"Interactive Effects of Presentation Modality and Message-
Generated Imagery on Recall of Advertising Information,"
Journal of Consumer Research, 23 (1), 81-88.</mixed-citation>
         </ref>
         <ref id="d21077e963a1310">
            <mixed-citation id="d21077e967" publication-type="other">
White, K., P. W. Sheehan, and R. Ashton (1977), "Imagery
Assessment: A Survey of Self-Report Measures," Journal of
Mental Imagery, 1 (1), 145-170.</mixed-citation>
         </ref>
         <ref id="d21077e980a1310">
            <mixed-citation id="d21077e984" publication-type="other">
Yoon, Kak, Paul D. Bolls, and Annie Lang (1998), "The Effects
of Arousal on Liking and Believability of Commercials,"
Journal of Marketing Communications, 4(2), 101-114.</mixed-citation>
         </ref>
      </ref-list>
   </back>
</article>
