<article dtd-version="1.0" article-type="research-article">
   <front>
      <journal-meta>
         <journal-id xmlns:xlink="http://www.w3.org/1999/xlink" journal-id-type="jstor">jadve</journal-id>
         <journal-id xmlns:xlink="http://www.w3.org/1999/xlink" journal-id-type="jstor">j101355</journal-id>
         <journal-title-group xmlns:xlink="http://www.w3.org/1999/xlink">
            <journal-title>Journal of Advertising</journal-title>
         </journal-title-group>
         <publisher>
            <publisher-name>M. E. Sharpe, Inc.</publisher-name>
         </publisher>
         <issn xmlns:xlink="http://www.w3.org/1999/xlink" pub-type="ppub">00913367</issn>
         <issn xmlns:xlink="http://www.w3.org/1999/xlink" pub-type="epub">15577805</issn>
      </journal-meta>
      <article-meta>
         <article-id xmlns:xlink="http://www.w3.org/1999/xlink" pub-id-type="jstor">20460880</article-id>
         <article-id pub-id-type="pub-doi">10.2753/JOA0091-3367380101</article-id>
         <title-group>
            <article-title>Product Category Effects on External Search for Prescription and Nonprescription Drugs</article-title>
         </title-group>
         <contrib-group>
            <contrib>
               <string-name xmlns:xlink="http://www.w3.org/1999/xlink">
                  <given-names>Wonsuk Jerry</given-names>
                  <surname>Kim</surname>
               </string-name>
            </contrib>
            <contrib>
               <string-name xmlns:xlink="http://www.w3.org/1999/xlink">
                  <given-names>Karen Whitehill</given-names>
                  <surname>King</surname>
               </string-name>
            </contrib>
         </contrib-group>
         <pub-date xmlns:xlink="http://www.w3.org/1999/xlink">
            <day>1</day>
            <month>4</month>
            <year>2009</year>
         </pub-date>
         <volume>38</volume>
         <issue>1</issue>
         <issue-id xmlns:xlink="http://www.w3.org/1999/xlink">i20460878</issue-id>
         <fpage>5</fpage>
         <lpage>19</lpage>
         <permissions>
            <copyright-statement>Copyright 2009 American Academy of Advertising</copyright-statement>
         </permissions>
         <self-uri xmlns:xlink="http://www.w3.org/1999/xlink"
                   xlink:role="external-fulltext-any"
                   xlink:href="http://dx.doi.org/10.2753/JOA0091-3367380101"
                   xlink:title="an external site"/>
         <abstract>
            <p>This mail survey compares the information search process for prescription and nonprescription drugs. Data were collected from 205 adults age 45 and older who used both prescription and nonprescription drugs. Results indicate that physicians and pharmacists are the most important information sources for both prescription and nonprescription drugs. However, a comparison between consumers' information search behaviors for the two drug types shows that consumers consider interpersonal sources and mass media sources more important sources for nonprescription drugs than for prescription drugs. Internet sources are considered more important for prescription drug information than for nonprescription drug information.</p>
         </abstract>
         <custom-meta-group xmlns:xlink="http://www.w3.org/1999/xlink">
            <custom-meta>
               <meta-name>lang</meta-name>
               <meta-value>eng</meta-value>
            </custom-meta>
         </custom-meta-group>
      </article-meta>
   </front>
   <back>
      <ref-list>
         <title>References</title>
         <ref id="d13269e158a1310">
            <mixed-citation id="d13269e162" publication-type="other">
Avorn, Jerry (2004), Powerful Medicines: The Benefits, Risks, and
Costs of Prescription Drugs, New York: Alfred A. Knopf</mixed-citation>
         </ref>
         <ref id="d13269e172a1310">
            <mixed-citation id="d13269e176" publication-type="other">
Barrett, Stephen, William T Jarvis, Manfred Kroger, and William
M. London (2002), Consumer Health: A Guide to Intelligent
Decisions, 7th ed., New York: McGraw-Hill.</mixed-citation>
         </ref>
         <ref id="d13269e189a1310">
            <mixed-citation id="d13269e193" publication-type="other">
Basara, Lisa Ruby (1995), "The Impact of Direct-to-Consumer
Advertising of Prescription Medications on New Prescrip-
tion Volume and Consumer Information Search Behavior,"
Ph.D. diss., University of Mississippi.</mixed-citation>
         </ref>
         <ref id="d13269e209a1310">
            <mixed-citation id="d13269e213" publication-type="other">
Beatty, Sharon E., and Scott M. Smith (1987), "External Search
Effort: An Investigation Across Several Product Categories,"
Journal of Consumer Research, 14 (June), 83-95.</mixed-citation>
         </ref>
         <ref id="d13269e227a1310">
            <mixed-citation id="d13269e231" publication-type="other">
Bettman, James R. (1979), An Information Processing Theory of
Consumer Choice, Reading, MA: Addison-Wesley.</mixed-citation>
         </ref>
         <ref id="d13269e241a1310">
            <mixed-citation id="d13269e245" publication-type="other">
Blackwell, Robert D., Paul W. Miniard, and James F. Engel
(2001), Consumer Behavior, Orlando: Harcourt.</mixed-citation>
         </ref>
         <ref id="d13269e255a1310">
            <mixed-citation id="d13269e259" publication-type="other">
Creyer, Elizabeth H., Illias Hrsistodoulakis, and Catherine A.
Cole (2001), "Changing a Drug from Rx to OTC Status:
The Consumer Behavior and Public Policy Implications of
Switch Drugs," Journal of Product and Brand Management,
10(1), 52-64.</mixed-citation>
         </ref>
         <ref id="d13269e278a1310">
            <mixed-citation id="d13269e282" publication-type="other">
Dankmyer, Todd (2003), "Pharmacists: Marketers' Forgotten
Allies," Medical Marketing and Media, 38 (9), 38-44.</mixed-citation>
         </ref>
         <ref id="d13269e292a1310">
            <mixed-citation id="d13269e296" publication-type="other">
Darby, Michael R., and Edi Kami (1973), "Free Competition
and the Optimal Amount of Fraud," Journal of Law and
Economics, 16 (1), 67-86.</mixed-citation>
         </ref>
         <ref id="d13269e309a1310">
            <mixed-citation id="d13269e313" publication-type="other">
Davison, W. Phillips (1983), "The Third-Person Effect in Com-
munication," Public Opinion Quarterly, 47 (1), 1-15.</mixed-citation>
         </ref>
         <ref id="d13269e324a1310">
            <mixed-citation id="d13269e328" publication-type="other">
DeLorme, Denise E., Jisu Huh, and Leonard Reid (2006), "Per-
ceived Effects of Direct-to-Consumer (DTC) Prescription
Drug Advertising on Self and Others " Journal of Advertising,
35 (3), 46-65.</mixed-citation>
         </ref>
         <ref id="d13269e344a1310">
            <mixed-citation id="d13269e350" publication-type="other">
Deshpande, Aparna, Ajit Menon, Matthew Perri III, and George
M. Zinkhan (2004), "Direct-to-Consumer Advertising
and Its Utility in Health Care Decision-Making: A Con-
sumer Perspective," Journal of Health Communication, 9 (6),
499-513.</mixed-citation>
         </ref>
         <ref id="d13269e369a1310">
            <mixed-citation id="d13269e373" publication-type="other">
Devereux, Anne (2001), "Direct-to-Consumer Branding: The
U.S. Perspective," in Brand Medicine, Tom Blackett and
Rebecca Robins, eds., New York: Palgrave, 85-94.</mixed-citation>
         </ref>
         <ref id="d13269e386a1310">
            <mixed-citation id="d13269e390" publication-type="other">
Dobrow, Larry (2004), "Web Becomes Healthier Choice, Con-
sumers Go Online to Get Pharma Info Missing from TV,"
Media Post's Media Daily News (January 22), www.mediapost
.com/PrintFriend.cfm?articleId=235167 (accessed January
26, 2004).</mixed-citation>
         </ref>
         <ref id="d13269e409a1310">
            <mixed-citation id="d13269e413" publication-type="other">
Fox, Susannah, and Deborah Fallows (2003), "Internet Health
Resources," Pew Internet and American Life Project (July
16), www.pewinternet.org/pdfs/PIP_Health_Report_
July_2003.pdf (accessed February 2, 2004).</mixed-citation>
         </ref>
         <ref id="d13269e429a1310">
            <mixed-citation id="d13269e433" publication-type="other">
Freiden, Jon B., and Ronald E. Goldsmith (1989), "Prepurchase
Information Seeking for Professional Services," Journal of
Services Marketing, 3 (1), 45-55.</mixed-citation>
         </ref>
         <ref id="d13269e447a1310">
            <mixed-citation id="d13269e451" publication-type="other">
Gareau, Paul (2000), "The Impact of Direct-to-Consumer Ad-
vertising of Prescription Medicine on the Consumer's Inten-
tion to Perform External Search," M.S. thesis, University
of Guelph.</mixed-citation>
         </ref>
         <ref id="d13269e467a1310">
            <mixed-citation id="d13269e471" publication-type="other">
Gonul, Fusun F., Franklin Carter, Elina Petrova, and Kannan
Srinivasan (2001), "Promotion of Prescription Drugs and Its
Impact on Physicians' Choice Behavior," Journal of Market-
ing, 65 (3), 79-90.</mixed-citation>
         </ref>
         <ref id="d13269e487a1310">
            <mixed-citation id="d13269e491" publication-type="other">
Gore, Prasanna, Suresh Madhavan, Gordon McClung, and David
Riley (1994), "Consumers' Involvement in Nonprescrip-
tion Medicine Purchase Decisions," Journal of Health Care
Marketing, 14 (2), 16-22.</mixed-citation>
         </ref>
         <ref id="d13269e507a1310">
            <mixed-citation id="d13269e511" publication-type="other">
Gunther, Albert C., and Esther Thorson (1992), "Perceived Per-
suasive Effects of Product Commercials and Public Service
Announcements: Third-Person Effects in New Domains,"
Communication Research, 19 (5), 574-596.</mixed-citation>
         </ref>
         <ref id="d13269e527a1310">
            <mixed-citation id="d13269e531" publication-type="other">
Hair, Joseph F, Rolph E. Anderson, Ronald L. Tatham, and Wil-
liam C. Black (1998), Multivariate Data Analysis, 5th ed.,
Upper Saddle River, NJ: Prentice-Hall.</mixed-citation>
         </ref>
         <ref id="d13269e544a1310">
            <mixed-citation id="d13269e548" publication-type="other">
Ho, Foo Nin, Jeanne D. Mursch, Beng Soo Ong, and Bill Pert-
tula (1997), "Consumer Satisfaction with OTC Drugs: An
Analysis Using the Confirmation/Disconfirmation Model,"
Health Marketing Quarterly, 15 (1), 103-117.</mixed-citation>
         </ref>
         <ref id="d13269e565a1310">
            <mixed-citation id="d13269e569" publication-type="other">
Hollenbeak, Christopher S. (1999), "The Effect of Generic Com-
petition on Prescription to Over-the-Counter Switching,"
Pharmacoeconomics, 16 (6), 661-668.</mixed-citation>
         </ref>
         <ref id="d13269e582a1310">
            <mixed-citation id="d13269e586" publication-type="other">
Hughes, L., C. Whittlesea, and D. Luscombe (2002), "Patients'
Knowledge and Perceptions of the Side-Effects of OTC
Medication," Journal of Clinical Pharmacy and Therapeutics,
27 (4), 243-248.</mixed-citation>
         </ref>
         <ref id="d13269e602a1310">
            <mixed-citation id="d13269e606" publication-type="other">
Huh, Jisu, Denise E. DeLorme, and Leonard N. Reid (2004a),
"The Information Utility of DTC Prescription Drug Ad-
vertising, "Journalism and Mass Communication Quarterly, 81
(4), 788-806.</mixed-citation>
         </ref>
         <ref id="d13269e622a1310">
            <mixed-citation id="d13269e626" publication-type="other">
—, —, and — (2004b), "The Third-Person Ef-
fect and Its Influence on Behavioral Outcomes in a Product
Advertising Context: The Case of Direct-to-Consumer
Prescription Drug Advertising," Communication Research,
31(5), 568-599.</mixed-citation>
         </ref>
         <ref id="d13269e645a1310">
            <mixed-citation id="d13269e649" publication-type="other">
Jacoby, Jacob, Robert W. Chestnut, and William A. Fisher (1978),
"A Behavioral Process Approach to Information Acquisition
in Nondurable Purchasing," Journal of Marketing Research,
15 (November), 532-544.</mixed-citation>
         </ref>
         <ref id="d13269e665a1310">
            <mixed-citation id="d13269e669" publication-type="other">
King, Karen Whitehill, and James E. Haefner (1988), "An Inves-
tigation of the External Physician Search Process, "Journal
of Health Care Marketing, 8 (2), 4-13.</mixed-citation>
         </ref>
         <ref id="d13269e683a1310">
            <mixed-citation id="d13269e687" publication-type="other">
Klein, Lisa R. (1998), "Evaluating the Potential of Interactive
Media Through a New Lens: Search Versus Experience
Goods, " Journal of Business Research, 41 (3), 195-203.</mixed-citation>
         </ref>
         <ref id="d13269e700a1310">
            <mixed-citation id="d13269e704" publication-type="other">
—, and Gary T. Ford (2003), "Consumer Search for Informa-
tion in the Digital Age: An Empirical Study of Prepurchase
Search for Automobiles," Journal of Interactive Marketing,
17 (3), 29-49.</mixed-citation>
         </ref>
         <ref id="d13269e720a1310">
            <mixed-citation id="d13269e724" publication-type="other">
Klippel, R. Eugene, and Timothy W. Sweeny (1974), "The Use of
Information Sources by the Aged Consumer," Gerontologist,
14 (April), 163-166.</mixed-citation>
         </ref>
         <ref id="d13269e737a1310">
            <mixed-citation id="d13269e741" publication-type="other">
Kopp, Steve W., and Hae-Kyong Bang (2000), "Benefit and Risk
Information in Prescription Drug Advertising: Review of
Empirical Studies and Marketing Implications," Health
Marketing Quarterly, 17 (3), 39-56.</mixed-citation>
         </ref>
         <ref id="d13269e757a1310">
            <mixed-citation id="d13269e761" publication-type="other">
Lee, Hanjoon, Paul M. Herr, Frank R. Kardes, and Chankon Kim
(1999), "Motivated Search: Effects of Choice Accountability,
Issue Involvement, and Prior Knowledge on Information
Acquisition and Use," Journal of Business Research, 45 (1),
75-88.</mixed-citation>
         </ref>
         <ref id="d13269e780a1310">
            <mixed-citation id="d13269e784" publication-type="other">
Lee, Jinkook, and Jeanne M. Hogarth (2000), "Relationships
Among Information Search Activities When Shopping
for a Credit Card," Journal of Consumer Affairs, 34 (2),
330-360.</mixed-citation>
         </ref>
         <ref id="d13269e801a1310">
            <mixed-citation id="d13269e805" publication-type="other">
Lumpkin, James R., and Troy A. Festervand (1987), "Purchase
Information Sources of the Elderly," Journal of Advertising
Research, 27 (6), 31-43.</mixed-citation>
         </ref>
         <ref id="d13269e818a1310">
            <mixed-citation id="d13269e822" publication-type="other">
Lyon, Gary (2001), "The Rx to OTC Switch: Creating the Climate
for Change," in Brand Medicine, Tom Blackett and Rebecca
Robins, eds., New York: Palgrave, 47-59.</mixed-citation>
         </ref>
         <ref id="d13269e835a1310">
            <mixed-citation id="d13269e839" publication-type="other">
Moorthy, Sridhar, Brian T. Ratchford, and Debabrata Talukdar
(1997), "Consumer Information Search Revisited: Theory
and Empirical Analysis," Journal of Consumer Research, 23
(4), 263-277.</mixed-citation>
         </ref>
         <ref id="d13269e855a1310">
            <mixed-citation id="d13269e859" publication-type="other">
Morris, Louis A., Ruth Grossman, Gerald Barkdoll, Evelyn
Gordon, and Misoon Y Chun (1987), "Information Search
Activities Among Elderly Prescription Drug Users,"Journal
of Health Care Marketing, 7 (4), 5-15.</mixed-citation>
         </ref>
         <ref id="d13269e875a1310">
            <mixed-citation id="d13269e879" publication-type="other">
—, Karen Lechter, Michael Weintraub, and Debra Bowen
(1998), "Comprehension Testing for OTC Drug Labels: Goals,
Methods, Target Population, and Testing Environment,"
Journal of Public Policy and Marketing, 17 (1), 86-96.</mixed-citation>
         </ref>
         <ref id="d13269e895a1310">
            <mixed-citation id="d13269e899" publication-type="other">
—, Ellen R. Tabak, and Nancy J. Olins (1992), "A Segmen-
tation Analysis of Prescription Drug Information-Seeking
Motives Among the Elderly," Journal of Public Policy and
Marketing, 11 (2), 115-125.</mixed-citation>
         </ref>
         <ref id="d13269e916a1310">
            <mixed-citation id="d13269e920" publication-type="other">
NDMA (Nonprescription Drug Manufacturers Association)
(1992), S elf-Medication in the '90s: Practice and Perceptions
(#MP992-10M), Washington, DC.</mixed-citation>
         </ref>
         <ref id="d13269e933a1310">
            <mixed-citation id="d13269e937" publication-type="other">
Nelson, Philip J. (1970), "Information and Consumer Behavior,"
Journal of Political Economy, 78 (2), 311-329.</mixed-citation>
         </ref>
         <ref id="d13269e947a1310">
            <mixed-citation id="d13269e951" publication-type="other">
— (1974), "Advertising as Information," Journal of Political
Economy, 82 (4), 729-754.</mixed-citation>
         </ref>
         <ref id="d13269e961a1310">
            <mixed-citation id="d13269e965" publication-type="other">
Newman, Joseph W. (1977), "Consumer External Search: Amount
and Determinants," in Consumer and Industrial Buying Be-
havior, Arch G. Woodside, Jagdish N. Sheth, and Peter D.
Bennett, eds., New York: North-Holland, 79-94.</mixed-citation>
         </ref>
         <ref id="d13269e981a1310">
            <mixed-citation id="d13269e985" publication-type="other">
NIHCM Foundation (National Institute for Health Care Manage-
ment Research and Educational Foundation) (2002), Prescrip-
tion Drug Expenditures in 2001: Another Year of Escalating Costs:
A Report by NIHCM Foundation, Washington, DC.</mixed-citation>
         </ref>
         <ref id="d13269e1001a1310">
            <mixed-citation id="d13269e1005" publication-type="other">
Palumbo, Francis B., and C. Daniel Mullins (2002), "The Develop-
ment of Direct-to-Consumer Prescription Drug Advertising
Regulation," Food and Drug Law Journal, 57 (3), 423-443.</mixed-citation>
         </ref>
         <ref id="d13269e1019a1310">
            <mixed-citation id="d13269e1023" publication-type="other">
Pedraja, Marta, and Jesus Yague (2001), "What Information
Do Customers Use When Choosing a Restaurant?" Inter-
national Journal of Contemporary Hospitality Management, 13
(6), 316-318.</mixed-citation>
         </ref>
         <ref id="d13269e1039a1310">
            <mixed-citation id="d13269e1043" publication-type="other">
Peter, J. Paul, and Jerry C. Olson (1999), Consumer Behavior and
Marketing Strategy, 5th ed., Boston: McGraw-Hill.</mixed-citation>
         </ref>
         <ref id="d13269e1053a1310">
            <mixed-citation id="d13269e1057" publication-type="other">
Peyrot, Mark, Neil M. Alperstein, Doris Van Doren, and Laurence
G. Poli (1998), "Direct-to-Consumer Can Influence Behav-
ior," Marketing Health Services, 18 (2), 27-32.</mixed-citation>
         </ref>
         <ref id="d13269e1070a1310">
            <mixed-citation id="d13269e1074" publication-type="other">
Reisenwitz, Timothy H., and G. Joseph Wimbish (1997), "The
Purchase Decision Process and Involvement of the Elderly
Regarding Nonprescription Products," Health Marketing
Quarterly, 15 (4), 49-69.</mixed-citation>
         </ref>
         <ref id="d13269e1090a1310">
            <mixed-citation id="d13269e1094" publication-type="other">
Researchandmarkets.com (2007), www.researchandmarkets.com/
reports/363616/world_pharmaceutical_market_2007.htm
(accessed January 7, 2009).</mixed-citation>
         </ref>
         <ref id="d13269e1107a1310">
            <mixed-citation id="d13269e1111" publication-type="other">
Rossiter, John R., Larry Percy, and Robert J. Donovan (1991), "A
Better Advertising Planning Grid" Journal of Advertising
Research, 31(5), 11-21.</mixed-citation>
         </ref>
         <ref id="d13269e1125a1310">
            <mixed-citation id="d13269e1129" publication-type="other">
Rothkopf, Carol (2003), "The DTC Information Process," paper
presented at Direct-to-Consumer Promotion: Public Meet-
ing, Center for Drug Evaluation and Research, U.S. Food
and Drug Administration, September 22-23, www.fda
.gov/cder/ddmac/PlRothkopf/index.htm (accessed February
7, 2004).</mixed-citation>
         </ref>
         <ref id="d13269e1152a1310">
            <mixed-citation id="d13269e1156" publication-type="other">
Sansgiry, Shubhada, William T Sharp, and Sujit S. Sansgiry
(1999), "Accuracy of Information on Printed Over-the-
Counter Drug Advertisements," Health Marketing Quarterly,
17 (2), 7-18.</mixed-citation>
         </ref>
         <ref id="d13269e1172a1310">
            <mixed-citation id="d13269e1176" publication-type="other">
Sansgiry, Sujit S., Paul S. Cady, and Shubhada Sansgiry (2001),
"Consumer Involvement: Effect of Information Processing
from Over-the-Counter Medication Labels," Health Marketing
Quarterly, 19(1), 61-78.</mixed-citation>
         </ref>
         <ref id="d13269e1192a1310">
            <mixed-citation id="d13269e1196" publication-type="other">
Schultz, Don E., and Beth E. Barnes (1999), Strategic Brand
Communications Campaigns, Lincolnwood, IL: NTC Business
Books.</mixed-citation>
         </ref>
         <ref id="d13269e1209a1310">
            <mixed-citation id="d13269e1213" publication-type="other">
Siecker, Bruce (2002), "Principles of Place, Channel Systems, and
Channel Specialists," in Pharmaceutical Marketing: Principles,
Environment, and Practice, Mickey C. Smith, E. M. "Mick"
Kolassa, Greg Perkins, and Bruce Siecker, eds., Binghamton,
NY: Pharmaceutical Products Press, 219-237.</mixed-citation>
         </ref>
         <ref id="d13269e1232a1310">
            <mixed-citation id="d13269e1236" publication-type="other">
Srinivasan, Narasimhan, and Brian T Ratchford (1991), "An Em-
pirical Test of a Model of External Search for Automobiles,"
Journal of Consumer Research, 18 (2), 233-242.</mixed-citation>
         </ref>
         <ref id="d13269e1250a1310">
            <mixed-citation id="d13269e1254" publication-type="other">
Stephens, Eric C., and Mitzi M. S. Johnson (2000), "Dr. Mom
and Other Influences on Younger and Older Adults' OTC
Medication Purchases," Journal of Applied Gerontology, 19 (4),
441-459.</mixed-citation>
         </ref>
         <ref id="d13269e1270a1310">
            <mixed-citation id="d13269e1274" publication-type="other">
Stigler, George J. (1961), "The Economics of Information," Jour-
nal of Political Economy, 69 (3), 213-225.</mixed-citation>
         </ref>
         <ref id="d13269e1284a1310">
            <mixed-citation id="d13269e1288" publication-type="other">
Strutton, H. David, and James R. Lumpkin (1992), "Information
Sources Used by Elderly Health Care Product Adopters,"
Journal of Advertising Research, 32 (4), 20-30.</mixed-citation>
         </ref>
         <ref id="d13269e1301a1310">
            <mixed-citation id="d13269e1305" publication-type="other">
—, and — (1993a), "Elderly Consumers' Characteriza-
tion of Medication Information Sources,"Journal of Current
Issues and Research in Advertising, 15 (1), 101-111.</mixed-citation>
         </ref>
         <ref id="d13269e1318a1310">
            <mixed-citation id="d13269e1322" publication-type="other">
—, and — (1993b), "The Influence of Determinant
Product Attributes on the Elderly's Information Search for
Health Care Innovations," Journal of Marketing Theory and
Practice, 2 (Fall), 122-138.</mixed-citation>
         </ref>
         <ref id="d13269e1338a1310">
            <mixed-citation id="d13269e1342" publication-type="other">
Teas, R. Kenneth, and Terry H. Grapentine (1996), "Demystify-
ing Brand Equity: Framework Guides Research on the Role
Brands Play in Purchase Decisions," Marketing Research,
8 (2), 25-29.</mixed-citation>
         </ref>
         <ref id="d13269e1359a1310">
            <mixed-citation id="d13269e1363" publication-type="other">
United States GAO (Government Accountability Office) (2006),
"Prescription Drugs: Improvements Needed in FDA's Over-
sight of Direct-to-Consumer Advertising," www.gao.gov/
new.items/d0754.pdf (accessed January 8, 2009).</mixed-citation>
         </ref>
         <ref id="d13269e1379a1310">
            <mixed-citation id="d13269e1383" publication-type="other">
Vaughn, Richard (1980), "How Advertising Works: A Planning
Model," Journal of Advertising Research, 20 (5), 27-33.</mixed-citation>
         </ref>
         <ref id="d13269e1393a1310">
            <mixed-citation id="d13269e1397" publication-type="other">
— (1986), "How Advertising Works: A Planning Model
Revisited," Journal of Advertising Research, 26(1), 57-66.</mixed-citation>
         </ref>
         <ref id="d13269e1407a1310">
            <mixed-citation id="d13269e1411" publication-type="other">
Wellner, Alison Stein (2000), Best of Health, 2nd ed., Ithaca, NY:
New Strategist.</mixed-citation>
         </ref>
         <ref id="d13269e1421a1310">
            <mixed-citation id="d13269e1425" publication-type="other">
Williams, James R., and Paul J. Hensel (1995), "Direct-to-
Consumer Advertising of Prescription Drugs," Journal of
Health Care Marketing, 15 (1), 35-41.</mixed-citation>
         </ref>
         <ref id="d13269e1438a1310">
            <mixed-citation id="d13269e1442" publication-type="other">
Wogalter, Michael S., and William J. Vigilante, Jr. (2003),
"Effects of Label Format on Knowledge Acquisition and
Perceived Readability by Younger and Older Adults," Er-
gonomics, 46 (4), 327-344.</mixed-citation>
         </ref>
      </ref-list>
   </back>
</article>
