<article dtd-version="1.0" article-type="research-article">
   <front>
      <journal-meta>
         <journal-id xmlns:xlink="http://www.w3.org/1999/xlink" journal-id-type="jstor">jadve</journal-id>
         <journal-id xmlns:xlink="http://www.w3.org/1999/xlink" journal-id-type="jstor">j101355</journal-id>
         <journal-title-group xmlns:xlink="http://www.w3.org/1999/xlink">
            <journal-title>Journal of Advertising</journal-title>
         </journal-title-group>
         <publisher>
            <publisher-name>M. E. Sharpe, Inc.</publisher-name>
         </publisher>
         <issn xmlns:xlink="http://www.w3.org/1999/xlink" pub-type="ppub">00913367</issn>
         <issn xmlns:xlink="http://www.w3.org/1999/xlink" pub-type="epub">15577805</issn>
      </journal-meta>
      <article-meta>
         <article-id xmlns:xlink="http://www.w3.org/1999/xlink" pub-id-type="jstor">20460799</article-id>
         <article-id pub-id-type="pub-doi">10.2753/JOA0091-3367360307</article-id>
         <title-group>
            <article-title>Identification Effects on Advertising Response: The Moderating Role of Involvement</article-title>
         </title-group>
         <contrib-group>
            <contrib>
               <string-name xmlns:xlink="http://www.w3.org/1999/xlink">
                  <given-names>Ivonne M.</given-names>
                  <surname>Torres</surname>
               </string-name>
            </contrib>
            <contrib>
               <string-name xmlns:xlink="http://www.w3.org/1999/xlink">
                  <given-names>Elten</given-names>
                  <surname>Briggs</surname>
               </string-name>
            </contrib>
         </contrib-group>
         <pub-date xmlns:xlink="http://www.w3.org/1999/xlink">
            <day>1</day>
            <month>10</month>
            <year>2007</year>
         </pub-date>
         <volume>36</volume>
         <issue>3</issue>
         <issue-id xmlns:xlink="http://www.w3.org/1999/xlink">i20460790</issue-id>
         <fpage>97</fpage>
         <lpage>108</lpage>
         <permissions>
            <copyright-statement>Copyright 2007 American Academy of Advertising</copyright-statement>
         </permissions>
         <self-uri xmlns:xlink="http://www.w3.org/1999/xlink"
                   xlink:href="http://www.jstor.org/stable/20460799"/>
         <abstract>
            <p>This study examines two important variables for advertisers, ethnicity and product involvement. We investigate the effectiveness of Hispanic-targeted advertising by exploring the impact of ad model's ethnicity on attitudes toward high- and low-involvement products. The results of our quasi-experiment suggest that appealing to strong Hispanic identifiers may be highly desirable in terms of creating favorable attitudes when advertising low-involvement products. For high-involvement products, Hispanic-targeted advertising may not be as effective since ethnicity may not be an important cue. Theoretical implications regarding the impact of distinctiveness theory and practical implications for practitioners trying to spend advertising dollars more efficiently are discussed.</p>
         </abstract>
         <custom-meta-group xmlns:xlink="http://www.w3.org/1999/xlink">
            <custom-meta>
               <meta-name>lang</meta-name>
               <meta-value>eng</meta-value>
            </custom-meta>
         </custom-meta-group>
      </article-meta>
   </front>
   <back>
      <ref-list>
         <title>References</title>
         <ref id="d13197e142a1310">
            <mixed-citation id="d13197e146" publication-type="other">
Aaker, Jennifer L. (1999), "The Malleable Self: The Role of Self-
Expression in Persuasion, "Journal of Marketing Research, 36
(February), 45-57.</mixed-citation>
         </ref>
         <ref id="d13197e159a1310">
            <mixed-citation id="d13197e163" publication-type="other">
-, Anne M. Brumbaugh, and Sonya A. Grier (2000),
"Nontarget Markets and View Distinctiveness: The Impact
of Target Marketing on Advertising Attitudes," Journal of
Consumer Psychology, 9(3), 127-140.</mixed-citation>
         </ref>
         <ref id="d13197e179a1310">
            <mixed-citation id="d13197e183" publication-type="other">
Appiah, Osei (2001), "Ethnic Identification on Adolescents'
Evaluations of Advertisements," Journal of Advertising Re-
search, 41 (5), 7-22.</mixed-citation>
         </ref>
         <ref id="d13197e196a1310">
            <mixed-citation id="d13197e200" publication-type="other">
Bhattacharya, C. B., Hayagreeva Rao, and Mary Ann Glynn
(1995), "Understanding the Bond of Identification: An In-
vestigation of Its Correlates Among Art Museum Members,"
Journal of Marketing, 59 (4), 46-57.</mixed-citation>
         </ref>
         <ref id="d13197e217a1310">
            <mixed-citation id="d13197e221" publication-type="other">
Cui, Geng (1997), "Marketing Strategies in a Multi-Ethnic
Environment," Journal of Marketing Theory and Practice, 1
(5), 122-134.</mixed-citation>
         </ref>
         <ref id="d13197e234a1310">
            <mixed-citation id="d13197e238" publication-type="other">
Deshpande, Rohit, Wayne D. Hoyer, and Naveen Donthu (1986),
"The Intensity of Ethnic Affiliation: A Study of Sociology
of Ethnic Consumption," Journal of Consumer Research, 13
(2), 214-220.</mixed-citation>
         </ref>
         <ref id="d13197e254a1310">
            <mixed-citation id="d13197e258" publication-type="other">
-, and Douglas Stayman (1994), "A Tale of Two Cities:
Distinctiveness Theory and Advertising Effectiveness,"
Journal of Marketing Research, 31 (1), 57-64.</mixed-citation>
         </ref>
         <ref id="d13197e271a1310">
            <mixed-citation id="d13197e275" publication-type="other">
Dimofte, Claudiu V, Mark R. Forehand, and Rohit Deshpande
(2004), "Ad Schema Incongruity as Elicitor of Ethnic Self-
Awareness and Differential Advertising Response,"Journal
of Advertising, 32 (4), 7-17.</mixed-citation>
         </ref>
         <ref id="d13197e291a1310">
            <mixed-citation id="d13197e295" publication-type="other">
Elliott, Richard, and Kritsadarat Wattanasuwan (1998), "Brands
as Symbolic Resources for the Construction of Identity,"
International Journal of Advertising, 17 (2), 131-144.</mixed-citation>
         </ref>
         <ref id="d13197e308a1310">
            <mixed-citation id="d13197e312" publication-type="other">
Erdogan B. Zater, Michael J. Baker, and Stephen Tagg (2001),
"Selecting Celebrity Endorsers: The Practitioner's Perspec-
tive," Journal of Advertising Research, 41 (3), 39-48.</mixed-citation>
         </ref>
         <ref id="d13197e326a1310">
            <mixed-citation id="d13197e330" publication-type="other">
Forehand, Mark R., and Rohit Deshpande (2001), "What We See
Makes Us Who We Are: Priming Ethnic Self-Awareness
and Advertising Response," Journal of Marketing Research,
38 (3), 336-348.</mixed-citation>
         </ref>
         <ref id="d13197e346a1310">
            <mixed-citation id="d13197e350" publication-type="other">
-,-, and Americus Reed II (2002), "Identity Salience
and the Influence of Differential Activation of the Social
Self-Schema on Advertising Response," Journal of Applied
Psychology, 87 (6), 1086-1099-</mixed-citation>
         </ref>
         <ref id="d13197e366a1310">
            <mixed-citation id="d13197e370" publication-type="other">
Gill, Richard T., Nathan Glazer, and Stephan A. Thernstrom
(1992), Our Changing Population, Englewood Cliffs, NJ:
Prentice Hall.</mixed-citation>
         </ref>
         <ref id="d13197e383a1310">
            <mixed-citation id="d13197e387" publication-type="other">
Green, Corliss L. (1999), "Ethnic Evaluations of Advertising: In-
teraction Effects of Strength of Ethnic Identification, Media
Placement, and Degree of Racial Composition," Journal of
Advertising, 28 (1), 49-64.</mixed-citation>
         </ref>
         <ref id="d13197e403a1310">
            <mixed-citation id="d13197e407" publication-type="other">
Grier, Sonya A., and Anne M. Brumbaugh (1999), "Noticing Cul-
tural Differences: Ad Meanings Created by Target and Non-
Target Markets," Journal of Advertising, 28 (1), 79-93.</mixed-citation>
         </ref>
         <ref id="d13197e420a1310">
            <mixed-citation id="d13197e424" publication-type="other">
-, and Rohit Deshpande (2001), "Social Dimensions of
Consumer Distinctiveness: The Influence of Social Status
of Group Identity and Advertising Persuasion," Journal of
Marketing Research, 38 (2), 216-224.</mixed-citation>
         </ref>
         <ref id="d13197e441a1310">
            <mixed-citation id="d13197e445" publication-type="other">
Hispanic Business Inc. (2005), "Ethnic," Marketing News, 39
(12), 23.</mixed-citation>
         </ref>
         <ref id="d13197e455a1310">
            <mixed-citation id="d13197e459" publication-type="other">
Huntington, Samuel P. (2004), "The Hispanic Challenge," Foreign
Policy, 141 (2), 30-45.</mixed-citation>
         </ref>
         <ref id="d13197e469a1310">
            <mixed-citation id="d13197e473" publication-type="other">
Koslow, Scott, Prem N. Shamdasani, and Ellen E. Touchstone
(1994), "Exploring Language Effects in Ethnic Advertising:
A Sociolinguistic Perspective," Journal of Consumer Research,
20(4), 575-585.</mixed-citation>
         </ref>
         <ref id="d13197e489a1310">
            <mixed-citation id="d13197e493" publication-type="other">
Lee, Christina Kwai-Choi, Nalini Fernandez, and Brett A. S.
Martin (2002), "Using Self-Referencing to Explain the
Effectiveness of Ethnic Minority Models in Advertising,"
International Journal of Advertising, 21 (3), 367-379.</mixed-citation>
         </ref>
         <ref id="d13197e509a1310">
            <mixed-citation id="d13197e513" publication-type="other">
Maldonado, Rachel, Patriya Tansuhaj, and Darrel D. Muehling
(2003), "The Impact of Gender on Ad Processing: A Social
Identity Perspective," Academy of Marketing Science Review,
1-6, available at www.amsreview.org/articles/maldonado03-
2003.pdf (accessed June 26, 2007).</mixed-citation>
         </ref>
         <ref id="d13197e532a1310">
            <mixed-citation id="d13197e536" publication-type="other">
Martin, Brett A. S., Christina Kwai-Choi Lee, and Feng Yang
(2004), "The Influence of Ad Model Ethnicity and Self-
Referencing on Attitudes," Journal of Advertising, 33 (4),
27-37.</mixed-citation>
         </ref>
         <ref id="d13197e553a1310">
            <mixed-citation id="d13197e557" publication-type="other">
McGuire, William (1984), "Search for the Self: Going Beyond
Self-Esteem and the Reactive Self," in Personality and the
Prediction of Behavior, Robert A. Zucker, Joel Aronoff, and
A. I. Rabin, eds., New York: Academic Press, 73-120.</mixed-citation>
         </ref>
         <ref id="d13197e573a1310">
            <mixed-citation id="d13197e577" publication-type="other">
-, Claire V McGuire, and Ward Winton (1979), "Effects of
Household Sex Composition on the Salience of One's Gender
in the Spontaneous Self-Concept," Journal of Experimental
Social Psychology, 15 (1), 77-90.</mixed-citation>
         </ref>
         <ref id="d13197e593a1310">
            <mixed-citation id="d13197e597" publication-type="other">
Petty, Richard E., and John T Cacioppo (1986a), Communica-
tion and Persuasion: Central and Peripheral Routes to Attitude
Change, New York: Springer-Verlag, 123-205.</mixed-citation>
         </ref>
         <ref id="d13197e610a1310">
            <mixed-citation id="d13197e614" publication-type="other">
-, and-(1986b), "Elaboration Likelihood Model
of Persuasion," in Advances in Experimental Social Psychology,
L. Berkowitz, ed., New York: Academic, 140-143.</mixed-citation>
         </ref>
         <ref id="d13197e627a1310">
            <mixed-citation id="d13197e631" publication-type="other">
Phinney, Jean S. (1992), "The Multigroup Ethnic Identification
Measure: A New Scale for Use with Diverse Groups,"Journal
of Adolescent Research, 1 (February), 156-176.</mixed-citation>
         </ref>
         <ref id="d13197e644a1310">
            <mixed-citation id="d13197e648" publication-type="other">
Pires, Guilherme, John Stanton, and Bruce Cheek (2003), "Iden-
tifying and Reaching an Ethnic Market: Methodological
Issues," Qualitative Market Research, 6 (4), 224-235.</mixed-citation>
         </ref>
         <ref id="d13197e662a1310">
            <mixed-citation id="d13197e666" publication-type="other">
Pitts, Robert E., Joel D. Whalen, Robert O'Keefe, and Vernon
Murray (1989), "Black and White Response to Cultur-
ally Targeted Television Commercials: A Value-Based Ap-
proach," Psychology and Marketing, 6 (4), 311-328.</mixed-citation>
         </ref>
         <ref id="d13197e682a1310">
            <mixed-citation id="d13197e686" publication-type="other">
Ratchford, Brian T (1987), "New Insights About the FCB Grid,"
Journal of Advertising Research, 27 (4), 24-38.</mixed-citation>
         </ref>
         <ref id="d13197e696a1310">
            <mixed-citation id="d13197e700" publication-type="other">
Seitz, Victoria (1998), "Acculturation and Direct Purchasing
Behavior Among Ethnic Groups in the U.S.: Implications
for Business Practitioners," Journal of Consumer Marketing,
15(1), 23-31.</mixed-citation>
         </ref>
         <ref id="d13197e716a1310">
            <mixed-citation id="d13197e722" publication-type="other">
Smith, Eliot R. (2000), "Research Design," in Handbook of Research
Methods in Social and Personality Psychology, Harry T Reis and
Charles M. Judd, eds., New York: Cambridge University
Press, 17-39.</mixed-citation>
         </ref>
         <ref id="d13197e738a1310">
            <mixed-citation id="d13197e742" publication-type="other">
Swanson, Scott R., and Scott W. Kelley (2001), "Journal of Mar-
keting Theory and Practice, 9 (4), 50-58.</mixed-citation>
         </ref>
         <ref id="d13197e752a1310">
            <mixed-citation id="d13197e756" publication-type="other">
U.S. Census Bureau (2005), "Resident Population Estimates of
the United States by Race and Hispanic or Latino Origin,"
www.census.gov/popest/archives/2000s/vintage_2001/
US-2001EST-ASRO-04.html (June 26, 2007).</mixed-citation>
         </ref>
         <ref id="d13197e773a1310">
            <mixed-citation id="d13197e777" publication-type="other">
Valdes, Samuel (2002), "Missed Opportunities: Vast Corporate
Underspending in the U.S. Hispanic Market," Washington,
DC: Association of Hispanic Advertising Agencies.</mixed-citation>
         </ref>
         <ref id="d13197e790a1310">
            <mixed-citation id="d13197e794" publication-type="other">
Webster, Cynthia (1990), "Reaching the Burgeoning Hispanic
Market," Business Forum, 15 (2), 18-23.</mixed-citation>
         </ref>
         <ref id="d13197e804a1310">
            <mixed-citation id="d13197e808" publication-type="other">
-(1992), "The Effects of Hispanic Subcultural Identifica-
tion on Information Search Behavior," Journal of Advertising
Research, 32 (5), 54-62.</mixed-citation>
         </ref>
         <ref id="d13197e821a1310">
            <mixed-citation id="d13197e825" publication-type="other">
Whittler, Tommy E. (1989), "Viewers' Processing of Actor's Race
and Message Claims in Advertising Stimuli," Psychology and
Marketing, 6 (4), 287-309.</mixed-citation>
         </ref>
         <ref id="d13197e838a1310">
            <mixed-citation id="d13197e842" publication-type="other">
Williams, Jerome D., and William J. Quails (1989), "Middle-
Class Black Consumers and Intensity of Ethnic Identifica-
tion," Psychology and Marketing, 6 (4), 263-286.</mixed-citation>
         </ref>
         <ref id="d13197e855a1310">
            <mixed-citation id="d13197e859" publication-type="other">
Wooten, David B. (1995), "One-of-a-Kind in a Full House:
Some Consequences of Ethnic and Gender Distinctiveness,"
Journal of Consumer Psychology, 4 (3), 205-224.</mixed-citation>
         </ref>
         <ref id="d13197e873a1310">
            <mixed-citation id="d13197e877" publication-type="other">
Zaichkowsky, Judy Lynne (1985), "Measuring the Involvement
Construct," Journal of Consumer Research, 12 (December),
341-352.</mixed-citation>
         </ref>
      </ref-list>
   </back>
</article>
