<article dtd-version="1.0" article-type="research-article">
   <front>
      <journal-meta>
         <journal-id xmlns:xlink="http://www.w3.org/1999/xlink" journal-id-type="jstor">jadve</journal-id>
         <journal-id xmlns:xlink="http://www.w3.org/1999/xlink" journal-id-type="jstor">j101355</journal-id>
         <journal-title-group xmlns:xlink="http://www.w3.org/1999/xlink">
            <journal-title>Journal of Advertising</journal-title>
         </journal-title-group>
         <publisher>
            <publisher-name>M. E. Sharpe, Inc.</publisher-name>
         </publisher>
         <issn xmlns:xlink="http://www.w3.org/1999/xlink" pub-type="ppub">00913367</issn>
         <issn xmlns:xlink="http://www.w3.org/1999/xlink" pub-type="epub">15577805</issn>
      </journal-meta>
      <article-meta>
         <article-id xmlns:xlink="http://www.w3.org/1999/xlink" pub-id-type="jstor">20460802</article-id>
         <article-id pub-id-type="pub-doi">10.2753/JOA0091-3367360310</article-id>
         <title-group>
            <article-title>Direct-to-Consumer (DTC) Branded Drug Web Sites: Risk Presentation and Implications for Public Policy</article-title>
         </title-group>
         <contrib-group>
            <contrib>
               <string-name xmlns:xlink="http://www.w3.org/1999/xlink">
                  <given-names>Kim Bartel</given-names>
                  <surname>Sheehan</surname>
               </string-name>
            </contrib>
         </contrib-group>
         <pub-date xmlns:xlink="http://www.w3.org/1999/xlink">
            <day>1</day>
            <month>10</month>
            <year>2007</year>
         </pub-date>
         <volume>36</volume>
         <issue>3</issue>
         <issue-id xmlns:xlink="http://www.w3.org/1999/xlink">i20460790</issue-id>
         <fpage>123</fpage>
         <lpage>135</lpage>
         <permissions>
            <copyright-statement>Copyright 2007 American Academy of Advertising</copyright-statement>
         </permissions>
         <self-uri xmlns:xlink="http://www.w3.org/1999/xlink"
                   xlink:href="http://www.jstor.org/stable/20460802"/>
         <abstract>
            <p>Direct-to-consumer (DTC) branded drug Web sites inform consumers of certain specific facts, including risk information, about drugs. Prominently displayed risk disclosures can reduce the potentially misleading aspects of advertising information and encourage a deeper level of consumer processing. Although previous studies of DTC Web sites have examined the presence and absence of risk information, no research to date has evaluated the placement of risk information relative to benefit information on DTC Web sites or whether risk information is presented consistently in the DTC category. Bettman, Payne, and Staelin (1986) suggested that "the same information presented in different formats can result in different decisions" (p. 2). Schema theory can guide Web site development, as it suggests that consistency of information presentation in an on-line environment can help consumers maximize their ability to utilize information at the site. In addition, current regulatory practices (Food and Drug Administration [FDA] guidelines for fair balance in DTC ads, the Federal Trade Commission [FTC] "clear and conspicuous" standards for television and Web site disclaimers) suggest that consistency in information presentation can also help consumers comprehend information. This study, then, examines whether risk information presentation is consistent across DTC Web sites, and serves as a first step in the process of understanding what guidance might be necessary at DTC Web sites.</p>
         </abstract>
         <custom-meta-group xmlns:xlink="http://www.w3.org/1999/xlink">
            <custom-meta>
               <meta-name>lang</meta-name>
               <meta-value>eng</meta-value>
            </custom-meta>
         </custom-meta-group>
      </article-meta>
   </front>
   <back>
      <ref-list>
         <title>References</title>
         <ref id="d13145e119a1310">
            <mixed-citation id="d13145e123" publication-type="other">
Anderson, James C. (2004), "Consumers of E-Health," Social
Science Computer Review, 22 (2), 242—248.</mixed-citation>
         </ref>
         <ref id="d13145e133a1310">
            <mixed-citation id="d13145e137" publication-type="other">
Andrews, J. Craig, Richard G. Netemeyer, and Scot Burton
(1998), "Consumer Generalization of Nutrient Content
Claims in Advertising, "Journal of Marketing, 62 (4), (Oc-
tober), 62-75.</mixed-citation>
         </ref>
         <ref id="d13145e153a1310">
            <mixed-citation id="d13145e157" publication-type="other">
Barlett, Donald L., James B. Steele, Laura Karmatz, Barbara
Kiviat, and Joan Levinstein (2004), "Why We Pay So Much
for Drugs," Time (February 2), 163.</mixed-citation>
         </ref>
         <ref id="d13145e170a1310">
            <mixed-citation id="d13145e174" publication-type="other">
Bell, Robert A., Richard L. Kravitz, and Michael S. Wilkes
(2000), "Direct-to-Consumer Prescription Drug Advertis-
ing, 1989-1998: A Content Analysis of Conditions, Targets,
Inducements, and Appeals," Journal of Family Practice, 49
(4), 329-335.</mixed-citation>
         </ref>
         <ref id="d13145e194a1310">
            <mixed-citation id="d13145e198" publication-type="other">
Berkowitz, Lyle, Mary D. Capizzi, Jennifer Breuer, and Joanne
Szuminski (2002), "Effective DTC Product Web Sites Must
Synthesize Advertising and Labeling Requirements," Phar-
maceutical Executive, 21 (4), 124-128.</mixed-citation>
         </ref>
         <ref id="d13145e214a1310">
            <mixed-citation id="d13145e218" publication-type="other">
Bettman, James R., John W. Payne, and Richard Staelin (1986),
"Cognitive Considerations in Designing Effective Labels for
Presenting Risk Information," Journal of Public Policy and
Marketing, 5 (1), 1-28.</mixed-citation>
         </ref>
         <ref id="d13145e234a1310">
            <mixed-citation id="d13145e238" publication-type="other">
Brannon, Leah (1999), "Regulating Drug Promotion on the
Internet," Food and Drug Law Journal, 54, 599-621.</mixed-citation>
         </ref>
         <ref id="d13145e248a1310">
            <mixed-citation id="d13145e252" publication-type="other">
Calfee, John E. (2002), "Public Policy Issues in Direct-to-Con-
sumer Advertising of Prescription Drugs" Journal of Public
Policy and Marketing, 21 (2), 174-193.</mixed-citation>
         </ref>
         <ref id="d13145e265a1310">
            <mixed-citation id="d13145e269" publication-type="other">
Drummy, W. (2002), "A Fine Line," available at www.pharmexec.
com (accessed July 17, 2003).</mixed-citation>
         </ref>
         <ref id="d13145e279a1310">
            <mixed-citation id="d13145e283" publication-type="other">
Entman, R. (1993), "Framing: Toward Clarification of a Fractured
Paradigm," Journal of Communication, 49 (1), 103-122.</mixed-citation>
         </ref>
         <ref id="d13145e294a1310">
            <mixed-citation id="d13145e298" publication-type="other">
Federal Food, Drug, and Cosmetic Act (FFDCA) (2004a), Part
202: Prescription Drug Advertising (21 CFR 202.1(e)
(7)(viii)).</mixed-citation>
         </ref>
         <ref id="d13145e311a1310">
            <mixed-citation id="d13145e315" publication-type="other">
—(2004b), Part 201: Definitions (21 CFR) 201 (n).</mixed-citation>
         </ref>
         <ref id="d13145e322a1310">
            <mixed-citation id="d13145e326" publication-type="other">
Federal Trade Commission (FTC) (2000), "Facts for Businesses:
Dot Com Disclosures," available at www.ftc.gov/bcp/
conline/pubs/buspubs/dotcom/ (accessed June 24, 2007).</mixed-citation>
         </ref>
         <ref id="d13145e339a1310">
            <mixed-citation id="d13145e343" publication-type="other">
Food and Drug Administration (FDA) (2004), "Guidance for
Industry: Brief Summary: Disclosing Risk Information in
Consumer-Directed Print Advertisements," available at
www.fda.gov/cder/guidance/5669dft.pdf (accessed January
15, 2006).</mixed-citation>
         </ref>
         <ref id="d13145e362a1310">
            <mixed-citation id="d13145e366" publication-type="other">
—(2005a), Warning Letter to Calcitrol, available at
www.fda.gov/cder/warn/warn2005.htm (accessed May 18,
2006).</mixed-citation>
         </ref>
         <ref id="d13145e379a1310">
            <mixed-citation id="d13145e383" publication-type="other">
—(2005b), Warning Letter to Quadramet, available at
www.fda.gov/cder/warn/warn2005.htm (accessed May 18,
2006).</mixed-citation>
         </ref>
         <ref id="d13145e397a1310">
            <mixed-citation id="d13145e401" publication-type="other">
—(2005c), Warning Letter to VisionBlue, available at www
.fda.gov/cder/warn/warn2005.htm (accessed May 18,
2006).</mixed-citation>
         </ref>
         <ref id="d13145e414a1310">
            <mixed-citation id="d13145e418" publication-type="other">
—(2005d), Warning Letter to Cipro, available at www.fda
.gov/cder/warn/warn2005.htm (accessed May 18, 2006).</mixed-citation>
         </ref>
         <ref id="d13145e428a1310">
            <mixed-citation id="d13145e432" publication-type="other">
—(2005e), Warning Letter to Tracleer, available at www.fda
.gov/cder/warn/warn2005.htm (accessed May 18, 2006).</mixed-citation>
         </ref>
         <ref id="d13145e442a1310">
            <mixed-citation id="d13145e446" publication-type="other">
Food and Drug Administration Center for Drug Evaluation
and Research (CDER) (1999), "Guidance for Industry:
Consumer-Directed Broadcast Advertisements" (August
9), Federal Register, 64 (152), 43197-43198 (Docket 97D-
0302).</mixed-citation>
         </ref>
         <ref id="d13145e465a1310">
            <mixed-citation id="d13145e469" publication-type="other">
Green, Kristen (1998), "Marketing Health Care Products on the
Internet: A Call for Updated Federal Regulations," American
Journal of Law and Medicine, 24 (2 and 3), 365-386.</mixed-citation>
         </ref>
         <ref id="d13145e482a1310">
            <mixed-citation id="d13145e486" publication-type="other">
Harris Interactive (2002), "The Internet as a Health Information
Resource," Harris Poll, May 21, 2002.</mixed-citation>
         </ref>
         <ref id="d13145e497a1310">
            <mixed-citation id="d13145e501" publication-type="other">
Hoy, Mariea Grubbs, and J. Craig Andrews (2004), "Adherence of
Prime-Time Televised Advertising Disclosures to the 'Clear
and Conspicuous' Standard: 1990 Versus 2002," Journal of
Public Policy and Marketing, 23 (1), 170-182.</mixed-citation>
         </ref>
         <ref id="d13145e517a1310">
            <mixed-citation id="d13145e521" publication-type="other">
Huh, Jisu, and Brenda J. Cude (2004), "Is the Information 'Fair
and Balanced' in Direct-to-Consumer Prescription Web
Sites" Journal of Health Communication, 9 (6), 529-540.</mixed-citation>
         </ref>
         <ref id="d13145e534a1310">
            <mixed-citation id="d13145e538" publication-type="other">
IMS (2005), "Total U.S. Promotional Spend by Type, 2004,"
available at www.imshealth.com/ims/portal/front/
articleC/0,2777,6599_49695992_75406357,00.html (ac-
cessed May 16, 2006).</mixed-citation>
         </ref>
         <ref id="d13145e554a1310">
            <mixed-citation id="d13145e558" publication-type="other">
Lexchin, Joel, and Barbara Mintzes (2002), "Direct-to-Consumer
Advertising of Prescription Drugs: The Evidence Says No,"
Journal of Public Policy and Marketing, 21 (2), 194-201.</mixed-citation>
         </ref>
         <ref id="d13145e571a1310">
            <mixed-citation id="d13145e575" publication-type="other">
Lynch, Patrick J., and Sarah Horton (2002), Web Style Guide,
Basic Design Principles for Creating Web Sites, New Haven:
Yale University Press.</mixed-citation>
         </ref>
         <ref id="d13145e588a1310">
            <mixed-citation id="d13145e594" publication-type="other">
Macias, Wendy, and Liza Stavchansky Lewis (2003/2004), "A
Content Analysis of Direct-to-Consumer (DTC) Prescription
Drug Web Sites," Journal of Advertising, 32 (4), 43-56.</mixed-citation>
         </ref>
         <ref id="d13145e608a1310">
            <mixed-citation id="d13145e612" publication-type="other">
Martin-Facklam, Meret, Michael Kostrzewa, Peter Martin, and
Walter Haefeli (2004), "Quality of Drug Information on
the World Wide Web and Strategies to Improve Pages
with Poor Information Quality," British Journal of Clinical
Pharmacology, 57 (2), 80-87.</mixed-citation>
         </ref>
         <ref id="d13145e631a1310">
            <mixed-citation id="d13145e635" publication-type="other">
McKillen, Dan (2003), "Web Watch," Medical Marketing and
Media, 38 (1), 10.</mixed-citation>
         </ref>
         <ref id="d13145e645a1310">
            <mixed-citation id="d13145e649" publication-type="other">
Med Ad News (2006), "DTC Takes a Back Seat," avail-
able at www.pharmalive.com/magazines/medad/view
.cfm?articleID=3522 (accessed June 27, 2006).</mixed-citation>
         </ref>
         <ref id="d13145e662a1310">
            <mixed-citation id="d13145e666" publication-type="other">
Medical Marketing and Media (2002), "FDA Mulling Guidance
on Internet Promotion," Medical Marketing and Media, 37
(1), 32.</mixed-citation>
         </ref>
         <ref id="d13145e679a1310">
            <mixed-citation id="d13145e683" publication-type="other">
Mehta, Abhilasha, and Scott C. Purvis (2003), "Consumer Re-
sponse to Print Prescription Drug Advertising," Journal of
Advertising Research, 43, 2 (June), 194-206.</mixed-citation>
         </ref>
         <ref id="d13145e696a1310">
            <mixed-citation id="d13145e700" publication-type="other">
Melton, Arthur W. (1970), "The Situation with Respect to the
Spacing of Repetitions and Memory" Journal of Verbal Learn-
ing and Verbal Behavior, 9, 596-606.</mixed-citation>
         </ref>
         <ref id="d13145e714a1310">
            <mixed-citation id="d13145e718" publication-type="other">
Menon, Ajit M., Aparna D. Deshpande, Matthew Perri III, and
George Zinkhan (2003), "Consumers' Attention to the Brief
Summary in Print Direct-to-Consumer Advertisements
Perceived Usefulness in Patient-Physician Discussions,"
Journal of Public Policy and Marketing, 22 (2), 181-191.</mixed-citation>
         </ref>
         <ref id="d13145e737a1310">
            <mixed-citation id="d13145e741" publication-type="other">
Moore, Patrick A., and Michael D. Newton (1998), "Prescription
Drug Advertising on the Internet: A Proposal for Regula-
tion," West Virginia Journal of Law and Technology, 2 (February
14), available at www.wvu.edu/~law/wvjolt/Arch/Moore/
Moore.htm (accessed June 27, 2007).</mixed-citation>
         </ref>
         <ref id="d13145e760a1310">
            <mixed-citation id="d13145e764" publication-type="other">
Morkes, John, and Jakob Nielsen (1997), "Concise, Scannable and
Objective: How to Write for the Web," Sun Microsystems,
available at www.useit.com/papers/webwriting/writing
.html (accessed March 15, 2007).</mixed-citation>
         </ref>
         <ref id="d13145e780a1310">
            <mixed-citation id="d13145e784" publication-type="other">
Norman, Don (1999), "Commentary: Banner Blindness, Human
Cognition and Web Design," Internetworking (March), avail-
able at www.internettg.org/newsletter/mar99/commentary
.html (accessed June 26, 2007).</mixed-citation>
         </ref>
         <ref id="d13145e800a1310">
            <mixed-citation id="d13145e806" publication-type="other">
Opderbeck, David W. (1998), "How Should FDA Regulate Pre-
scription Drug Promotion on the Internet?" Food and Drug
Law Journal, 53 (1), 47-61.</mixed-citation>
         </ref>
         <ref id="d13145e819a1310">
            <mixed-citation id="d13145e823" publication-type="other">
Paulukonis, AnnMarie (2000), "The Use of Schemas by Students
Taking Their First Online Course," Teaching With Technology
Newsletter, 5 (5), www.uwsa.edu/ttt/paulukon.htm (accessed
June 26, 2007).</mixed-citation>
         </ref>
         <ref id="d13145e840a1310">
            <mixed-citation id="d13145e844" publication-type="other">
Roth, Martin S. (1996), "Patterns in Direct-to-Consumer Pre-
scription Drug Print Advertising and Their Public Policy
Implications," Journal of Public Policy and Marketing, 15
(1), 63-75.</mixed-citation>
         </ref>
         <ref id="d13145e860a1310">
            <mixed-citation id="d13145e864" publication-type="other">
Scheineson, Marc J. (1996), "Legal Overview of Likely FDA
Regulation of Internet Promotion," Food and Drug Law
Journal, 51 (4), 697-716.</mixed-citation>
         </ref>
         <ref id="d13145e877a1310">
            <mixed-citation id="d13145e881" publication-type="other">
Schwartz, Neil L., Laurie S. Ellsworth, Lorraine Graham, and
Bruce Knight (1998), "Accessing Prior Knowledge to Re-
member Text: A Comparison of Advance Organizers and
Maps," Contemporary Educational Psychology, 23 (1), 65-89.</mixed-citation>
         </ref>
         <ref id="d13145e897a1310">
            <mixed-citation id="d13145e901" publication-type="other">
Scott, W. (1955), "Reliability of Content Analysis: The Case of
Nominal Scale Coding," Public Opinion Quarterly, 17 (3),
321-325.</mixed-citation>
         </ref>
         <ref id="d13145e914a1310">
            <mixed-citation id="d13145e918" publication-type="other">
Thomaselli, Rich (2005), "The Side Effects of DTC Change,"
Advertising Age, 76 (33), 1.</mixed-citation>
         </ref>
         <ref id="d13145e928a1310">
            <mixed-citation id="d13145e932" publication-type="other">
—, and Tobi Elkin (2003), "Web Thrives as DTC Platform,"
Advertising Age, 74 (45), 21.</mixed-citation>
         </ref>
         <ref id="d13145e943a1310">
            <mixed-citation id="d13145e947" publication-type="other">
Unnava, H. Rao, and Robert E. Burnkrant (1991), "Effects of
Repeating Varied Ad Executions on Brand Name Memory,"
Journal of Marketing Research, 28 (2), 406-416.</mixed-citation>
         </ref>
         <ref id="d13145e960a1310">
            <mixed-citation id="d13145e964" publication-type="other">
Wechsler, Jill (1999), "FDA Struggles over Policies Affect-
ing PBMs and Internet Marketing," Formulary, 34 (12),
1054-1055.</mixed-citation>
         </ref>
         <ref id="d13145e977a1310">
            <mixed-citation id="d13145e981" publication-type="other">
Wilkes, Michael S., Robert A. Bell, and Richard L. Kravitz
(2000), "Direct-to-Consumer Prescription Drug Advertis-
ing: Trends, Impact, and Implications," Health Affairs,
19 (2).</mixed-citation>
         </ref>
         <ref id="d13145e997a1310">
            <mixed-citation id="d13145e1001" publication-type="other">
Wilkie, William L. (1986), "Affirmative Disclosure at the FTC:
Strategic Dimension," Journal of Public Policy and Market-
ing, 5, 123-130.</mixed-citation>
         </ref>
         <ref id="d13145e1014a1310">
            <mixed-citation id="d13145e1018" publication-type="other">
Wray, Donna (2004), "Driving Efficient DTC Online: A Market-
er's Toolkit," DTC Perspectives, 3(1), 62-66.</mixed-citation>
         </ref>
      </ref-list>
   </back>
</article>
