<article dtd-version="1.0" article-type="research-article">
   <front>
      <journal-meta>
         <journal-id xmlns:xlink="http://www.w3.org/1999/xlink" journal-id-type="jstor">jadve</journal-id>
         <journal-id xmlns:xlink="http://www.w3.org/1999/xlink" journal-id-type="jstor">j101355</journal-id>
         <journal-title-group xmlns:xlink="http://www.w3.org/1999/xlink">
            <journal-title>Journal of Advertising</journal-title>
         </journal-title-group>
         <publisher>
            <publisher-name>M. E. Sharpe, Inc.</publisher-name>
         </publisher>
         <issn xmlns:xlink="http://www.w3.org/1999/xlink" pub-type="ppub">00913367</issn>
         <issn xmlns:xlink="http://www.w3.org/1999/xlink" pub-type="epub">15577805</issn>
      </journal-meta>
      <article-meta>
         <article-id xmlns:xlink="http://www.w3.org/1999/xlink" pub-id-type="jstor">20460724</article-id>
         <title-group>
            <article-title>Estimating Confidence Bounds for Advertising Effect Duration Intervals</article-title>
         </title-group>
         <contrib-group>
            <contrib>
               <string-name xmlns:xlink="http://www.w3.org/1999/xlink">
                  <given-names>Philip Hans</given-names>
                  <surname>Franses</surname>
               </string-name>
            </contrib>
            <contrib>
               <string-name xmlns:xlink="http://www.w3.org/1999/xlink">
                  <given-names>Bjørn</given-names>
                  <surname>Vroomen</surname>
               </string-name>
            </contrib>
         </contrib-group>
         <pub-date xmlns:xlink="http://www.w3.org/1999/xlink">
            <day>1</day>
            <month>7</month>
            <year>2006</year>
         </pub-date>
         <volume>35</volume>
         <issue>2</issue>
         <issue-id xmlns:xlink="http://www.w3.org/1999/xlink">i20460719</issue-id>
         <fpage>33</fpage>
         <lpage>37</lpage>
         <permissions>
            <copyright-statement>Copyright 2006 American Academy of Advertising</copyright-statement>
         </permissions>
         <self-uri xmlns:xlink="http://www.w3.org/1999/xlink"
                   xlink:href="http://www.jstor.org/stable/20460724"/>
         <abstract>
            <p>Duration intervals measure the dynamic impact of advertising on sales. To be more precise, the p % duration interval measures the time lag between the advertising impulse and the moment that p % of its effect has decayed. In this paper, we derive an expression for the duration interval for a dynamic model linking sales to advertising, and most important, we put forward a method to provide confidence bounds around the estimated duration interval. The method is illustrated in two examples.</p>
         </abstract>
         <custom-meta-group xmlns:xlink="http://www.w3.org/1999/xlink">
            <custom-meta>
               <meta-name>lang</meta-name>
               <meta-value>eng</meta-value>
            </custom-meta>
         </custom-meta-group>
      </article-meta>
   </front>
   <back>
      <ref-list>
         <title>References</title>
         <ref id="d5610e162a1310">
            <mixed-citation id="d5610e168" publication-type="other">
Assmus, Gert, John U. Farley, and Donald Lehmann (1984),
"How Advertising Affects Sales: Meta-Analysis of Econo-
metric Results," Journal of Marketing Research, 21 (Febru-
ary), 65-74.</mixed-citation>
         </ref>
         <ref id="d5610e184a1310">
            <mixed-citation id="d5610e188" publication-type="other">
Clarke, Darral G. (1976), "Econometric Measurement of the Du-
ration of Advertising Effect on Sales," Journal of Marketing
Research, 13 (November), 345-357.</mixed-citation>
         </ref>
         <ref id="d5610e201a1310">
            <mixed-citation id="d5610e205" publication-type="other">
Griliches, Zvi (1967), "Distributed Lags: A Survey," Econometrica,
35 (January), 16-49.</mixed-citation>
         </ref>
         <ref id="d5610e215a1310">
            <mixed-citation id="d5610e219" publication-type="other">
Hamilton, James D. (1994), Time Series Analysis, Princeton:
Princeton University Press.</mixed-citation>
         </ref>
         <ref id="d5610e230a1310">
            <mixed-citation id="d5610e234" publication-type="other">
Koyck, Leendert M. (1954), Distributed Lags and Investment Analy-
sis, Amsterdam: North-Holland.</mixed-citation>
         </ref>
         <ref id="d5610e244a1310">
            <mixed-citation id="d5610e248" publication-type="other">
Leeflang, Peter S. H., and Jan C. Reuyl (1985), "Advertising
and Industry Sales: An Empirical Analysis of the West
German Cigarette Market," Journal of Marketing, 49 (Fall),
92-98.</mixed-citation>
         </ref>
         <ref id="d5610e264a1310">
            <mixed-citation id="d5610e268" publication-type="other">
—, Dick R. Wittink, Michel Wedel, and Philippe A. Naert
(2000), Building Models for Marketing Decisions, Boston:
Kluwer.</mixed-citation>
         </ref>
         <ref id="d5610e281a1310">
            <mixed-citation id="d5610e285" publication-type="other">
Leone, Robert P. (1995), "Generalizing What Is Known About
Temporal Aggregation and Advertising Carryover," Mar-
keting Science, 14, G141-G150.</mixed-citation>
         </ref>
         <ref id="d5610e298a1310">
            <mixed-citation id="d5610e302" publication-type="other">
Tellis, Gerard J., Rajesh Chandy, and Pattana Thaivanich (2000),
"Which Ad Works, When, Where, and How Often? Mod-
eling the Effects of Direct Television Advertising," Journal
of Marketing Research, 37 (February), 32-46.</mixed-citation>
         </ref>
         <ref id="d5610e318a1310">
            <mixed-citation id="d5610e322" publication-type="other">
Weinberg, Charles B., and Doyle L. Weiss (1982), "On the Econo-
metric Measurement of the Duration of Advertising Effects
on Sues" Journal of Marketing Research, 19 (November), 585-
591.</mixed-citation>
         </ref>
      </ref-list>
   </back>
</article>
