<article dtd-version="1.0" article-type="research-article">
   <front>
      <journal-meta>
         <journal-id xmlns:xlink="http://www.w3.org/1999/xlink" journal-id-type="jstor">jadve</journal-id>
         <journal-id xmlns:xlink="http://www.w3.org/1999/xlink" journal-id-type="jstor">j101355</journal-id>
         <journal-title-group xmlns:xlink="http://www.w3.org/1999/xlink">
            <journal-title>Journal of Advertising</journal-title>
         </journal-title-group>
         <publisher>
            <publisher-name>M. E. Sharpe, Inc.</publisher-name>
         </publisher>
         <issn xmlns:xlink="http://www.w3.org/1999/xlink" pub-type="ppub">00913367</issn>
         <issn xmlns:xlink="http://www.w3.org/1999/xlink" pub-type="epub">15577805</issn>
      </journal-meta>
      <article-meta>
         <article-id xmlns:xlink="http://www.w3.org/1999/xlink" pub-id-type="jstor">20460826</article-id>
         <article-id pub-id-type="pub-doi">10.2753/JOA0091-3367370103</article-id>
         <title-group>
            <article-title>Effects of Susceptibility to Normative Influence and Type of Testimonial on Attitudes toward Print Advertising</article-title>
         </title-group>
         <contrib-group>
            <contrib>
               <string-name xmlns:xlink="http://www.w3.org/1999/xlink">
                  <given-names>Brett A. S.</given-names>
                  <surname>Martin</surname>
               </string-name>
            </contrib>
            <contrib>
               <string-name xmlns:xlink="http://www.w3.org/1999/xlink">
                  <given-names>Daniel</given-names>
                  <surname>Wentzel</surname>
               </string-name>
            </contrib>
            <contrib>
               <string-name xmlns:xlink="http://www.w3.org/1999/xlink">
                  <given-names>Torsten</given-names>
                  <surname>Tomczak</surname>
               </string-name>
            </contrib>
         </contrib-group>
         <pub-date xmlns:xlink="http://www.w3.org/1999/xlink">
            <day>1</day>
            <month>4</month>
            <year>2008</year>
         </pub-date>
         <volume>37</volume>
         <issue>1</issue>
         <issue-id xmlns:xlink="http://www.w3.org/1999/xlink">i20460822</issue-id>
         <fpage>29</fpage>
         <lpage>43</lpage>
         <permissions>
            <copyright-statement>Copyright 2008 American Academy of Advertising</copyright-statement>
         </permissions>
         <self-uri xmlns:xlink="http://www.w3.org/1999/xlink"
                   xlink:href="http://www.jstor.org/stable/20460826"/>
         <abstract>
            <p>In two experiments, we show how a consumer's susceptibility to normative influence (SNI) offers useful insights into the effectiveness of two types of testimonials: a typical person endorsement (Study 1) and a celebrity endorsement (Study 2). Specifically, we suggest that two variables moderate testimonial effects--SNI and product attribute information. Results show that in forming their evaluations, high-SNI consumers place a greater emphasis on the testimonial than on the attribute information. In contrast, low-SNI consumers are more influenced by attribute information. A mediation analysis shows that advertising attitudes for high-SNI consumers are mediated by testimonial thoughts, whereas the attitudes for low-SNI consumers are mediated by their attribute thoughts. Theoretical and managerial implications are presented.</p>
         </abstract>
         <custom-meta-group xmlns:xlink="http://www.w3.org/1999/xlink">
            <custom-meta>
               <meta-name>lang</meta-name>
               <meta-value>eng</meta-value>
            </custom-meta>
         </custom-meta-group>
      </article-meta>
   </front>
   <back>
      <ref-list>
         <title>Notes</title>
         <ref id="d14171e182a1310">
            <label>1</label>
            <mixed-citation id="d14171e189" publication-type="other">
Maheswaran
and Shavitt 2000</mixed-citation>
            <mixed-citation id="d14171e198" publication-type="other">
Taylor 2005</mixed-citation>
         </ref>
         <ref id="d14171e205a1310">
            <label>2</label>
            <mixed-citation id="d14171e212" publication-type="other">
Hair et al. 1998</mixed-citation>
         </ref>
      </ref-list>
      <ref-list>
         <title>References</title>
         <ref id="d14171e228a1310">
            <mixed-citation id="d14171e232" publication-type="other">
Advertising Age (2001), "FTC Target," Advertising Age, 72 (De-
cember 17), 10.</mixed-citation>
         </ref>
         <ref id="d14171e242a1310">
            <mixed-citation id="d14171e246" publication-type="other">
Baron, Reuben M., and David A. Kenny (1986), "The Modera-
tor-Mediator Variable Distinction in Social Psychological
Research: Conceptual, Strategic, and Statistical Consider-
ations," Journal of Personality and Social Psychology, 51 (6),
1173-1182.</mixed-citation>
         </ref>
         <ref id="d14171e265a1310">
            <mixed-citation id="d14171e269" publication-type="other">
Barone, Michael J., Kay M. Palan, and Paul Miniard (2004),
"Brand Usage and Gender as Moderators of the Potential
Deception Associated with Partial Comparative Advertis-
ing, "Journal of Advertising, 33 (1), 19-28.</mixed-citation>
         </ref>
         <ref id="d14171e285a1310">
            <mixed-citation id="d14171e289" publication-type="other">
Batra, Rajeev, and Michael L. Ray (1986), "Affective Responses
Mediating Acceptance of Advertising, "Journal of Consumer
Research, 13 (2), 234-249.</mixed-citation>
         </ref>
         <ref id="d14171e303a1310">
            <mixed-citation id="d14171e307" publication-type="other">
—, Pamela M. Homer, and Lynn R. Kahle (2001), "Val-
ues, Susceptibility to Normative Influence, and Attribute
Importance Weights: A Nomological Analysis," Journal of
Consumer Psychology, 11 (2), 115-128.</mixed-citation>
         </ref>
         <ref id="d14171e323a1310">
            <mixed-citation id="d14171e327" publication-type="other">
—, Venkatram Ramaswamy, Dana L. Alden, Jan-Benedict
Steenkamp, and S. Ramachander (2000), "Effects of Brand
Local and Nonlocal Origin on Consumer Attitudes in De-
veloping Countries," Journal of Consumer Psychology, 9 (2),
83-95.</mixed-citation>
         </ref>
         <ref id="d14171e346a1310">
            <mixed-citation id="d14171e350" publication-type="other">
Bearden, William O., and Michael J. Etzel (1982), "Reference
Group Influence on Product and Brand Purchase Decisions,"
Journal of Consumer Research, 9(2), 183-194.</mixed-citation>
         </ref>
         <ref id="d14171e363a1310">
            <mixed-citation id="d14171e367" publication-type="other">
—, Richard G. Netemeyer, and Jesse E. Teel (1989), "Mea-
surement of Consumer Susceptibility to Interpersonal Influ-
ence, "Journal of Consumer Research, 15 (4), 473-481.</mixed-citation>
         </ref>
         <ref id="d14171e380a1310">
            <mixed-citation id="d14171e384" publication-type="other">
Bly, Robert W. (2005), "More Tips on Using Testimonials,"
available at http://marketingtoday.com/marcom/testi2.htm
(accessed April 17,2005).</mixed-citation>
         </ref>
         <ref id="d14171e397a1310">
            <mixed-citation id="d14171e401" publication-type="other">
Buck, Michael (2005), "How to Use Credibility and Believabil-
ity to Pierce Your Prospects' Skepticism and Run Circles
Around Your Competition," available at www.theallineed
.com/ad-marketing-3/marketing-014.htm (accessed April
17, 2005).</mixed-citation>
         </ref>
         <ref id="d14171e421a1310">
            <mixed-citation id="d14171e425" publication-type="other">
Bulik, Beth Snyder (2004), "Sony, Kodak Lead U.S. Battle for
Share in Digital Cameras," Advertising Age, 75 (22), 12.</mixed-citation>
         </ref>
         <ref id="d14171e435a1310">
            <mixed-citation id="d14171e439" publication-type="other">
Burnkrant, Robert E., and Alain Cousineau (1975), "Informa-
tional and Normative Social Influence in Buyer Behavior,"
Journal of Consumer Research, 2 (3), 206-215.</mixed-citation>
         </ref>
         <ref id="d14171e452a1310">
            <mixed-citation id="d14171e456" publication-type="other">
Choi, Sejung Marina, Wei-Na Lee, and Hee-Jung Kim (2005),
"Lessons from the Rich and Famous: A Cross-Cultural Com-
parison of Celebrity Endorsement in Advertising," Journal
of Advertising, 34 (2), 85-98.</mixed-citation>
         </ref>
         <ref id="d14171e472a1310">
            <mixed-citation id="d14171e476" publication-type="other">
Day, Ellen, and Maria Royne Stafford (1997), "Age-Related Cues
in Retail Services Advertising: Their Effect on Younger
Consumers," Journal of Retailing, 73 (2), 211-233.</mixed-citation>
         </ref>
         <ref id="d14171e489a1310">
            <mixed-citation id="d14171e493" publication-type="other">
Feick, Lawrence, and Robin A. Higie (1992), "The Effects of
Preference Heterogeneity and Source Characteristics on
Ad Processing and Judgments About Endorsers," J ournal
of Advertising, 21 (2), 16-24.</mixed-citation>
         </ref>
         <ref id="d14171e509a1310">
            <mixed-citation id="d14171e515" publication-type="other">
Friedman, Hershey H., and Linda Friedman (1979), "Endorser
Effectiveness by Product Type" Journal of Advertising Re-
search, 19(5), 63-71.</mixed-citation>
         </ref>
         <ref id="d14171e529a1310">
            <mixed-citation id="d14171e533" publication-type="other">
—, Salvatore Termini, and Robert Washington (1976),
"The Effectiveness of Advertisements Using Four Types of
Endorsers," Journal of Advertising, 5 (3), 22-24.</mixed-citation>
         </ref>
         <ref id="d14171e546a1310">
            <mixed-citation id="d14171e550" publication-type="other">
Gupta, Sunil, and Lee G. Cooper (1992), "The Discounting of
Discounts and Promotion Thresholds, "Journal of Consumer
Research, 19 (December), 401-411.</mixed-citation>
         </ref>
         <ref id="d14171e563a1310">
            <mixed-citation id="d14171e567" publication-type="other">
Gürhan-Canli, Zeynep, and Durairaj Maheswaran (2000), "De-
terminants of Country-of-Origin Evaluations," Journal of
Consumer Research, 27 (June), 96-108.</mixed-citation>
         </ref>
         <ref id="d14171e580a1310">
            <mixed-citation id="d14171e584" publication-type="other">
Hair, Joseph F., Rolph E. Anderson, Ronald L. Tatham, and Wil-
liam C. Black (1998), Multivariate Data Analysis, 5th ed.,
Upper Saddle River, NJ: Prentice Hall.</mixed-citation>
         </ref>
         <ref id="d14171e597a1310">
            <mixed-citation id="d14171e601" publication-type="other">
Hibbard, Casey (2003), "Maximising the PR Value of Your Cus-
tomer Success Stories," Public Relations Tactics, 10 (12), 16.</mixed-citation>
         </ref>
         <ref id="d14171e611a1310">
            <mixed-citation id="d14171e615" publication-type="other">
Homer, Pamela Miles (2006), "Relationships Among Ad-Induced
Affect, Beliefs, and Attitudes: Another Look," Journal of
Advertising, 35 (1), 35-51.</mixed-citation>
         </ref>
         <ref id="d14171e629a1310">
            <mixed-citation id="d14171e633" publication-type="other">
Hovland, Carl I., Irving K. Janis, and Harold H. Kelley (1953),
Communication and Persuasion, New Haven, CT: Yale Uni-
versity Press.</mixed-citation>
         </ref>
         <ref id="d14171e646a1310">
            <mixed-citation id="d14171e650" publication-type="other">
Iyer, Easwar, and Bobby Banerjee (1994), "An Exposé on Green
Television Ads," in Advances in Consumer Research, vol. 21,
Chris Allen and Deborah Roedder John, eds., Provo, UT:
Association for Consumer Research, 292-298.</mixed-citation>
         </ref>
         <ref id="d14171e666a1310">
            <mixed-citation id="d14171e670" publication-type="other">
Kirmani, Amna, and Baba Shiv (1998), "Effects of Source Con-
gruity on Brand Attitudes and Beliefs: The Moderating
Role of Issue-Relevant Elaboration," Journal of Consumer
Psychology, 1 (1), 26-47.</mixed-citation>
         </ref>
         <ref id="d14171e686a1310">
            <mixed-citation id="d14171e690" publication-type="other">
Kolbe, Richard H., and Melissa S. Burnett (1991), "Content-
Analysis Research: An Examination of Applications with
Directives for Improving Research Reliability and Ob-
jectivity," Journal of Consumer Research, 18 (September),
243-250.</mixed-citation>
         </ref>
         <ref id="d14171e709a1310">
            <mixed-citation id="d14171e713" publication-type="other">
Leduc, Bob (2005), "Advertising, Sales and Marketing: Nine
Highly Effective Marketing Tips," available at www
.businessknowhow.com/marketing/9marktips.htm (accessed
April 17, 2005).</mixed-citation>
         </ref>
         <ref id="d14171e729a1310">
            <mixed-citation id="d14171e733" publication-type="other">
Lewis, Herschell Gordo (1995), "FU Quote You . . . If You've Said
Something Useful," Direct Marketing, 58 (4), 18-19.</mixed-citation>
         </ref>
         <ref id="d14171e744a1310">
            <mixed-citation id="d14171e748" publication-type="other">
Maheswaran, Durairaj, and Sharon Shavitt (2000), "Issues and
New Directions in Global Consumer Psychology," Journal
of Consumer Psychology, 9 (2), 59-66.</mixed-citation>
         </ref>
         <ref id="d14171e761a1310">
            <mixed-citation id="d14171e765" publication-type="other">
Mangleburg, Tamara F., and Terry Bristol (1998), "Socialization
and Adolescents' Skepticism Toward Advertising," Journal
of Advertising, 27 (3), 11-21.</mixed-citation>
         </ref>
         <ref id="d14171e778a1310">
            <mixed-citation id="d14171e782" publication-type="other">
Martin, Brett A. S., Bodo Lang, and Stephanie Wong (2004),
"Conclusion Explicitness in Advertising: The Moderating
Role of Need for Cognition and Argument Quality" Journal
of Advertising, 32 (4), 57-65.</mixed-citation>
         </ref>
         <ref id="d14171e798a1310">
            <mixed-citation id="d14171e802" publication-type="other">
McCracken, Grant (1989), "Who Is the Celebrity Endorser?
Cultural Foundations of the Endorsement Process," Journal
of Consumer Research, 16 (December), 310-321.</mixed-citation>
         </ref>
         <ref id="d14171e815a1310">
            <mixed-citation id="d14171e821" publication-type="other">
Ohanian, Roobina (1990), "Construction and Validation of a
Scale to Measure Celebrity Endorsers' Perceived Expertise,
Trustworthiness, and Attractiveness," Journal of Advertising,
19(3), 39-52.</mixed-citation>
         </ref>
         <ref id="d14171e837a1310">
            <mixed-citation id="d14171e841" publication-type="other">
Park, C. Whan, and V. Parker Lessig (1977), "Students and
Housewives: Differences in Susceptibility to Reference
Group Influence," Journal of Consumer Research, 4 (2),
102-110.</mixed-citation>
         </ref>
         <ref id="d14171e858a1310">
            <mixed-citation id="d14171e862" publication-type="other">
Patzer, Gordon L. (1983), "Source Credibility as a Function of
Communicator Physical Attractiveness,"Journal of Business
Research, 11 (2), 229-241.</mixed-citation>
         </ref>
         <ref id="d14171e875a1310">
            <mixed-citation id="d14171e879" publication-type="other">
Perdue, Barbara C., and John O. Summers (1986), "Checking
the Success of Manipulations in Marketing Experiments,"
Journal of Marketing Research, 23 (November), 317-326.</mixed-citation>
         </ref>
         <ref id="d14171e892a1310">
            <mixed-citation id="d14171e896" publication-type="other">
Perreault, William D., Jr., and Laurence E. Leigh (1989), "Reli-
ability of Nominal Data Based on Qualitative Judgments,"
Journal of Marketing Research, 2 6 (May ), 135-148.</mixed-citation>
         </ref>
         <ref id="d14171e909a1310">
            <mixed-citation id="d14171e913" publication-type="other">
Petty, Richard E., John T Cacioppo, and David Schumann (1983),
"Central and Peripheral Routes to Advertising Effectiveness:
The Moderating Role of Involvement," Journal of Consumer
Research, 10(2), 135-146.</mixed-citation>
         </ref>
         <ref id="d14171e929a1310">
            <mixed-citation id="d14171e933" publication-type="other">
Pham, Michel Tuan, and Tamar Avnet (2004), "Ideals and Oughts
and the Reliance on Affect Versus Substance in Persuasion,"
Journal of Consumer Research, 30 (4), 503-518.</mixed-citation>
         </ref>
         <ref id="d14171e946a1310">
            <mixed-citation id="d14171e950" publication-type="other">
Polyorat, Kawpong, and Dana L. Alden (2005), "Self-Construal
and Need for Cognition Effects on Brand Attitudes and Pur-
chase Intentions in Response to Comparative Advertising
in Thailand and the United States," Journal of Advertising,
34(1), 37-48.</mixed-citation>
         </ref>
         <ref id="d14171e970a1310">
            <mixed-citation id="d14171e974" publication-type="other">
Price, Linda L., Lawrence E Feick, and Robin A. Higie (1989),
"Preference Heterogeneity and Coorientation as Deter-
minants of Perceived Informational Influence," Journal of
Business Research, 19 (3), 227-242.</mixed-citation>
         </ref>
         <ref id="d14171e990a1310">
            <mixed-citation id="d14171e994" publication-type="other">
Raymond, Emily (2004), "Digital Camera Sales to Reach $24
Billion Worldwide," available at www.digitalcamerainfo
.com/content/Worldwide-Digital-Camera-Sales-to-Reach-
$24-Billion.htm (accessed April 21, 2005).</mixed-citation>
         </ref>
         <ref id="d14171e1010a1310">
            <mixed-citation id="d14171e1014" publication-type="other">
Rieck, Dean (2000), "Got Testimonials? Milk Them for All
They're Worth," Direct Marketing, 63 (5), 32-34.</mixed-citation>
         </ref>
         <ref id="d14171e1024a1310">
            <mixed-citation id="d14171e1028" publication-type="other">
Sengupta, Jaideep, Ronald C. Goodstein, and David S. Boninger
(1997), "All Cues Are Not Created Equal: Obtaining At-
titude Persistence Under Low-Involvement Conditions,"
Journal of Consumer Research, 23 (March), 351-361.</mixed-citation>
         </ref>
         <ref id="d14171e1044a1310">
            <mixed-citation id="d14171e1048" publication-type="other">
Shimp, Terence A., Stacy L. Wood, and Laura Smarandescu
(2005), "Consumer Testimonials as Self-Generated Adver-
tisements: Evaluative Reconstruction Following Product
Usage," MSI Reports, 2 (05-109), 91-113.</mixed-citation>
         </ref>
         <ref id="d14171e1064a1310">
            <mixed-citation id="d14171e1068" publication-type="other">
Sternthal, Brian, Lynn W. Phillips, and Ruby Dholakia (1978),
"The Persuasive Effect of Source Credibility: A Situational
Analysis," Public Opinion Quarterly, 42 (3), 285-314.</mixed-citation>
         </ref>
         <ref id="d14171e1082a1310">
            <mixed-citation id="d14171e1086" publication-type="other">
Taylor, Charles R. (2005), "Moving International Advertising
Research Forward," Journal of Advertising, 34 (1), 7-16.</mixed-citation>
         </ref>
         <ref id="d14171e1096a1310">
            <mixed-citation id="d14171e1100" publication-type="other">
Wooten, David B., and Americus Reed II (2004), "Playing It
Safe: Susceptibility to Normative Influence and Protective
Self-Presentation," Journal of Consumer Research, 31 (3),
551-556.</mixed-citation>
         </ref>
         <ref id="d14171e1116a1310">
            <mixed-citation id="d14171e1120" publication-type="other">
Wu, Chenghuan, and David R. Shaffer (1987), "Susceptibility
to Persuasive Appeals as a Function of Source Credibility
and Prior Experience with the Attitude Object," Journal of
Personality and Social Psychology, 52 (4), 677-688.</mixed-citation>
         </ref>
         <ref id="d14171e1136a1310">
            <mixed-citation id="d14171e1140" publication-type="other">
Zandpour, Fred, Cypress Chang, and Joëlle Catalano (1992), "Sto-
ries, Symbols, and Straight Talk: A Comparative Analysis
of French, Taiwanese, and U.S. TV Commercials," Journal
of Advertising Research, 32 (1), 25-38.</mixed-citation>
         </ref>
      </ref-list>
   </back>
</article>
