<article dtd-version="1.0" article-type="research-article">
   <front>
      <journal-meta>
         <journal-id xmlns:xlink="http://www.w3.org/1999/xlink" journal-id-type="jstor">jadve</journal-id>
         <journal-id xmlns:xlink="http://www.w3.org/1999/xlink" journal-id-type="jstor">j101355</journal-id>
         <journal-title-group xmlns:xlink="http://www.w3.org/1999/xlink">
            <journal-title>Journal of Advertising</journal-title>
         </journal-title-group>
         <publisher>
            <publisher-name>M. E. Sharpe, Inc.</publisher-name>
         </publisher>
         <issn xmlns:xlink="http://www.w3.org/1999/xlink" pub-type="ppub">00913367</issn>
         <issn xmlns:xlink="http://www.w3.org/1999/xlink" pub-type="epub">15577805</issn>
      </journal-meta>
      <article-meta>
         <article-id xmlns:xlink="http://www.w3.org/1999/xlink" pub-id-type="jstor">20460796</article-id>
         <article-id pub-id-type="pub-doi">10.2753/JOA0091-3367360304</article-id>
         <title-group>
            <article-title>Determinants of Brand Advertising Efficiency: Evidence from the German Car Market</article-title>
         </title-group>
         <contrib-group>
            <contrib>
               <string-name xmlns:xlink="http://www.w3.org/1999/xlink">
                  <given-names>Joachim</given-names>
                  <surname>Büschken</surname>
               </string-name>
            </contrib>
         </contrib-group>
         <pub-date xmlns:xlink="http://www.w3.org/1999/xlink">
            <day>1</day>
            <month>10</month>
            <year>2007</year>
         </pub-date>
         <volume>36</volume>
         <issue>3</issue>
         <issue-id xmlns:xlink="http://www.w3.org/1999/xlink">i20460790</issue-id>
         <fpage>51</fpage>
         <lpage>73</lpage>
         <permissions>
            <copyright-statement>Copyright 2007 American Academy of Advertising</copyright-statement>
         </permissions>
         <self-uri xmlns:xlink="http://www.w3.org/1999/xlink"
                   xlink:href="http://www.jstor.org/stable/20460796"/>
         <abstract>
            <p>How inefficient is brand advertising in the German car industry and what are the determinants of advertising inefficiency? In a first step, the brand advertising efficiency of 35 car brands in the German car industry is measured. Data envelopment analysis (DEA) is applied to a multiple input-output model of advertising. The analysis reveals that, on average, 8% of a brand's advertising budget is wasted. In a second step, a model identifying the determinants of brand advertising inefficiency is developed and tested empirically. The results indicate that advertising efficiency is positively related to purchase event feedback and the size of the brand product portfolio. The implications and possible areas of future research are discussed.</p>
         </abstract>
         <custom-meta-group xmlns:xlink="http://www.w3.org/1999/xlink">
            <custom-meta>
               <meta-name>lang</meta-name>
               <meta-value>eng</meta-value>
            </custom-meta>
         </custom-meta-group>
      </article-meta>
   </front>
   <back>
      <ref-list>
         <title>Notes</title>
         <ref id="d13188e156a1310">
            <label>1</label>
            <mixed-citation id="d13188e163" publication-type="other">
www.gujmedia.
de/_components/markenprofile/mapr010/index.html?
nv=markenprofilelO_gjm/.</mixed-citation>
         </ref>
         <ref id="d13188e176a1310">
            <label>3</label>
            <mixed-citation id="d13188e183" publication-type="other">
www.wiso
.uni-dortmund.de/lsfg/or/scheel/ems/.</mixed-citation>
         </ref>
         <ref id="d13188e193a1310">
            <label>4</label>
            <mixed-citation id="d13188e200" publication-type="other">
Donthu and Yoo 1998</mixed-citation>
            <mixed-citation id="d13188e206" publication-type="other">
Luo and Donthu (2001)</mixed-citation>
         </ref>
         <ref id="d13188e213a1310">
            <label>8</label>
            <mixed-citation id="d13188e220" publication-type="other">
www.jdpower.
com/automotive/index.asp</mixed-citation>
         </ref>
      </ref-list>
      <ref-list>
         <title>References</title>
         <ref id="d13188e239a1310">
            <mixed-citation id="d13188e243" publication-type="other">
Aaker, David A., and James A. Carman (1982), "Are You Overad-
vertising?" Journal of Marketing, 22, 57-70.</mixed-citation>
         </ref>
         <ref id="d13188e253a1310">
            <mixed-citation id="d13188e257" publication-type="other">
Advertising Age (1999), "Agencies Centralize Web Ad Services,"
Special Report (March 1).</mixed-citation>
         </ref>
         <ref id="d13188e267a1310">
            <mixed-citation id="d13188e271" publication-type="other">
Ailawadi, Kusum L., Karen Gedenk, and Scott A. Neslin (1999),
"Heterogeneity and Purchase Event Feedback in Choice
Models: An Empirical Analysis with Implications for Model
Building," International Journal of Marketing Research, 16,
177-198.</mixed-citation>
         </ref>
         <ref id="d13188e290a1310">
            <mixed-citation id="d13188e294" publication-type="other">
Allenby, Greg M., and Peter E. Rossi (199D, "There Is No Ag-
gregation Bias," Journal of Business and Economic Statistics,
9, 1-8.</mixed-citation>
         </ref>
         <ref id="d13188e308a1310">
            <mixed-citation id="d13188e312" publication-type="other">
Ambler, T., and T Burne (1999), "The Impact of Affect on
Memory of Advertising," Journal of Advertising Research,
39, 25-34.</mixed-citation>
         </ref>
         <ref id="d13188e325a1310">
            <mixed-citation id="d13188e329" publication-type="other">
—, and E. A. Hollier (2004), "The Waste in Advertising
Is the Part That Works," Journal of Advertising Research, 44,
375-389.</mixed-citation>
         </ref>
         <ref id="d13188e342a1310">
            <mixed-citation id="d13188e346" publication-type="other">
Anand, Bharat N., and Ron Shachar (2004), "Brands as Beacons:
A New Source of Loyalty to Multiproduct Firms," Journal
of Marketing Research, 41, 135-150.</mixed-citation>
         </ref>
         <ref id="d13188e359a1310">
            <mixed-citation id="d13188e363" publication-type="other">
Andersen, Peer, and Niels C. Petersen (1993), "A Procedure for
Ranking Efficient Units in Data Envelopment Analysis,"
Management Science, 39, 1261-1264.</mixed-citation>
         </ref>
         <ref id="d13188e376a1310">
            <mixed-citation id="d13188e380" publication-type="other">
Balachander, Subramanian, and San joy Ghose (2003), "Reciprocal
Spillover Effects: A Strategic Benefit of Brand Extensions,"
Journal of Marketing, 61,4-13.</mixed-citation>
         </ref>
         <ref id="d13188e393a1310">
            <mixed-citation id="d13188e397" publication-type="other">
Bass, Frank M., and Dick R. Wittink (1975), "Pooling Issues and
Methods in Regression Analysis with Examples in Market-
ing Research," Journal of Marketing Research, 12, 414-425.</mixed-citation>
         </ref>
         <ref id="d13188e411a1310">
            <mixed-citation id="d13188e415" publication-type="other">
Batra, Rajeev, and Michael L. Ray (1986), "Affective Responses
Mediating Acceptance of Advertising," Journal of Consumer
Research, 13, 234-249.</mixed-citation>
         </ref>
         <ref id="d13188e428a1310">
            <mixed-citation id="d13188e432" publication-type="other">
Bawa, Kapil (1990), "Modeling Inertia and Variety Seeking
Tendencies in Brand Choice Behavior," Marketing Science,
9, 263-277.</mixed-citation>
         </ref>
         <ref id="d13188e445a1310">
            <mixed-citation id="d13188e449" publication-type="other">
Bendixen, Mike T. (1993), "Advertising Effects and Effective-
ness , " Journal of Marketing, 27, 19-33.</mixed-citation>
         </ref>
         <ref id="d13188e459a1310">
            <mixed-citation id="d13188e463" publication-type="other">
Bhargava, Mukesh, Naveen Donthu, and Rosanne Caron (1994),
"Improving the Effectiveness of Outdoor Advertising,"
Journal of Advertising Research, 34, 46-55.</mixed-citation>
         </ref>
         <ref id="d13188e476a1310">
            <mixed-citation id="d13188e480" publication-type="other">
Carlson, Rodney L. (1978), "Seemingly Unrelated Regres-
sion and the Demand for Automobiles of Different Sizes,
1965-1975: A Disaggregate Approach, " Journal of Business,
51,243-262.</mixed-citation>
         </ref>
         <ref id="d13188e496a1310">
            <mixed-citation id="d13188e500" publication-type="other">
Chames, Abraham, William W. Cooper, and Edwardo L. Rhodes
(1978), "Measuring the Efficiency of Decision Making Units,"
European Journal of Operational Research, 3, 429-444.</mixed-citation>
         </ref>
         <ref id="d13188e514a1310">
            <mixed-citation id="d13188e518" publication-type="other">
Choi, Yung Kyun, and Gordon E. Miracle (2004), "The Effective-
ness of Comparative Advertising in Korea and the United
States," Journal of Advertising, 33, 75-87.</mixed-citation>
         </ref>
         <ref id="d13188e531a1310">
            <mixed-citation id="d13188e535" publication-type="other">
Chow, Gregory C. (I960), "Tests of Equality Between Sets of
Coefficients in Two Linear Regressions," Econometrica, 28,
591-605.</mixed-citation>
         </ref>
         <ref id="d13188e548a1310">
            <mixed-citation id="d13188e552" publication-type="other">
Ciferri, Lucas (2004), "Niche Vehicles Are Ql Sales Winner,"
Automotive News, 9, 20-21.</mixed-citation>
         </ref>
         <ref id="d13188e562a1310">
            <mixed-citation id="d13188e566" publication-type="other">
Cline, Thomas W., Moses B. Altesch, and James J. Kellaris
(2003), "When Does Humor Enhance or Inhibit Ad Re-
sponses?" Journal of Advertising, 32 (3), 31-45.</mixed-citation>
         </ref>
         <ref id="d13188e579a1310">
            <mixed-citation id="d13188e583" publication-type="other">
Coelli, Timothy J., D. S. Prassada Rao, and George E. Battese
(1998), An Introduction to Efficiency and Productivity Analysis,
Boston: Kluwer Academic Publishing.</mixed-citation>
         </ref>
         <ref id="d13188e596a1310">
            <mixed-citation id="d13188e600" publication-type="other">
Cooper, William W., and Kaoru Tone (1997), "Measures of
Inefficiency in Data Envelopment Analysis and Stochastic
Frontier Estimation," European Journal of Operational Research,
99, 72-88.</mixed-citation>
         </ref>
         <ref id="d13188e617a1310">
            <mixed-citation id="d13188e621" publication-type="other">
—, Lawrence M. Seiford, and Kaoru Tone (2000), Data
Envelopment Analysis: A Comprehensive Text with Models, Ap-
plications, References and DEA-Solver Software, Boston: Kluwer
Academic Publishing.</mixed-citation>
         </ref>
         <ref id="d13188e637a1310">
            <mixed-citation id="d13188e641" publication-type="other">
Deighton, John, Caroline M. Henderson, and Scott A. Neslin
(1994), "The Effects of Advertising on Brand Switching
and Repeat Purchasing," Journal of Marketing Research, 31,
28-43.</mixed-citation>
         </ref>
         <ref id="d13188e657a1310">
            <mixed-citation id="d13188e661" publication-type="other">
De Pelsmacker, Patrick, Maggie Geuens, and Pascal Anckaert
(2002), "Media Context and Advertising Effectiveness: The
Role of Context Appreciation and Context/Ad Similarity,"
Journal of Advertising, 31 (2), 49-61.</mixed-citation>
         </ref>
         <ref id="d13188e677a1310">
            <mixed-citation id="d13188e681" publication-type="other">
Donthu, Naveen, and Boonghee Yoo (1998), "Retail Productivity
Assessment: Using Data Envelopment Assessment" Journal
of Retailing, 74, 89-117.</mixed-citation>
         </ref>
         <ref id="d13188e694a1310">
            <mixed-citation id="d13188e698" publication-type="other">
—, Edmund K. Hershberger, and Talai Osmonbekov
(2005), "Benchmarking Marketing Productivity Using
Data Envelopment Analysis," Journal of Business Research,
58,1474-1482.</mixed-citation>
         </ref>
         <ref id="d13188e714a1310">
            <mixed-citation id="d13188e718" publication-type="other">
Dowling, Grahame R. (1986), "Perceived Risk: The Concept and
Its Measurement," Psychology and Marketing, 3, 193-210.</mixed-citation>
         </ref>
         <ref id="d13188e729a1310">
            <mixed-citation id="d13188e733" publication-type="other">
Eliashberg, Jehoshua, and Richard Steinberg (1993), "Market-
ing-Production Joint Decision-Making," in Handbooks in
Operations Research and Management, vol. 15, J. Eliashberg
and G. Lilien, eds., Amsterdam: Elsevier, 827-880.</mixed-citation>
         </ref>
         <ref id="d13188e749a1310">
            <mixed-citation id="d13188e753" publication-type="other">
Emrouznejad, Ali (2001), "An Extensive Bibliography of Data
Envelopment Analysis (DEA)," vols. 1-5, University of
Warwick, Coventry, UK, available at www.deazone.com/
bibliography/ (accessed July 5, 2007).</mixed-citation>
         </ref>
         <ref id="d13188e769a1310">
            <mixed-citation id="d13188e773" publication-type="other">
Erdem, Tiilin (1998), "An Empirical Analysis of Umbrella Brand-
ing, " Journal of Marketing Research, 35, 339-351.</mixed-citation>
         </ref>
         <ref id="d13188e783a1310">
            <mixed-citation id="d13188e787" publication-type="other">
—, and Michael P. Keane (1996), "Decision-Making Under
Uncertainty: Capturing Dynamic Brand Choice Processes
in Turbulent Consumer Goods Markets," Marketing Science,
15, 1-20.</mixed-citation>
         </ref>
         <ref id="d13188e803a1310">
            <mixed-citation id="d13188e807" publication-type="other">
—, and Baohong Sun (2002), "An Empirical Investigation
of the Spillover Effects of Advertising and Sales Promotions
in Umbrella Branding," Journal of Marketing Research, 39,
408-422.</mixed-citation>
         </ref>
         <ref id="d13188e823a1310">
            <mixed-citation id="d13188e827" publication-type="other">
Fare, Rolf, Shawna Grosskopf, Barry J. Seldon, and Victor J.
Tremblay (2004), "Advertising Efficiency and the Choice of
Media Mix: A Case of Beer," International Journal of Industrial
Organization, 22, 503-523.</mixed-citation>
         </ref>
         <ref id="d13188e844a1310">
            <mixed-citation id="d13188e848" publication-type="other">
Franses, Philip Hans (2005), "Diagnostics, Expectations, and
Endogeneity," Journal of Marketing Research, 42, 27-29.</mixed-citation>
         </ref>
         <ref id="d13188e858a1310">
            <mixed-citation id="d13188e862" publication-type="other">
Gatignon, Hubert (1984), "Competition as a Moderator of the
Effect of Advertising on Sales,"'JournalofMarketing Research,
21,387-398.</mixed-citation>
         </ref>
         <ref id="d13188e875a1310">
            <mixed-citation id="d13188e879" publication-type="other">
Ghewal, Dhruv, Sukumar Kavanoor, Edward F. Fern, Carolyn
Costley, and James Barnes (1997), "Comparative Vs. Non-
comparative Advertising: A Meta-Analysis," Journal of
Marketing, 61, 1-15.</mixed-citation>
         </ref>
         <ref id="d13188e895a1310">
            <mixed-citation id="d13188e899" publication-type="other">
Graf, Peter, and Daniel L. Schacter (1985), "Implicit and Explicit
Memory for New Associations in Normal and Amnesic Sub-
ject, "Journal of Experimental Psychology, 11, 501-518.</mixed-citation>
         </ref>
         <ref id="d13188e912a1310">
            <mixed-citation id="d13188e916" publication-type="other">
Hall, Bruce F. (2002), "A New Model for Measuring Advertising
Effectiveness," Journal of Advertising, 42, 23-31.</mixed-citation>
         </ref>
         <ref id="d13188e926a1310">
            <mixed-citation id="d13188e930" publication-type="other">
Hogan, John E., Katherine N. Lemon, and Barak Libai (2004),
"Quantifying the Ripple: Word-of-Mouth and Adver-
tising Effectiveness," Journal of Advertising Research, 44,
271-280.</mixed-citation>
         </ref>
         <ref id="d13188e947a1310">
            <mixed-citation id="d13188e951" publication-type="other">
Horsky, Dan, and Paul Nelson (1996), "Evaluation of Salesforce
Size and Productivity Through Efficient Frontier Bench-
marking," Marketing Science, 15, 310-320.</mixed-citation>
         </ref>
         <ref id="d13188e964a1310">
            <mixed-citation id="d13188e968" publication-type="other">
Hsu, Maxwell K., Ali F. Darrat, Maosen Zhong, and Salah S.
Abosedra (2002), "Does Advertising Stimulate Sales or
Mainly Deliver Signals? A Multivariate Analysis," Interna-
tionaljournal of Advertising, 21, 175-195.</mixed-citation>
         </ref>
         <ref id="d13188e984a1310">
            <mixed-citation id="d13188e988" publication-type="other">
Kamakura, Wagner A., Brian T. Ratchford, and Jagadish Agarwal
(1998), "Measuring Marketing Efficiency and Welfare Loss,"
Journal of Consumer Research, 15, 289-302.</mixed-citation>
         </ref>
         <ref id="d13188e1001a1310">
            <mixed-citation id="d13188e1005" publication-type="other">
Khouja, Moutaz, and Stephanie S. Robbins (2003), "Linking
Advertising and Quantity Decisions in a Single-Period In-
ventory Model," International J ournal of Production Economics,
86, 93-105.</mixed-citation>
         </ref>
         <ref id="d13188e1021a1310">
            <mixed-citation id="d13188e1025" publication-type="other">
Kwoka, John E. (1992), "Market Segmentation by Price-Quality
Schedules: Some Evidence from Automobiles," Journal of
Business Research, 65, 615-628.</mixed-citation>
         </ref>
         <ref id="d13188e1038a1310">
            <mixed-citation id="d13188e1042" publication-type="other">
Lavidge, Robert J., and Gray A. Steiner (1961), "A Model for
Predictive Measurements in Advertising," Journal of Mar-
keting, 25, 59-62.</mixed-citation>
         </ref>
         <ref id="d13188e1056a1310">
            <mixed-citation id="d13188e1060" publication-type="other">
Lohse, Gerald L., and Dennis L. Rosen (2001), "Signaling Quality
and Credibility in Yellow Pages Advertising: The Influence
of Color and Graphics on Choice," Journal of Advertising,
30,73-85.</mixed-citation>
         </ref>
         <ref id="d13188e1076a1310">
            <mixed-citation id="d13188e1080" publication-type="other">
Luo, Xueming, and Naveen Donthu (2001), "Benchmarking Adver-
tising Efficiency," Journal of Advertising Research, 41, 7-18.</mixed-citation>
         </ref>
         <ref id="d13188e1090a1310">
            <mixed-citation id="d13188e1094" publication-type="other">
—, and — (2005), "Assessing Advertising Media
Spending Inefficiencies in Generating Sales," Journal of
Business Research, 58, 28-36.</mixed-citation>
         </ref>
         <ref id="d13188e1107a1310">
            <mixed-citation id="d13188e1111" publication-type="other">
Malhotra, Manoj K., and Subhash Sharma (2002), "Spanning the
Continuum Between Marketing and Operations," Journal
of Operations Management, 20, 209-219.</mixed-citation>
         </ref>
         <ref id="d13188e1124a1310">
            <mixed-citation id="d13188e1128" publication-type="other">
McAlister, Leigh (1982), "A Dynamic Attribute Satiation Model
for Choices Made Across Time," Journal of Consumer Research,
9, 141-150.</mixed-citation>
         </ref>
         <ref id="d13188e1141a1310">
            <mixed-citation id="d13188e1145" publication-type="other">
McGrath, John M., and Chad Mahood (2004), "The Impact of
Arousing Programming and Product Involvement on Ad-
vertising Effectiveness," Journal of Current Issues &amp;amp; Research
in Advertising, 26,41-52.</mixed-citation>
         </ref>
         <ref id="d13188e1162a1310">
            <mixed-citation id="d13188e1166" publication-type="other">
Mehta, Abhilasha (2000), "Advertising Attitudes and Advertising
Effectiveness," Journal of Advertising Research, 40, 67-72.</mixed-citation>
         </ref>
         <ref id="d13188e1176a1310">
            <mixed-citation id="d13188e1180" publication-type="other">
Miller, Amy, and Jennifer Cioffi (2004), "Measuring Marketing
Effectiveness and Value: The Unisys Marketing Dashboard,"
Journal of Advertising Research, 44, 237-240.</mixed-citation>
         </ref>
         <ref id="d13188e1193a1310">
            <mixed-citation id="d13188e1197" publication-type="other">
Morrin, Maureen (1999), "The Impact of Brand Extensions on
Parent Brand Memory Structures and Retrieval Processes,"
Journal of Marketing Research, 36, 517-525.</mixed-citation>
         </ref>
         <ref id="d13188e1210a1310">
            <mixed-citation id="d13188e1214" publication-type="other">
Moshkin, Nickolay V, and Ron Shachar (2002), "The Asym-
metric Information Model of State Dependence," Marketing
Science, 21,435-454.</mixed-citation>
         </ref>
         <ref id="d13188e1227a1310">
            <mixed-citation id="d13188e1231" publication-type="other">
Muehling, Darrel D., Donald E. Stem, Jr., and Peter Raven
(1989), "Comparative Advertising: Views from Advertisers,
Agencies, Media, and Policy Makers," Journal of Advertising
Research, 29, 38-48.</mixed-citation>
         </ref>
         <ref id="d13188e1247a1310">
            <mixed-citation id="d13188e1251" publication-type="other">
Mummalaneni, Venkatapparao (2005), "An Empirical Investi-
gation of Web Site Characteristics, Consumer Emotional
States and On-Line Shopping Behaviors, "Journal of Business
Research, 58, 526-532.</mixed-citation>
         </ref>
         <ref id="d13188e1268a1310">
            <mixed-citation id="d13188e1272" publication-type="other">
Nijssen, Edward J. (1999), "Success Factors of Line Extensions of
Fast-Moving Consumer Goods," European Journal of Market-
ing, 33,450-469.</mixed-citation>
         </ref>
         <ref id="d13188e1285a1310">
            <mixed-citation id="d13188e1289" publication-type="other">
Ofir, Chezy, and André Khuri (1986), "Multicollinearity in
Marketing Models: Diagnostics and Remedial Measures,"
International Journal of Research in Marketing, 3, 181-205.</mixed-citation>
         </ref>
         <ref id="d13188e1302a1310">
            <mixed-citation id="d13188e1306" publication-type="other">
Ogawa, Kohsuke (1987), "An Approach to Simultaneous Esti-
mation and Segmentation in Conjoint Analysis," Marketing
Science, 6, 66-81.</mixed-citation>
         </ref>
         <ref id="d13188e1319a1310">
            <mixed-citation id="d13188e1323" publication-type="other">
Pedraja-Chaparro, Francisco, and Javier Salinas-Jiménez (1996),
"An Assessment of the Efficiency of Spanish Courts Using
DEA," Applied Economics, 28, 1391-1403.</mixed-citation>
         </ref>
         <ref id="d13188e1336a1310">
            <mixed-citation id="d13188e1340" publication-type="other">
Pepall, Lynne M., and Daniel J. Richards (2002), "The Simple
Economics of Brand Stretching," Journal of Business, 75,
535-552.</mixed-citation>
         </ref>
         <ref id="d13188e1353a1310">
            <mixed-citation id="d13188e1357" publication-type="other">
Peter, J. Paul, and Michael J. Ryan (1974), "An Investigation
of Perceived Risk at the Brand Level," Journal of Marketing
Research, 13, 184-188.</mixed-citation>
         </ref>
         <ref id="d13188e1371a1310">
            <mixed-citation id="d13188e1375" publication-type="other">
Randall, Taylor, Karl Ulrich, and David Reibstein (1998), "Brand
Equity and Vertical Product Line Extent," Marketing Science,
17, 356-379.</mixed-citation>
         </ref>
         <ref id="d13188e1388a1310">
            <mixed-citation id="d13188e1392" publication-type="other">
Ratchford, Brian (1979), "Operationalizing Economic Models of
Demand for Product Characteristics," Journal of Consumer
Research, 6, 76-85.</mixed-citation>
         </ref>
         <ref id="d13188e1405a1310">
            <mixed-citation id="d13188e1409" publication-type="other">
Reddy, Srinivas K., Susan L. Holak, and Subodh Bhat (1994),
"To Extend or Not to Extend: Success Determinants of Line
Extensions," Journal of Marketing Research, 31, 243-262.</mixed-citation>
         </ref>
         <ref id="d13188e1422a1310">
            <mixed-citation id="d13188e1426" publication-type="other">
Ross, Anthony, and Conelia Droge (2002), "An Integrated Bench-
marking Approach to Distribution Center Performance
Using DEA Modeling," Journal of Operations Management,
20, 19-32.</mixed-citation>
         </ref>
         <ref id="d13188e1442a1310">
            <mixed-citation id="d13188e1446" publication-type="other">
Seetharaman, P. B., Andrew Ainslie, and Pradeep K. Chintagunta
(1999), "Investigating Household State Dependence Ef-
fects Across Categories," Journal of Marketing Research, 36,
488-500.</mixed-citation>
         </ref>
         <ref id="d13188e1462a1310">
            <mixed-citation id="d13188e1466" publication-type="other">
Seiford, Lawrence M. (1994), "A DEA Bibliography," in Data
Envelopment Analysis: Theory, Methodology and Applications, A.
Chames, W. W. Cooper, A. Lewin, and Lawrence M. Seiford,
eds., New York: Kluwer Academic, 437-469.</mixed-citation>
         </ref>
         <ref id="d13188e1483a1310">
            <mixed-citation id="d13188e1487" publication-type="other">
— (1997), "A Bibliography for Data Envelopment Analysis
(1978-1996)," Annals of Operations Research, 73, 393-438.</mixed-citation>
         </ref>
         <ref id="d13188e1497a1310">
            <mixed-citation id="d13188e1501" publication-type="other">
Shao, Alan T, Yeqing Bao, and Elizabeth Gray (2004), "Com-
parative Advertising Effectiveness: A Cross-Cultural
Study, "Journal of Current Issues and Research in Advertising,
26, 67-80.</mixed-citation>
         </ref>
         <ref id="d13188e1517a1310">
            <mixed-citation id="d13188e1521" publication-type="other">
Shaw, Robert, and Carolyn White (1999), "Improving Market-
ing Accountability Through Better Management of the
Market Research Vrocess" Journal of Marketing Management,
15,857-870.</mixed-citation>
         </ref>
         <ref id="d13188e1537a1310">
            <mixed-citation id="d13188e1541" publication-type="other">
Shemwell, Donald J., Ugur Yavas, and Zeynep Bilgin (1998),
"Customer-Service Provider Relationships: An Empirical
Test of a Model of Service-Quality, Satisfaction and Rela-
tionship-Oriented Outcomes," Internationaljournal of Service
Industry Management, 9, 155-168.</mixed-citation>
         </ref>
         <ref id="d13188e1560a1310">
            <mixed-citation id="d13188e1564" publication-type="other">
Smith, Daniel C, and C. Whan Park (1992), "The Effects of Brand
Extensions on Market Share and Advertising Efficiency,"
Journal of Marketing Research, 29, 296-313.</mixed-citation>
         </ref>
         <ref id="d13188e1577a1310">
            <mixed-citation id="d13188e1581" publication-type="other">
Spotts, Harlan E., Marc G. Weinberger, and Amy L. Parsons
(1997), "Assessing the Use and Impact of Humor on Ad-
vertising Effectiveness: A Contingency Approach,"Journal
of Advertising, 26, 17-33.</mixed-citation>
         </ref>
         <ref id="d13188e1598a1310">
            <mixed-citation id="d13188e1602" publication-type="other">
Srinivasan, V., and Allan Shocker (1973), "Linear Programming
Techniques for Multidimensional Analysis of Preferences," .
Psychometrika, 38, 337-369.</mixed-citation>
         </ref>
         <ref id="d13188e1615a1310">
            <mixed-citation id="d13188e1619" publication-type="other">
Strong, Edward K. (1926), The Psychology of Selling, New York:
McGraw-Hill.</mixed-citation>
         </ref>
         <ref id="d13188e1629a1310">
            <mixed-citation id="d13188e1633" publication-type="other">
Sudhir, Karunakaran (2001), "Competitive Pricing Behavior in
the Auto Market," Marketing Science, 20, 42-60.</mixed-citation>
         </ref>
         <ref id="d13188e1643a1310">
            <mixed-citation id="d13188e1647" publication-type="other">
Swaminathan, Vanitha, Richard J. Fox, and Srinivas K. Reddy
(2001), "The Impact of Brand Extension Introduction on
Brand Choice, " Journal of Marketing, 65, 1-15.</mixed-citation>
         </ref>
         <ref id="d13188e1660a1310">
            <mixed-citation id="d13188e1664" publication-type="other">
Tanaka, Katsuaki, Eiji Takeda, and Nozomi Nakajima (2002),
"Measuring the Performance of Advertising Campaigns
Based on DEA: An Empirical Study," working paper, Set-
suan University, Osaka, Japan.</mixed-citation>
         </ref>
         <ref id="d13188e1680a1310">
            <mixed-citation id="d13188e1684" publication-type="other">
Tedeschi, Bob (2000), "Easier to Use Sites Would Help e-Tailers
Close More Sales," New York Times (June 12).</mixed-citation>
         </ref>
         <ref id="d13188e1695a1310">
            <mixed-citation id="d13188e1699" publication-type="other">
Tellis, Gerard J. (1988), "Advertising Exposure, Brand Loyalty
and Purchase: A Two-Stage Model of Choice," Journal of
Marketing Research, 25, 134-144.</mixed-citation>
         </ref>
         <ref id="d13188e1712a1310">
            <mixed-citation id="d13188e1716" publication-type="other">
Thomas, Rhonda R., Richard S. Barr, William L. Cron, and John
W. Slocum, Jr. (1998), "A Process for Evaluating Retail
Store Efficiency: A Restricted DEA Approach," International
Journal of Research in Marketing, 15, 487-503.</mixed-citation>
         </ref>
         <ref id="d13188e1732a1310">
            <mixed-citation id="d13188e1736" publication-type="other">
Van Raaij, W. Fred (1989), "How Consumers React to Advertis-
ing," International Journal of Advertising, 8, 261-273.</mixed-citation>
         </ref>
         <ref id="d13188e1746a1310">
            <mixed-citation id="d13188e1750" publication-type="other">
Wang, George C. S., and Chaman L. Jain (2003), Regression Analy-
sis: Modeling and Forecasting, New York: Grace way.</mixed-citation>
         </ref>
         <ref id="d13188e1760a1310">
            <mixed-citation id="d13188e1764" publication-type="other">
Woodside, Arch G., and Chris Dubelaar (2003), "Increasing
Quality in Measuring Advertising Effectiveness: A Meta-
Analysis of Question Framing in Conversion Studies,"
Journal of Advertising Research, 43, 78-85.</mixed-citation>
         </ref>
         <ref id="d13188e1780a1310">
            <mixed-citation id="d13188e1784" publication-type="other">
Xue, Mei, and Patrick T. Harker (2002), "Note: Ranking Brands
with Infeasible Super-Efficiency DEA Models," Management
Science, 48,705-710.</mixed-citation>
         </ref>
         <ref id="d13188e1798a1310">
            <mixed-citation id="d13188e1802" publication-type="other">
Ye, Gewei, and W. Fred van Raaij (1997), "What Inhibits the
Mere-Exposure Effect: Recollection of Familianty?" Journal
of Economic Psychology, 18, 629-648.</mixed-citation>
         </ref>
         <ref id="d13188e1815a1310">
            <mixed-citation id="d13188e1819" publication-type="other">
Yelkur, Rama, Chuck Tomkovick, and Patty Traczyk (2004), "Super
Bowl Advertising Effectiveness: Hollywood Finds the Games
Golden," Journal of Advertising Research, 44, 143-159.</mixed-citation>
         </ref>
         <ref id="d13188e1832a1310">
            <mixed-citation id="d13188e1836" publication-type="other">
Yoo, Boonghee, and RujirutanaMandhachitara(2003), "Estimat-
ing Advertising Effects on Sales in a Competitive Setting,"
Journal of Advertising Research, 43, 310-321.</mixed-citation>
         </ref>
         <ref id="d13188e1849a1310">
            <mixed-citation id="d13188e1853" publication-type="other">
Zhu, Joe (1998), "Data Envelopment Analysis Vs. Principal
Component Analysis: An Illustrative Study of Economic
Performance of Chinese Cities," European Journal of Opera-
tional Research, 111, 50-61.</mixed-citation>
         </ref>
      </ref-list>
   </back>
</article>
