<article dtd-version="1.0" article-type="research-article">
   <front>
      <journal-meta>
         <journal-id xmlns:xlink="http://www.w3.org/1999/xlink" journal-id-type="jstor">jadve</journal-id>
         <journal-id xmlns:xlink="http://www.w3.org/1999/xlink" journal-id-type="jstor">j101355</journal-id>
         <journal-title-group xmlns:xlink="http://www.w3.org/1999/xlink">
            <journal-title>Journal of Advertising</journal-title>
         </journal-title-group>
         <publisher>
            <publisher-name>M. E. Sharpe, Inc.</publisher-name>
         </publisher>
         <issn xmlns:xlink="http://www.w3.org/1999/xlink" pub-type="ppub">00913367</issn>
         <issn xmlns:xlink="http://www.w3.org/1999/xlink" pub-type="epub">15577805</issn>
      </journal-meta>
      <article-meta>
         <article-id xmlns:xlink="http://www.w3.org/1999/xlink" pub-id-type="jstor">20460787</article-id>
         <article-id pub-id-type="pub-doi">10.2753/JOA0091-3367360208</article-id>
         <title-group>
            <article-title>Advertiser Pressure on Daily Newspapers: A Survey of Advertising Sales Executives</article-title>
         </title-group>
         <contrib-group>
            <contrib>
               <string-name xmlns:xlink="http://www.w3.org/1999/xlink">
                  <given-names>Soontae</given-names>
                  <surname>An</surname>
               </string-name>
            </contrib>
            <contrib>
               <string-name xmlns:xlink="http://www.w3.org/1999/xlink">
                  <given-names>Lori</given-names>
                  <surname>Bergen</surname>
               </string-name>
            </contrib>
         </contrib-group>
         <pub-date xmlns:xlink="http://www.w3.org/1999/xlink">
            <day>1</day>
            <month>7</month>
            <year>2007</year>
         </pub-date>
         <volume>36</volume>
         <issue>2</issue>
         <issue-id xmlns:xlink="http://www.w3.org/1999/xlink">i20460777</issue-id>
         <fpage>111</fpage>
         <lpage>121</lpage>
         <permissions>
            <copyright-statement>Copyright 2007 American Academy of Advertising</copyright-statement>
         </permissions>
         <self-uri xmlns:xlink="http://www.w3.org/1999/xlink"
                   xlink:href="http://www.jstor.org/stable/20460787"/>
         <abstract>
            <p>Despite increasing concern over advertisers' influence on news content, little is known about how advertising sales executives handle balancing their business goals and the ultimate organizational goal--integrity of the news product--in their daily decision making. This study examines how and to what extent advertising sales executives deal with advertiser influences on news content. A survey of 219 advertising directors at U.S. daily newspapers showed frequent conflicts between the business side and the journalism side of the newspaper operation. Those at small newspapers or chain-owned newspapers were more likely to endorse scenarios where editorial integrity was compromised to please or refrain from offending their advertisers.</p>
         </abstract>
         <custom-meta-group xmlns:xlink="http://www.w3.org/1999/xlink">
            <custom-meta>
               <meta-name>lang</meta-name>
               <meta-value>eng</meta-value>
            </custom-meta>
         </custom-meta-group>
      </article-meta>
   </front>
   <back>
      <ref-list>
         <title>References</title>
         <ref id="d24919e131a1310">
            <mixed-citation id="d24919e135" publication-type="other">
Bagdikian, Ben H. (1987), The Media Monopoly, 2d ed., Boston:
Beacon Press.</mixed-citation>
         </ref>
         <ref id="d24919e145a1310">
            <mixed-citation id="d24919e149" publication-type="other">
Baker, C. Edwin (1994), Ownership of Newspapers: The View from
Positivist Social Science, Cambridge: Harvard University, Joan
Shorenstein Center.</mixed-citation>
         </ref>
         <ref id="d24919e162a1310">
            <mixed-citation id="d24919e166" publication-type="other">
Behrman, Douglas M., and William D. Perreault, Jr. (1984),
"A Role Stress Model of the Performance and Satisfaction
of Industrial Salespersons," Journal of Marketing, 48 (Fall),
9-21.</mixed-citation>
         </ref>
         <ref id="d24919e182a1310">
            <mixed-citation id="d24919e186" publication-type="other">
Blankenburg, William B. (1983), "A Newspaper Chain's Pricing
Behavior," Journalism Quarterly, 60 (Spring), 275-280.</mixed-citation>
         </ref>
         <ref id="d24919e197a1310">
            <mixed-citation id="d24919e201" publication-type="other">
Boulton, William R., William M. Lindsay, Stephen G. Franklin,
and Leslie Rue (1982), "Strategic Planning: Determining
the Impact of Environmental Characteristics and Uncer-
tainty," Academy of Management Journal, 25 (September),
500-509.</mixed-citation>
         </ref>
         <ref id="d24919e220a1310">
            <mixed-citation id="d24919e224" publication-type="other">
Busterna, John C. (1988), "National Advertising Pricing: Chain
V. Independent Newspapers," Journalism Quarterly, 65
(Spring), 307-312.</mixed-citation>
         </ref>
         <ref id="d24919e237a1310">
            <mixed-citation id="d24919e241" publication-type="other">
— (1989), "How Managerial Ownership Affects Profit
Maximization in Newspaper Firms," Journalism Quarterly,
66 (Spring), 302-307.</mixed-citation>
         </ref>
         <ref id="d24919e254a1310">
            <mixed-citation id="d24919e258" publication-type="other">
Chonko, Lawrence, Roy D. Howell, and Danny N. Bellenger
(1986), "Congruence in Sales Force Evaluations: Relation to
Sales Force Perceptions of Conflict and Ambiguity, "Journal
of Personal Selling and Sales Management, 6 (May), 35-48.</mixed-citation>
         </ref>
         <ref id="d24919e274a1310">
            <mixed-citation id="d24919e278" publication-type="other">
Conrath, David W. (1967), "Organizational Climate and Job
Satisfaction in the Sales Force," Journal of Marketing Research,
13 (November), 323-332.</mixed-citation>
         </ref>
         <ref id="d24919e291a1310">
            <mixed-citation id="d24919e295" publication-type="other">
Cranberg, Gilbert (1993), "Battles with Advertisers Usually
Are Fought Out of the Public Eye (Ethics)," Bulletin of the
American Society of Newspaper Editors, 749 (April), 12-14.</mixed-citation>
         </ref>
         <ref id="d24919e309a1310">
            <mixed-citation id="d24919e313" publication-type="other">
Davis, Nancy M. (1996), "Protecting the Franchise: A Rash of
Buyouts Renews Debate on Newsroom Staff Size," Presstime,
18 (April), 27-30.</mixed-citation>
         </ref>
         <ref id="d24919e326a1310">
            <mixed-citation id="d24919e330" publication-type="other">
Deal, Terrence E., and Allan A. Kennedy (1982), Corporate Cul-
tures, Reading, MA: Addison-Wesley.</mixed-citation>
         </ref>
         <ref id="d24919e340a1310">
            <mixed-citation id="d24919e344" publication-type="other">
Demers, David (1991), "Corporate Structure and Emphasis on
Profits and Product Quality at U.S. Daily Newspapers,"
Journalism Quarterly, 68 (Spring), 15-26.</mixed-citation>
         </ref>
         <ref id="d24919e357a1310">
            <mixed-citation id="d24919e361" publication-type="other">
— (1996), "Corporate Newspaper Structure, Editorial Page
Vigor, and Social Change" Journalism and Mass Communica-
tion Quarterly, 73 (Winter), 857-877.</mixed-citation>
         </ref>
         <ref id="d24919e374a1310">
            <mixed-citation id="d24919e378" publication-type="other">
— (1998), "Revisiting Corporate Newspaper Structure and
Profit Making," Journal of Media Economics, 11 (2), 19-45.</mixed-citation>
         </ref>
         <ref id="d24919e388a1310">
            <mixed-citation id="d24919e392" publication-type="other">
—, and Debra Merskin (2000), "Corporate News Structure
and the Managerial Revolution," Journal of Media Economics,
13(2), 103-121.</mixed-citation>
         </ref>
         <ref id="d24919e406a1310">
            <mixed-citation id="d24919e410" publication-type="other">
—, and Daniel B. Wackman (1988), "Effect of Chain Owner-
ship on Newspaper Management Goals," Newspaper Research
Journal, 9 (Winter), 59-68.</mixed-citation>
         </ref>
         <ref id="d24919e423a1310">
            <mixed-citation id="d24919e427" publication-type="other">
Doctor, Ken (1995), "The Why and How Behind Newsroom
Changes in St. Paul: Change Communique," A Quarterly
Newsletter for Knight-Ridder Newsroom Change Agents, 1.</mixed-citation>
         </ref>
         <ref id="d24919e440a1310">
            <mixed-citation id="d24919e444" publication-type="other">
Drumwright, Minette, and Patrick E. Murphy (2004), "How
Advertising Practitioners View Ethics: Moral Muteness,
Moral Myopia, and Moral Imagination, "Journal of Advertis-
ing, 33 (2), 7-24.</mixed-citation>
         </ref>
         <ref id="d24919e460a1310">
            <mixed-citation id="d24919e464" publication-type="other">
Dubinsky, Alan J., and Michael Levy (1985), "Ethics in Retailing:
Perceptions of Retail Salespeople," Journal of the Academy of
Marketing Science, 13 (1), 1-16.</mixed-citation>
         </ref>
         <ref id="d24919e477a1310">
            <mixed-citation id="d24919e481" publication-type="other">
Dunfee, Thomas W., N. Craig Smith, and William T. Ross, Jr.
(1999), "Social Contracts and Marketing ethics" Journal of
Marketing, 63 (July), 14-32.</mixed-citation>
         </ref>
         <ref id="d24919e494a1310">
            <mixed-citation id="d24919e498" publication-type="other">
Editor &amp;amp; Publisher Co. (2003), Editor and Publisher International
Year Book, New York.</mixed-citation>
         </ref>
         <ref id="d24919e509a1310">
            <mixed-citation id="d24919e513" publication-type="other">
Ferrell, O. C., Mary Zey-Ferrell, and Dean Krugman (1983),
"Comparisons of Predictors of Ethical and Unethical Behav-
iors Among Corporate and Advertising Agency Managers,"
Journal of Macromarketing, 3 (Spring), 19-27.</mixed-citation>
         </ref>
         <ref id="d24919e529a1310">
            <mixed-citation id="d24919e533" publication-type="other">
Gade, Peter (2002), "Managing Change: Newspaper Editors'
Attitudes Toward Integrating Marketing and Journalism,"
Newspaper Research Journal, 23 (2), 142-152.</mixed-citation>
         </ref>
         <ref id="d24919e546a1310">
            <mixed-citation id="d24919e550" publication-type="other">
Gersh, Debra (1992), "Study Asserts That Ad Pressure Censors
Media," Editor and Publisher, 125 (12), 41-42.</mixed-citation>
         </ref>
         <ref id="d24919e560a1310">
            <mixed-citation id="d24919e564" publication-type="other">
Hays, Robert G., and Ann E. Reisner (1990), "Feeling the Heat
from Advertisers: Farm Magazine Writers and Ethical
Pressures, "Journalism and Mass Communication Quarterly, 61
(Winter), 936-942.</mixed-citation>
         </ref>
         <ref id="d24919e580a1310">
            <mixed-citation id="d24919e584" publication-type="other">
Herman, Edward S. (1985), "Diversity of News: 'Marginal-
izing' the Opposition," Journal of Communication, 35 (2),
135-146.</mixed-citation>
         </ref>
         <ref id="d24919e597a1310">
            <mixed-citation id="d24919e601" publication-type="other">
Howland, Jennifer (1989), "Ad Vs. Edit: The Pressure Mounts,"
Folio: Magazines for Magazine Management, 18 (12), 92-
100.</mixed-citation>
         </ref>
         <ref id="d24919e615a1310">
            <mixed-citation id="d24919e621" publication-type="other">
Hunt, Shelby D., and Lawrence B. Chonko (1987), "Ethical
Problems of Advertising Agency Executives," Journal of
Advertising, 16(4), 16-24.</mixed-citation>
         </ref>
         <ref id="d24919e634a1310">
            <mixed-citation id="d24919e638" publication-type="other">
—, Van R. Wood, and Lawrence B. Chonko (1989), "Cor-
porate Ethical Values and Organizational Commitment in
Marketing," Journal of Marketing, 53 (July), 79-90.</mixed-citation>
         </ref>
         <ref id="d24919e651a1310">
            <mixed-citation id="d24919e655" publication-type="other">
Hyman, Michael R., and Susan D. Steiner (1996), "The Vignette
Method in Business Ethics Research: Current Uses, Limita-
tions and Recommendations," in Marketing: Moving Toward
the 21st Century, Elnora W. Stuart, David J. Ortinau, and
Ellen M. Moore, eds., Rock Hill, SC: Southern Marketing
Association, 261-265.</mixed-citation>
         </ref>
         <ref id="d24919e678a1310">
            <mixed-citation id="d24919e682" publication-type="other">
—, Richard Tansey, and James W. Clark (1994), "Research
on Advertising Ethics: Past, Present, and Future," Journal
of Advertising, 23 (3), 5-16.</mixed-citation>
         </ref>
         <ref id="d24919e695a1310">
            <mixed-citation id="d24919e699" publication-type="other">
James, E. Lincoln, Cornelius B. Pratt, and Tommy V. Smith
(1994), "Advertising Ethics: Practitioners and Student
Perspectives," Journal of Mass Media Ethics, 9 (2), 69-83.</mixed-citation>
         </ref>
         <ref id="d24919e712a1310">
            <mixed-citation id="d24919e716" publication-type="other">
Jones, Gwen E., and Michael J. Kavanaugh (1996), "An Experi-
mental Examination of the Effects of Individual and Situ-
ational Factors on Unethical Behavioral Intentions in the
Workplace," Journal of'Business Ethics, 15 (5), 511-523.</mixed-citation>
         </ref>
         <ref id="d24919e733a1310">
            <mixed-citation id="d24919e737" publication-type="other">
Keith, Nany K., Charles E. Petti John, and Melissa S. Burnett
(2003), "An Empirical Evaluation of the Effect of Peer and
Managerial Ethical Behaviors and the Ethical Predisposi-
tions of Prospective Advertising Employees," Journal of
Business Ethics, 48 (3), 251-265.</mixed-citation>
         </ref>
         <ref id="d24919e756a1310">
            <mixed-citation id="d24919e760" publication-type="other">
Kellner, Douglas (1990), Television and the Crisis of Democracy,
Boulder, CO: Westview.</mixed-citation>
         </ref>
         <ref id="d24919e770a1310">
            <mixed-citation id="d24919e774" publication-type="other">
Lantos, Geoffrey P. (1999), "Motivating Moral Corporate Behav-
ior," Journal of Consumer Marketing, 16(3), 222-223.</mixed-citation>
         </ref>
         <ref id="d24919e784a1310">
            <mixed-citation id="d24919e788" publication-type="other">
Leifer, Richard P., and Andre Delbecq (1978), "Organization/Envi-
ronment Interchange: A Model of Boundary Spanning Activ-
ity," Academy of Management Review, 3 (January), 40-50.</mixed-citation>
         </ref>
         <ref id="d24919e801a1310">
            <mixed-citation id="d24919e805" publication-type="other">
Lesly, Elizabeth (1991), "Realtors and Builders Demand Happy
News . . . and Often Get It," Washington Journalism Review,
13 (November), 21-23.</mixed-citation>
         </ref>
         <ref id="d24919e818a1310">
            <mixed-citation id="d24919e822" publication-type="other">
Lysonski, Steven (1985), "A Boundary Theory Investigation
of the Product Manager's Role," Journal of Marketing, 49
(Winter), 26-40.</mixed-citation>
         </ref>
         <ref id="d24919e836a1310">
            <mixed-citation id="d24919e840" publication-type="other">
—, Alan Singer, and David Wilemon (1992), "Coping with
Environmental Uncertainty and Boundary Spanning in
the Product Manager's Role," Journal of Product and Brand
Management, 1 (Spring), 25-36.</mixed-citation>
         </ref>
         <ref id="d24919e856a1310">
            <mixed-citation id="d24919e860" publication-type="other">
McChesney, Robert W. (1997), Corporate Media and the Threat to
Democracy, New York: Seven Stories Press.</mixed-citation>
         </ref>
         <ref id="d24919e870a1310">
            <mixed-citation id="d24919e874" publication-type="other">
McGrath, Kristin, and Cecilie Garziano (1986), "Dimensions of
Media Credibility: Highlights of thel985 ASNE Survey,"
Newspaper Research Journal, 7 (2), 55-67.</mixed-citation>
         </ref>
         <ref id="d24919e887a1310">
            <mixed-citation id="d24919e891" publication-type="other">
McLellan, Michelle (2002), "LA Times/Staples Center," American
Society of Newspaper Editors, available at www.asne.org/credi-
bilityhandbook/discussionguilde2.htm (accessed January
18, 2006).</mixed-citation>
         </ref>
         <ref id="d24919e907a1310">
            <mixed-citation id="d24919e911" publication-type="other">
McManus, John H. (1994), Market-Driven Journalism: Let the
Citizen Beware, Thousand Oaks, CA: Sage.</mixed-citation>
         </ref>
         <ref id="d24919e921a1310">
            <mixed-citation id="d24919e925" publication-type="other">
Meyer, Philip (1995), "Learning to Love Lower Profits," American
Journalism Review, 17 (10), 40-44.</mixed-citation>
         </ref>
         <ref id="d24919e936a1310">
            <mixed-citation id="d24919e942" publication-type="other">
Moon, Young Sook, and George R. Franke (2000), "Cultural
Influences on Agency Practitioners' Ethical Perceptions: A
Comparison of Korea and the U.S.," Journal of Advertising,
29 (Spring), 51-65.</mixed-citation>
         </ref>
         <ref id="d24919e958a1310">
            <mixed-citation id="d24919e962" publication-type="other">
Overholser, Geneva (1997), "Blurring the News," Washington
Post (June 1), C8.</mixed-citation>
         </ref>
         <ref id="d24919e972a1310">
            <mixed-citation id="d24919e976" publication-type="other">
Pellegrin, Roland J., and Charles E. Coates (1956), "Absentee-
Owned Corporations and Community Power Structure,"
American Journal of Sociology, 61 (2), 413-419.</mixed-citation>
         </ref>
         <ref id="d24919e989a1310">
            <mixed-citation id="d24919e993" publication-type="other">
Price, Cindy J. (2003), "Interfering Owners or Meddling Ad-
vertisers: How Network Television News Correspondents
Feel About Ownership and Advertiser Influence on News
Stories, " Journal of Media Economics, 16(3), 175-188.</mixed-citation>
         </ref>
         <ref id="d24919e1009a1310">
            <mixed-citation id="d24919e1013" publication-type="other">
Risser, James (2000), "Lessons from L.A.: The Wall is Heading
Back," Columbia Journalism Review, 38 (5), 26-27, available
at http://archives.cjr.Org/year/00/1/lalessons.asp (accessed
November 15, 2005).</mixed-citation>
         </ref>
         <ref id="d24919e1029a1310">
            <mixed-citation id="d24919e1033" publication-type="other">
Rokeach, Milton J. (1968), Beliefs, Attitudes and Values, San
Francisco: Jossey-Bass.</mixed-citation>
         </ref>
         <ref id="d24919e1044a1310">
            <mixed-citation id="d24919e1048" publication-type="other">
Roos, Leslie, and Frederick Starke (1981), "Organizational Roles,"
in Handbook of Organizational Design, Paul C. Nystrom and
William H. Starbuck, eds., New York: Oxford Press.</mixed-citation>
         </ref>
         <ref id="d24919e1061a1310">
            <mixed-citation id="d24919e1065" publication-type="other">
Rosenstiel, Tom (1997), "Investing in Integrity Pays," New York
Times (October 20), A19.</mixed-citation>
         </ref>
         <ref id="d24919e1075a1310">
            <mixed-citation id="d24919e1079" publication-type="other">
Rotzoll, Kim B., and Clifford G. Christians (1980), "Advertising
Agency Practitioners' Perceptions of Ethical Decisions,"
Journalism Quarterly, 57 (Autumn), 425-431.</mixed-citation>
         </ref>
         <ref id="d24919e1092a1310">
            <mixed-citation id="d24919e1096" publication-type="other">
Shepard, Alicia C. (1997), "Blowing Up the Wall," American
Journalism Review, 19 (10), 164-172.</mixed-citation>
         </ref>
         <ref id="d24919e1106a1310">
            <mixed-citation id="d24919e1110" publication-type="other">
Singer, Steve (1991), "Auto Dealers Muscle the Newsroom,"
Washington Journalism Review, 13 (September), 25-28.</mixed-citation>
         </ref>
         <ref id="d24919e1120a1310">
            <mixed-citation id="d24919e1124" publication-type="other">
Singh, Jagdip (1993), "Boundary Role Ambiguity: Facets, De-
terminants, and Impacts," Journal of Marketing, 57 (April),
11-31.</mixed-citation>
         </ref>
         <ref id="d24919e1138a1310">
            <mixed-citation id="d24919e1142" publication-type="other">
Smircich, Linda (1983), "Concepts of Culture and Organizational
Analysis," Administrative Science Quarterly, 28 (September),
339-358.</mixed-citation>
         </ref>
         <ref id="d24919e1155a1310">
            <mixed-citation id="d24919e1159" publication-type="other">
Smith, Terence (1999), "Trouble at the L.A. Times," News Hour
with Jim Lehrer (PBS; December 16), available at www.pbs
.org/newshour/bb/media/july-dec99/la_times_12-16.html
(accessed November 15, 2005).</mixed-citation>
         </ref>
         <ref id="d24919e1175a1310">
            <mixed-citation id="d24919e1179" publication-type="other">
Spence, Edward, and Brett V. Heekeren (2005), Advertising Ethics,
Upper Saddle River, NJ: Prentice Hall.</mixed-citation>
         </ref>
         <ref id="d24919e1189a1310">
            <mixed-citation id="d24919e1193" publication-type="other">
Soley, Lawrence C., and Robert L. Craig (1992), "Advertising
Pressures on Newspapers: A Survey," Journal of Advertising,
21 (4), 1-10.</mixed-citation>
         </ref>
         <ref id="d24919e1206a1310">
            <mixed-citation id="d24919e1210" publication-type="other">
Solomon, Robert C. (1992), Ethics and Excellence, New York:
Oxford University Press.</mixed-citation>
         </ref>
         <ref id="d24919e1220a1310">
            <mixed-citation id="d24919e1224" publication-type="other">
Stein, M. L. (1997), "Good Journalism and the Bottom Line,"
Editor and Publisher, 130 (29), 10-13.</mixed-citation>
         </ref>
         <ref id="d24919e1235a1310">
            <mixed-citation id="d24919e1239" publication-type="other">
Underwood, Douglas M. (1993), When MB As Rule the Newsroom:
How the Marketers and Managers are Reshaping Today's Media,
New York: Columbia University Press.</mixed-citation>
         </ref>
         <ref id="d24919e1252a1310">
            <mixed-citation id="d24919e1256" publication-type="other">
— (1998), "It's Not Just in L.A.," Columbia Journalism
Review, 36 (5), 27.</mixed-citation>
         </ref>
         <ref id="d24919e1266a1310">
            <mixed-citation id="d24919e1270" publication-type="other">
Weber, James (1992), "Scenarios in Business Ethics Research:
Review, Critical Assessment, and Recommendations," Busi-
ness Ethics Quarterly, 2 (April), 137-160.</mixed-citation>
         </ref>
         <ref id="d24919e1283a1310">
            <mixed-citation id="d24919e1287" publication-type="other">
Weed, Stanley E., and Terence R. Mitchell (1980), "The Role of
Environmental and Behavioral Uncertainty as a Mediator of
Situation-Performance Relationships," Academy of Manage-
ment Journal, 23 (March), 38-60.</mixed-citation>
         </ref>
         <ref id="d24919e1303a1310">
            <mixed-citation id="d24919e1307" publication-type="other">
Williams, Wendy S. (1992), "For Sale: Real Estate Advertising
and Editorial Decisions About Real Estate News," Newspaper
Research Journal, 13 (Winter/Spring), 160-169.</mixed-citation>
         </ref>
         <ref id="d24919e1320a1310">
            <mixed-citation id="d24919e1324" publication-type="other">
Woodruff, Paul (2001), Reverence: Renewing a Forgotten Virtue, New
York: Oxford University Press.</mixed-citation>
         </ref>
      </ref-list>
   </back>
</article>
