<article dtd-version="1.0" article-type="research-article">
   <front>
      <journal-meta>
         <journal-id xmlns:xlink="http://www.w3.org/1999/xlink" journal-id-type="jstor">jadve</journal-id>
         <journal-id xmlns:xlink="http://www.w3.org/1999/xlink" journal-id-type="jstor">j101355</journal-id>
         <journal-title-group xmlns:xlink="http://www.w3.org/1999/xlink">
            <journal-title>Journal of Advertising</journal-title>
         </journal-title-group>
         <publisher>
            <publisher-name>M. E. Sharpe, Inc.</publisher-name>
         </publisher>
         <issn xmlns:xlink="http://www.w3.org/1999/xlink" pub-type="ppub">00913367</issn>
         <issn xmlns:xlink="http://www.w3.org/1999/xlink" pub-type="epub">15577805</issn>
      </journal-meta>
      <article-meta>
         <article-id xmlns:xlink="http://www.w3.org/1999/xlink" pub-id-type="jstor">20460852</article-id>
         <article-id pub-id-type="pub-doi">10.2753/JOA0091-3367370302</article-id>
         <title-group>
            <article-title>Chronological Age versus Cognitive Age for Younger Consumers: Implications for Advertising Persuasion</article-title>
         </title-group>
         <contrib-group>
            <contrib>
               <string-name xmlns:xlink="http://www.w3.org/1999/xlink">
                  <given-names>Chingching</given-names>
                  <surname>Chang</surname>
               </string-name>
            </contrib>
         </contrib-group>
         <pub-date xmlns:xlink="http://www.w3.org/1999/xlink">
            <day>1</day>
            <month>10</month>
            <year>2008</year>
         </pub-date>
         <volume>37</volume>
         <issue>3</issue>
         <issue-id xmlns:xlink="http://www.w3.org/1999/xlink">i20460848</issue-id>
         <fpage>19</fpage>
         <lpage>32</lpage>
         <permissions>
            <copyright-statement>Copyright 2008 American Academy of Advertising</copyright-statement>
         </permissions>
         <self-uri xmlns:xlink="http://www.w3.org/1999/xlink"
                   xlink:href="http://www.jstor.org/stable/20460852"/>
         <abstract>
            <p>This study explores the influence that the congruency between the perceived age of advertising models and consumers' cognitive and chronological ages has on younger consumers' responses to advertising. Findings showed that a high congruency between the model's perceived age and the consumer's cognitive age predicted higher degrees of "for-me" perceptions, perceived affinity between the self and the brand, brand evaluation involvement, self-referencing, and positive brand attitudes. Most important, mediation analyses demonstrated that the congruency between the perceived model age and consumer cognitive age influenced brand attitudes via its influence on "for-me" perceptions, perceived self-brand affinity, brand evaluation involvement, and self-referencing. In contrast, a high congruency between the model's perceived age and the consumer's chronological age predicted a higher degree of "for-me" perceptions, but did not predict greater levels of perceived affinity, brand evaluation involvement, self-referencing, or positive brand attitudes.</p>
         </abstract>
         <custom-meta-group xmlns:xlink="http://www.w3.org/1999/xlink">
            <custom-meta>
               <meta-name>lang</meta-name>
               <meta-value>eng</meta-value>
            </custom-meta>
         </custom-meta-group>
      </article-meta>
   </front>
   <back>
      <ref-list>
         <title>References</title>
         <ref id="d5506e128a1310">
            <mixed-citation id="d5506e132" publication-type="other">
Aaker, Jennifer, and Angela Y. Lee (2001), "'I' Seek Pleasures
and 'We' Avoid Pains: The Role of Self-Regulatory Goals in
Information Processing and Persuasion, " Journal of Consumer
Research, 28 (1), 33-49.</mixed-citation>
         </ref>
         <ref id="d5506e148a1310">
            <mixed-citation id="d5506e152" publication-type="other">
Barak, Benny (1987), "Cognitive Age: A New Multidimensional
Approach to Measuring Age Identity," International Journal
of Aging and Human Development, 25 (2), 109-127.</mixed-citation>
         </ref>
         <ref id="d5506e165a1310">
            <mixed-citation id="d5506e169" publication-type="other">
— (1998), "Inner-Ages of Middle-Aged Prime-Lifers," In-
ternationaljournal of Aging and Human Development, 46 (3),
189-228.</mixed-citation>
         </ref>
         <ref id="d5506e182a1310">
            <mixed-citation id="d5506e186" publication-type="other">
—, and Stephen Gould (1985), "Alternative Age Measures:
A Research Agenda," in Advances in Consumer Research,
Elizabeth C. Hirschman and Morris B. Holbrook, eds., Ann
Arbor: Association for Consumer Research, 12, 53-58.</mixed-citation>
         </ref>
         <ref id="d5506e203a1310">
            <mixed-citation id="d5506e207" publication-type="other">
-, and Leon G. Schiffman (1981), "Cognitive Age: A
Nonchronological Age Variable," in Advances in Consumer
Research, Jerry C. Olsen, ed., Ann Arbor, MI: Association
for Consumer Research, 7, 602-606.</mixed-citation>
         </ref>
         <ref id="d5506e223a1310">
            <mixed-citation id="d5506e227" publication-type="other">
—, and Barbara Stern (1985), "Women's Age in Advertising:
An Examination of Two Consumer Age Profiles," Journal of
Advertising Research, 25 (6), 38-47.</mixed-citation>
         </ref>
         <ref id="d5506e240a1310">
            <mixed-citation id="d5506e244" publication-type="other">
—, Anil Mathur, Keun Lee, and Yong Zhang (2001), "Per-
ceptions of Age-Identity: A Cross-Cultural Inner-Age Ex-
ploration," Psychology and Marketing, 18(10), 1003-1029.</mixed-citation>
         </ref>
         <ref id="d5506e257a1310">
            <mixed-citation id="d5506e261" publication-type="other">
Baron, Reuben M., and David A. Kenny (1986), "The Modera-
tor-Mediator Variable Distinction in Social Psychological
Research: Conceptual, Strategic, and Statistical Consider-
ations," Journal of Personality and Social Psychology, 51 (6),
1173-1182.</mixed-citation>
         </ref>
         <ref id="d5506e280a1310">
            <mixed-citation id="d5506e286" publication-type="other">
Bei, Lien-ti, and Etta Chen (2005), "The Influences of Cogni-
tive Age on Consumers' Brand Preferences and Choices,"
paper presented at the Twelfth International Conference
on Recent Advances in Retailing and Consumer Services
Science, Orlando, July.</mixed-citation>
         </ref>
         <ref id="d5506e305a1310">
            <mixed-citation id="d5506e309" publication-type="other">
—, and Yu-ching Chiao (2003), "An Exploratory Study
of the Cognitive Age Versus Chronological Age of Teens
and Adults in Taiwan," paper presented at the Society for
Consumer Psychology Winter Conference, New Orleans,
February 20-22.</mixed-citation>
         </ref>
         <ref id="d5506e329a1310">
            <mixed-citation id="d5506e333" publication-type="other">
Burnkrant, Robert E., and H. Rao Unnava (1995), "Effects of
Self-Referencing on Persuasion" Journal of Consumer Research,
22 (1), 17-26.</mixed-citation>
         </ref>
         <ref id="d5506e346a1310">
            <mixed-citation id="d5506e350" publication-type="other">
Carrigan, Marylyn, and Isabelle Szmigin (1999), "The Portrayal
of Older Characters in Magazine Advertising," Journal of
Marketing Practice, 5 (6/7/8), 248-258.</mixed-citation>
         </ref>
         <ref id="d5506e363a1310">
            <mixed-citation id="d5506e367" publication-type="other">
Chang, Chingching (2000), "The Effects of Personality Differ-
ences on Product Evaluations," in Advances in Consumer Re-
search, Susan Broniarczyk and Kent Nakamoto, eds., Valdosa,
GA: Association for Consumer Research, 28, 26-33.</mixed-citation>
         </ref>
         <ref id="d5506e383a1310">
            <mixed-citation id="d5506e387" publication-type="other">
— (2002), "Self-Congruency as a Cue in Different Advertis-
ing Processing Contexts," Communication Research, 29 (5),
503-536.</mixed-citation>
         </ref>
         <ref id="d5506e400a1310">
            <mixed-citation id="d5506e404" publication-type="other">
— (2005), "Ad-Self-Congruency Effects: Self-Enhancing
Cognitive and Affective Mechanisms," Psychology and Mar-
keting, 22(11), 887-910.</mixed-citation>
         </ref>
         <ref id="d5506e417a1310">
            <mixed-citation id="d5506e421" publication-type="other">
— (2007), "The Relative Effectiveness of Comparative and
Noncomparative Advertising: Evidence for Gender Dif-
ferences in Information-Processing Strategies," Journal of
Advertising, 36 (1), 21-35.</mixed-citation>
         </ref>
         <ref id="d5506e438a1310">
            <mixed-citation id="d5506e442" publication-type="other">
— (2008), "The Global Look: The Effectiveness of Ads
Featuring Western Models and English Brand Names in
an Asian Market," Journal of Advertising Research, 48 (2),
199-214.</mixed-citation>
         </ref>
         <ref id="d5506e458a1310">
            <mixed-citation id="d5506e462" publication-type="other">
Chaplin, Lan Nguyen, and Deborah Roedder John (2005),
"The Development of Self-Brand Connections in Children
and Adolescents," Journal of Consumer Research, 32 (1),
119-129.</mixed-citation>
         </ref>
         <ref id="d5506e478a1310">
            <mixed-citation id="d5506e482" publication-type="other">
Debevec, Kathleen, and Easwar Iyer (1988), "Self-Referencing
as a Mediator of the Effectiveness of Sex-Role Portrayals in
Advertising," Psychology and Marketing, 5 (1), 71-84.</mixed-citation>
         </ref>
         <ref id="d5506e495a1310">
            <mixed-citation id="d5506e499" publication-type="other">
DeSarbo, Wayne S., Juyoung Kim, S. Chan Choi, and Melinda
Spaulding (2002), "A Gravity-Based Multidimensional Scal-
ing Model for Deriving Spatial Structures Underlying Con-
sumer Performance/Choice Judgments," Journal of Consumer
Research, 29 (1), 91-101.</mixed-citation>
         </ref>
         <ref id="d5506e518a1310">
            <mixed-citation id="d5506e522" publication-type="other">
Deshpande, Rohit, and Douglas M. Stayman (1994), "A Tale of
Two Cities: Distinctiveness Theory and Advertising Effec-
tiveness, "Journal of Marketing Research, 31 (1), 57-64.</mixed-citation>
         </ref>
         <ref id="d5506e535a1310">
            <mixed-citation id="d5506e539" publication-type="other">
Eastern Integrated Consumer Profile (2004), "Eastern Integrated
Consumer Profile Database," Professional Lifestyle and
Consumer Market Research Consultant, available at www
.isurvey.com.tw (accessed October 1, 2004).</mixed-citation>
         </ref>
         <ref id="d5506e556a1310">
            <mixed-citation id="d5506e560" publication-type="other">
Eastman, Jacqueline K., and Rajesh Iyer (2005), "The Elderly s
Uses and Attitudes Towards the Internet," Journal of Con-
sumer Marketing, 21 (3), 208-220.</mixed-citation>
         </ref>
         <ref id="d5506e573a1310">
            <mixed-citation id="d5506e579" publication-type="other">
Forehand, Mark R., and Rohit Deshpande (2001), "What We See
Makes Us Who We Are: Priming Ethnic Self-Awareness
and Advertising Response," Journal of Marketing Research,
28 (3), 336-348.</mixed-citation>
         </ref>
         <ref id="d5506e595a1310">
            <mixed-citation id="d5506e599" publication-type="other">
George, Linda K., Elizabeth J. Mutran, and Margaret R. Pen-
nybacker (1980), "The Meaning and Measurement of Age
Identity," Experimental Aging Research, 6 (3), 283-298.</mixed-citation>
         </ref>
         <ref id="d5506e612a1310">
            <mixed-citation id="d5506e616" publication-type="other">
Goulding, Christina, and Avi Shankar (2004), "Age Is Just a Num-
ber: Rave Culture and the Cognitively Young Thirty Some-
thing,'" European Journal of Marketing, 38 (5/6), 641-658.</mixed-citation>
         </ref>
         <ref id="d5506e629a1310">
            <mixed-citation id="d5506e633" publication-type="other">
Greco, Alan J. (1987), "Representation of the Elderly in Advertis-
ing: Crisis or Inconsequence?" Journal of Consumer Marketing,
6 (1), 37-44.</mixed-citation>
         </ref>
         <ref id="d5506e646a1310">
            <mixed-citation id="d5506e650" publication-type="other">
—, Linda E. Swayne, and E. B. Johnson (1997), "Will
Older Models Turn Off Shoppers?" International Journal of
Advertising, 16 (1), 27-36.</mixed-citation>
         </ref>
         <ref id="d5506e664a1310">
            <mixed-citation id="d5506e668" publication-type="other">
Gwinner, Kevin P., and Nancy Stephens (2001), "Testing the
Implied Mediational Role of Cognitive Age," Psychology and
Marketing, 18 (10), 1031-1048.</mixed-citation>
         </ref>
         <ref id="d5506e681a1310">
            <mixed-citation id="d5506e685" publication-type="other">
Higgins, E. Tory, and Gillian King (1981), "Accessibility of Social
Constructs: Information-Processing Consequences of Indi-
vidual and Contextual Variability," in Personality, Cognition
and Social Interaction, Nancy Cantor and John F. Kihlstrom,
eds., Hillsdale, NJ: Lawrence Erlbaum, 69-122.</mixed-citation>
         </ref>
         <ref id="d5506e704a1310">
            <mixed-citation id="d5506e708" publication-type="other">
Hong, Jae W., and George M. Zinkhan (1995), "Self-Concept
and Advertising Effectiveness: The Influence of Congru-
ence Conspicuousness, and Response Mode," Psychology and
Marketing, 12 (1), 53-77.</mixed-citation>
         </ref>
         <ref id="d5506e724a1310">
            <mixed-citation id="d5506e728" publication-type="other">
Huberty, Carl J., and John D. Morris (1989), "Multivariate
Analysis Versus Multiple Univariate Analyses," Psychological
Bulletin, 105 (2), 302-308.</mixed-citation>
         </ref>
         <ref id="d5506e741a1310">
            <mixed-citation id="d5506e745" publication-type="other">
Jaffe, Lynn J. (1990), "The Effect of Positioning on the Purchase
Probability of Financial Services Among Women with Vary-
ing Sex-Role Identities," Advances in Consumer Research, vol.
17, Marvin E. Goldberg, Gerald J. Gorn, and Richard W.
Pollay, eds., Provo, UT: Association for Consumer Research,
874-879.</mixed-citation>
         </ref>
         <ref id="d5506e768a1310">
            <mixed-citation id="d5506e772" publication-type="other">
— (1994), "The Unique Predictive Ability of Sex-Role
Identity in Explaining Women's Response to Advertising,"
Psychology and Marketing, 11 (5), 467-482.</mixed-citation>
         </ref>
         <ref id="d5506e786a1310">
            <mixed-citation id="d5506e790" publication-type="other">
Joseph, Benoy W. (1982), "The Credibility of Physically At-
tractive Communicators: A Review" Journal of Advertising,
11(3), 15-24.</mixed-citation>
         </ref>
         <ref id="d5506e803a1310">
            <mixed-citation id="d5506e807" publication-type="other">
Kihlstrom, John F., Nancy Cantor, Jeanne S. Albright, Beverly R.
Chew, Stanley B. Klein, and Paula M. Niedenthal (1988),
"Information Processing and the Study of the Self," Advances
in Experimental Social Psychology, 21, 145-179.</mixed-citation>
         </ref>
         <ref id="d5506e823a1310">
            <mixed-citation id="d5506e827" publication-type="other">
Laczniak, Russell N., and Darrell D. Muehling (1993), "The
Relationship Between Experimental Manipulations and
Tests of Theory in an Advertising Message Involvement
Context," Journal of Advertising, 22 (3), 59-74.</mixed-citation>
         </ref>
         <ref id="d5506e843a1310">
            <mixed-citation id="d5506e847" publication-type="other">
Leach, Mark P., and Annie H. Liu (1998), "The Use of Culturally
Relevant Stimuli in International Advertising," Psychology
and Marketing, 15 (6), 523-546.</mixed-citation>
         </ref>
         <ref id="d5506e860a1310">
            <mixed-citation id="d5506e864" publication-type="other">
Maldonado, Rachel, Patriya Tansuhaj, and Darrell D. Muehling
(2003), "The Impact of Gender on Ad Processing: A Social
Identity Perspective," Academy of Marketing Science Review,
2003(3), 1-15.</mixed-citation>
         </ref>
         <ref id="d5506e880a1310">
            <mixed-citation id="d5506e884" publication-type="other">
Markus, Hazel, and Elissa Wurf (1987), "The Dynamic Self-Con-
cept: A Social Psychological Perspective," Annual Review of
Psychology, 38, 299-337.</mixed-citation>
         </ref>
         <ref id="d5506e898a1310">
            <mixed-citation id="d5506e902" publication-type="other">
Martin, Brett A. S., Christina Kwai-Choi Lee, and Feng Yang
(2004), "The Influence of Ad Model Ethnicity and Self-
Referencing on Attitudes," Journal of Advertising, 33 (4),
27-37.</mixed-citation>
         </ref>
         <ref id="d5506e918a1310">
            <mixed-citation id="d5506e922" publication-type="other">
Nelson, Susan Logan, and Ruth Belk Smith (1988), "The Influ-
ence of Model Age on Older Consumers' Reactions to Print
Advertising," in Current Issues and Research in Advertising,
James H. Leigh and Claude R. Martin, Jr., eds., Ann Arbor,
MI: Division of Research, Graduate School of Business Ad-
ministration, University of Michigan, 11, 189-212.</mixed-citation>
         </ref>
         <ref id="d5506e945a1310">
            <mixed-citation id="d5506e949" publication-type="other">
Rotfeld, Herbert J., Leonard N. Reid, and Gary B. Wilcox (1981),
"Effect of Ad of Models in Print Ads on Evaluation of Prod-
uct and Sponsor,"Journalism Quarterly, 59 (1), 374-381.</mixed-citation>
         </ref>
         <ref id="d5506e962a1310">
            <mixed-citation id="d5506e966" publication-type="other">
Schiffman, Leon G., and Elaine Sherman (1991), "Value Ori-
entations of New-Age Elderly: The Coming of an Ageless
Market," Journal of Business Research, 22(2), 187-194.</mixed-citation>
         </ref>
         <ref id="d5506e979a1310">
            <mixed-citation id="d5506e983" publication-type="other">
Sherman, Elaine, Leon G. Schiffman, and Anil Mathur (2001),
"The Influence of Gender on the New-Age Elderly s Con-
sumption Orientation," Psychology and Marketing, 18 (10),
1073-1089.</mixed-citation>
         </ref>
         <ref id="d5506e999a1310">
            <mixed-citation id="d5506e1003" publication-type="other">
Sirgy, M. Joseph (1982), "Self-Concept in Consumer Behavior:
A Critical Review," Journal of Consumer Research, 9 (3),
287-299.</mixed-citation>
         </ref>
         <ref id="d5506e1017a1310">
            <mixed-citation id="d5506e1021" publication-type="other">
Stephens, Nancy (1991), "Cognitive Age: A Useful Concept for
Advertising," Journal of Advertising, 20 (4), 37-48.</mixed-citation>
         </ref>
         <ref id="d5506e1031a1310">
            <mixed-citation id="d5506e1035" publication-type="other">
Tepper, Kelly Y (1994), "The Role of Labeling Processes in El-
derly Consumers' Responses to Age Segmentation Cues,"
Journal of Consumer Research, 20 (4), 503-519.</mixed-citation>
         </ref>
         <ref id="d5506e1048a1310">
            <mixed-citation id="d5506e1052" publication-type="other">
Uotinen, Virpi (1998), "Age Identification: A Comparison Be-
tween Finnish and North American Cultures," International
Journal of Aging and Human Development, 46 (2), 109-124.</mixed-citation>
         </ref>
         <ref id="d5506e1065a1310">
            <mixed-citation id="d5506e1069" publication-type="other">
Wang, Cheng-lu, and John C. Mowen (1997), "The Separate-
ness-Connectedness Self-Schema: Scale Development and
Application to Message Construction," Psychology and Mar-
keting, 14(2), 185-207.</mixed-citation>
         </ref>
         <ref id="d5506e1085a1310">
            <mixed-citation id="d5506e1089" publication-type="other">
Wei, Sheng-chuang, and L. Bei (2003), "The Relationship Be-
tween Cognitive Age and the Adoption of New Products,"
paper presented at the Advertising and Public Relations
Conference, Taipei, Taiwan, March.</mixed-citation>
         </ref>
         <ref id="d5506e1105a1310">
            <mixed-citation id="d5506e1109" publication-type="other">
Wen, Xiao-pan (2004), "Women Consumers' Cognitive Age: An
Exploration of Cosmetic Products," master's thesis, National
Chengchi University, Taipei, Taiwan.</mixed-citation>
         </ref>
         <ref id="d5506e1123a1310">
            <mixed-citation id="d5506e1127" publication-type="other">
Wheeler, S. Christian, Richard E. Petty, and George Y. Bizer
(2005), "Self-Schema Matching and Attitude Change: Situ-
ational and Dispositional Determinants of Message Elabora-
tion, "Jour nal of Consumer Research, 31 (4), 787-797.</mixed-citation>
         </ref>
         <ref id="d5506e1143a1310">
            <mixed-citation id="d5506e1147" publication-type="other">
Whittler, Tommy E., and Joan DiMeo (1991), "Viewers' Reac-
tions to Racial Cues in Advertising Stimuli," Journal of
Advertising Research, 41 (6), 37-46.</mixed-citation>
         </ref>
         <ref id="d5506e1160a1310">
            <mixed-citation id="d5506e1164" publication-type="other">
Wilkes, Robert E. (1992), "A Structural Modeling Approach to
the Measurement and Meaning of Cognitive Age" Journal
of Consumer Research, 19 (2), 292-301.</mixed-citation>
         </ref>
         <ref id="d5506e1177a1310">
            <mixed-citation id="d5506e1181" publication-type="other">
Ybarra, Oscar, and David Trafimow (1998), "How Priming the
Private Self or Collective Self Affects the Relative Weights
of Attitudes and Subjective Norms," Personality and Social
Psychology Bulletin, 24 (4), 362-370.</mixed-citation>
         </ref>
      </ref-list>
   </back>
</article>
