<article dtd-version="1.0" article-type="research-article">
   <front>
      <journal-meta>
         <journal-id xmlns:xlink="http://www.w3.org/1999/xlink" journal-id-type="jstor">jadve</journal-id>
         <journal-id xmlns:xlink="http://www.w3.org/1999/xlink" journal-id-type="jstor">j101355</journal-id>
         <journal-title-group xmlns:xlink="http://www.w3.org/1999/xlink">
            <journal-title>Journal of Advertising</journal-title>
         </journal-title-group>
         <publisher>
            <publisher-name>M. E. Sharpe, Inc.</publisher-name>
         </publisher>
         <issn xmlns:xlink="http://www.w3.org/1999/xlink" pub-type="ppub">00913367</issn>
         <issn xmlns:xlink="http://www.w3.org/1999/xlink" pub-type="epub">15577805</issn>
      </journal-meta>
      <article-meta>
         <article-id xmlns:xlink="http://www.w3.org/1999/xlink" pub-id-type="jstor">27749650</article-id>
         <article-id pub-id-type="pub-doi">10.2753/JOA0091-3367380308</article-id>
         <title-group>
            <article-title>Explicit Donations and Inferred Endorsements: Do Corporate Social Responsibility Initiatives Suggest a Nonprofit Organization Endorsement?</article-title>
         </title-group>
         <contrib-group>
            <contrib>
               <string-name xmlns:xlink="http://www.w3.org/1999/xlink">
                  <given-names>Amanda B.</given-names>
                  <surname>Bower</surname>
               </string-name>
            </contrib>
            <contrib>
               <string-name xmlns:xlink="http://www.w3.org/1999/xlink">
                  <given-names>Stacy Landreth</given-names>
                  <surname>Grau</surname>
               </string-name>
            </contrib>
         </contrib-group>
         <pub-date xmlns:xlink="http://www.w3.org/1999/xlink">
            <day>1</day>
            <month>10</month>
            <year>2009</year>
         </pub-date>
         <volume>38</volume>
         <issue>3</issue>
         <issue-id xmlns:xlink="http://www.w3.org/1999/xlink">i27749641</issue-id>
         <fpage>113</fpage>
         <lpage>126</lpage>
         <permissions>
            <copyright-statement>Copyright 2009 American Academy of Advertising</copyright-statement>
         </permissions>
         <self-uri xmlns:xlink="http://www.w3.org/1999/xlink"
                   xlink:role="external-fulltext-any"
                   xlink:href="http://dx.doi.org/10.2753/JOA0091-3367380308"
                   xlink:title="an external site"/>
         <abstract>
            <p>Corporate social responsibility (CSR) initiatives, while not necessarily intended to constitute and endorsement of the brand by the participating nonprofit organization, may nonetheless be perceived by consumers as such. Our experimental findings of two common types of CSR initiatives (licensing associations and cause-related marketing) suggest that not only can the method of presentation of CSR initiatives in advertising result in perceptions of nonprofit endorsement, but also may be entirely confused with explicit seals of approval. Heightened processing motivation either fails to correct the misperception of nonprofit endorsement or may even enhance its perception as a result of the presentation of the CSR initiative in an advertisment. Level of fit between the nonprofit and for-profit brand may also result in increased perception of endorsement. Given the positive effects of third-party endorsements, our results suggest that some CSR initiatives may result in consumer inferences that are inaccurate but desirable for the company, even while these inferences have potentially negative consequences for the nonprofit.</p>
         </abstract>
         <custom-meta-group xmlns:xlink="http://www.w3.org/1999/xlink">
            <custom-meta>
               <meta-name>lang</meta-name>
               <meta-value>eng</meta-value>
            </custom-meta>
         </custom-meta-group>
      </article-meta>
   </front>
   <back>
      <ref-list>
         <title>References</title>
         <ref id="d12691e177a1310">
            <mixed-citation id="d12691e183" publication-type="other">
American Cancer Society (2003), "Third Party Charitable Sales
Promotion and Licensing Agreement Master Terms and
Conditions: Version CSP-MTC 2003.1," available at www
.cancer.org/downloads/AA/CSP-MTC_for_Web-DJ
IntegratedCorr_3–26–03.pdf (accessed June 6, 2005).</mixed-citation>
         </ref>
         <ref id="d12691e202a1310">
            <mixed-citation id="d12691e206" publication-type="other">
American Red Cross (2006), "American Red Cross Launches
a Licensing Initiative" (press release, April 13), available
at www.redcross.org/pressrelease/0,1077,0_489_5339,00
.html (accessed November 8, 2007).</mixed-citation>
         </ref>
         <ref id="d12691e222a1310">
            <mixed-citation id="d12691e226" publication-type="other">
Barone, Michael J., Anthony D. Miyazaki, and Kimberly A. Tay-
lor (2000), "The Influence of Cause-Related Marketing on
Consumer Choice: Does One Good Turn Deserve Another?"
Journal of the Academy of Marketing Science, 28 (2), 248–262.</mixed-citation>
         </ref>
         <ref id="d12691e242a1310">
            <mixed-citation id="d12691e246" publication-type="other">
Bennett, James T., and Kevin McCrohan (1993), "Public Policy
Issues in Marketing of Seals of Approval for Food," Journal
of Consumer Affairs, 27 (2), 397–416.</mixed-citation>
         </ref>
         <ref id="d12691e260a1310">
            <mixed-citation id="d12691e264" publication-type="other">
Boulding, William, and Amna Kirmani (1993), "A Consumer-Side
Experimental Examination of Signaling Theory: Do Con-
sumers Perceive Warranties as Signals of Quality?" Journal
of Consumer Research, 20 (June), 111–123.</mixed-citation>
         </ref>
         <ref id="d12691e280a1310">
            <mixed-citation id="d12691e284" publication-type="other">
Bower, Amanda B., and Stacy Landreth (2001), "Is Beauty Best?
Highly Versus Normally Attractive Models in Advertising,"
Journal of Advertising, 30(1), 1–12.</mixed-citation>
         </ref>
         <ref id="d12691e297a1310">
            <mixed-citation id="d12691e301" publication-type="other">
Breast Cancer Action (2007), "Information on Select Cause Mar-
keting Campaigns," available at www.thinkbeforeyoupink
.org/Pages/InfoMktgCampaigns.html (accessed June 3,
2008).</mixed-citation>
         </ref>
         <ref id="d12691e317a1310">
            <mixed-citation id="d12691e321" publication-type="other">
Bright, Lauren W. (2004), "Cautions for Association Product En-
dorsements," Association Management, 56 (5), 17–18.</mixed-citation>
         </ref>
         <ref id="d12691e331a1310">
            <mixed-citation id="d12691e335" publication-type="other">
Brown, Tom J., and Peter A. Dacin (1997), "The Company and
the Product: Corporation Associations and Consumer Product
Responses," Journal of Marketing, 61 (January), 68–84.</mixed-citation>
         </ref>
         <ref id="d12691e348a1310">
            <mixed-citation id="d12691e352" publication-type="other">
Cause Marketing Forum (2007a), "The Growth of Cause Mar-
keting," available at www.causemarketingforum.com/page
.asp?ID=188 (accessed August 10, 2007).</mixed-citation>
         </ref>
         <ref id="d12691e366a1310">
            <mixed-citation id="d12691e370" publication-type="other">
— (2007b), "Conversations with Cause Marketers: Michelle
Alfandari, President, Moda International Marketing," avail-
able at www.causemarketingforum.com/page.asp?ID=200
(accessed on December 5, 2007).</mixed-citation>
         </ref>
         <ref id="d12691e386a1310">
            <mixed-citation id="d12691e390" publication-type="other">
Clark, Jane Bennett (1998), "What a Seal of Approval Doesn't
Mean: Nonprofit Groups Claim They Are Not Endorsing
Products That Display Their Logo," Kiplinger's Personal Fi-
nance Magazine, 52 (2), 56–58.</mixed-citation>
         </ref>
         <ref id="d12691e406a1310">
            <mixed-citation id="d12691e410" publication-type="other">
Cupaiuolo, Christine (2008), "Seeing Red: Diet Coke and
Heart Disease," available at http://ourbodiesourblog.org/
blog/2008/01/seeing_red_diet_coke_and_heart_disease_1
.php (accessed June 2, 2008).</mixed-citation>
         </ref>
         <ref id="d12691e426a1310">
            <mixed-citation id="d12691e430" publication-type="other">
Daw, Jocelyne (2006), Cause Marketing for Nonprofits: Partner for Pur-
pose, Passion and Profits, Hoboken, NJ: John Wiley &amp;amp; Sons.</mixed-citation>
         </ref>
         <ref id="d12691e440a1310">
            <mixed-citation id="d12691e444" publication-type="other">
Dean, Dwane Hal (1999), "Brand Endorsement, Popularity, and
Event Sponsorship as Advertising Cues Affecting Con-
sumer Pre-Purchase Attitudes," Journal of Advertising, 28
(3), 1–12.</mixed-citation>
         </ref>
         <ref id="d12691e460a1310">
            <mixed-citation id="d12691e464" publication-type="other">
— (2002), "Associating the Corporation with a Charitable
Event Through Sponsorship: Measuring the Effects on Cor-
porate Community Relations," Journal of Advertising, 31 (4),
77–87.</mixed-citation>
         </ref>
         <ref id="d12691e481a1310">
            <mixed-citation id="d12691e485" publication-type="other">
— (2004), "Consumer Perception of Corporate Donations:
Effects of Company Reputation for Social Responsibility and
Type of Donation," Journal of Advertising, 32 (1), 91–102.</mixed-citation>
         </ref>
         <ref id="d12691e498a1310">
            <mixed-citation id="d12691e502" publication-type="other">
—, and Abhijit Biswas (2001), "Third-Party Organization
Endorsement of Products: An Advertising Cue Affecting
Consumer Prepurchase Evaluation of Goods and Services,"
Journal of Advertising, 30 (4), 41–57.</mixed-citation>
         </ref>
         <ref id="d12691e518a1310">
            <mixed-citation id="d12691e522" publication-type="other">
Dhingra, Ravi, Lisa Sullivan, Paul F. Jacques, Thomas J. Wang,
Caroline S. Fox, James B. Meigs, Ralph B. D'Agostino,
J. Michael Gaziano, and Ramachandran S. Vasan (2007),
"Soft Drink Consumption and Risk of Developing Car-
diometabolic Risk Factors and the Metabolic Syndrome in
Middle-Aged Adults in the Community," Circulation, 115
(5), 480–488.</mixed-citation>
         </ref>
         <ref id="d12691e548a1310">
            <mixed-citation id="d12691e552" publication-type="other">
Drumwright, Minette E. (1996), "Company Advertising with
a Social Dimension: The Role of Noneconomic Criteria,"
Journal of Marketing, 60 (October), 71–88.</mixed-citation>
         </ref>
         <ref id="d12691e565a1310">
            <mixed-citation id="d12691e569" publication-type="other">
Frazier, Mya (2008), "Clorox Eco-Friendly Line Finds Green
Foes," Advertising Age (June 16), 3, 25.</mixed-citation>
         </ref>
         <ref id="d12691e579a1310">
            <mixed-citation id="d12691e583" publication-type="other">
Grau, Stacy Landreth, Judith Anne Garretson, and Julie Pirsch
(2007), "Cause-Related Marketing: An Exploratory Study
of Campaign Donation Structure Issues "Journal of Nonprofit
and Public Sector Marketing, 18 (2), 69–91.</mixed-citation>
         </ref>
         <ref id="d12691e600a1310">
            <mixed-citation id="d12691e604" publication-type="other">
Gwinner, Kevin (1997), "A Model of Image Creation and Im-
age Transfer in Event Sponsorship," International Marketing
Review, 14(3), 145–158.</mixed-citation>
         </ref>
         <ref id="d12691e617a1310">
            <mixed-citation id="d12691e621" publication-type="other">
—, and John Eaton (1999), "Building Brand Image Through
Event Sponsorship: The Role of Image Transfer, "Journal of
Advertising, 28 (4), 47–57.</mixed-citation>
         </ref>
         <ref id="d12691e634a1310">
            <mixed-citation id="d12691e638" publication-type="other">
Hastie, Reid (1984), "Causes and Effects of Causal Attribution,"
Journal of Personality and Social Psychology, 46 (January),
44–56.</mixed-citation>
         </ref>
         <ref id="d12691e651a1310">
            <mixed-citation id="d12691e655" publication-type="other">
Ippolito, Pauline M. (1990), "Bonding and Nonbonding Signals
of Product Quality" Journal of Business, 63 (1), 41–60.</mixed-citation>
         </ref>
         <ref id="d12691e665a1310">
            <mixed-citation id="d12691e669" publication-type="other">
Jain, Shailendra P., and Durairaj Maheswaran (2000), "Motivated
Reasoning: A Depth-of-Processing Perspective," Journal of
Consumer Research, 26 (March), 358–371.</mixed-citation>
         </ref>
         <ref id="d12691e682a1310">
            <mixed-citation id="d12691e686" publication-type="other">
Johar, Gita Venkataramani, and Michel Tuan Pham (1999),
"Relatedness, Prominence and Constructive Sponsor
Identification," Journal of Marketing Research, 36 (August),
299–312.</mixed-citation>
         </ref>
         <ref id="d12691e703a1310">
            <mixed-citation id="d12691e707" publication-type="other">
—, and Carolyn J. Simmons (2000), "The Use of Concur-
rent Disclosures to Correct Invalid Inferences," Journal of
Consumer Behavior, 26 (4), 307–322.</mixed-citation>
         </ref>
         <ref id="d12691e720a1310">
            <mixed-citation id="d12691e724" publication-type="other">
Jones, Edward E., and Keith E. Davis (1965), "From Acts to Dis-
positions: The Attribution Process in Person Perception,"
in Advances in Experimental Social Psychology, vol. 2, Leonard
Berkowitz, ed., New York: Academic Press, 219–266.</mixed-citation>
         </ref>
         <ref id="d12691e740a1310">
            <mixed-citation id="d12691e744" publication-type="other">
Kamins, Mark A., and Kamal Gupta (1994), "Congruence
Between Spokesperson and Product Type: A Matchup
Hypothesis Perspective," Psychology and Marketing, 11 (6),
569–586.</mixed-citation>
         </ref>
         <ref id="d12691e760a1310">
            <mixed-citation id="d12691e764" publication-type="other">
—, and Lawrence J. Marks (1991), "The Perception of
Kosher as a Third Party Certification Claim in Advertising
for Familiar and Unfamiliar Brands, "Journal of the Academy
of Marketing Science, 19(3), 177–186.</mixed-citation>
         </ref>
         <ref id="d12691e780a1310">
            <mixed-citation id="d12691e784" publication-type="other">
Kirmani, Amna, and Akshay R. Rao (2000), "No Pain, No
Gain: A Critical Review of the Literature on Signaling
Unobservable Product Quality," Journal of Marketing, 64
(April), 66–79.</mixed-citation>
         </ref>
         <ref id="d12691e800a1310">
            <mixed-citation id="d12691e804" publication-type="other">
Lafferty, Barbara, and Ronald E. Goldsmith (2005), "Cause-
Brand Alliances: Does the Cause Help the Brand or Does
the Brand Help the Cause c" Journal of Business Research, 58
(4), 423–429.</mixed-citation>
         </ref>
         <ref id="d12691e821a1310">
            <mixed-citation id="d12691e825" publication-type="other">
Laric, Michael V., and Dan Sarel (1981), "Consumer (Mis)percep-
tions and Usage of Third Party Certification Marks 1872
and 1980: Did Public Policy Have an Effect?" Journal of
Marketing, 45 (3), 135–142.</mixed-citation>
         </ref>
         <ref id="d12691e841a1310">
            <mixed-citation id="d12691e845" publication-type="other">
Larson, Jan (1994), "If You're Not Committed, Don't Bother:
Consumers Appreciate Corporate Efforts to Aid Social
Causes, But Only If They Make Sense," American Demograph-
ics, 16(12), 16–17.</mixed-citation>
         </ref>
         <ref id="d12691e861a1310">
            <mixed-citation id="d12691e865" publication-type="other">
Lichtenstein, Donald R., Minette Drumwright, and Bridgette M.
Braig (2004), "The Effect of Corporate Social Responsibility
on Customer Donations to Corporate-Supported Nonprof-
its" Journal of Marketing, 68 (October), 16–32.</mixed-citation>
         </ref>
         <ref id="d12691e881a1310">
            <mixed-citation id="d12691e885" publication-type="other">
Lynch, James, and Drue Schuler (1994), "The Matchup Ef-
fect of Spokesperson and Product Congruency: A Schema
Theory Interpretation," Psychology and Marketing, 11 (5),
417–445.</mixed-citation>
         </ref>
         <ref id="d12691e901a1310">
            <mixed-citation id="d12691e905" publication-type="other">
McKay, Betsy (2008), "Heart Health Goes Better with Diet
Coke?" Wall Street Journal Health Blog (January 8), http://
blogs.wsj.com/health/2008/01/08/hearth-health-goes-
better-with-diet-coke/ (accessed June 23, 2008).</mixed-citation>
         </ref>
         <ref id="d12691e921a1310">
            <mixed-citation id="d12691e925" publication-type="other">
Menon, Satya, and Barbara E. Kahn (2003), "Corporate Sponsor-
ships of Philanthropic Activities: When Do They Impact
Perception of Sponsor Brand?" Journal of Consumer Psychology,
13 (3), 316–327.</mixed-citation>
         </ref>
         <ref id="d12691e942a1310">
            <mixed-citation id="d12691e946" publication-type="other">
Miyazaki, Anthony, and Sandeep Krishnamurthy (2002), "In-
ternet Seals of Approval: Effects on Online Privacy Policies
and Consumer Percept ions, "Journal of Consumer Affairs, 36
(1), 28–49.</mixed-citation>
         </ref>
         <ref id="d12691e962a1310">
            <mixed-citation id="d12691e966" publication-type="other">
Nan, Xiaoli, and Kwangjun Heo (2007), "Consumer Responses
to Corporate Social Responsibility (CSR) Initiatives: Ex-
amining the Role of Brand–Cause Fit in Cause-Related
Marketing, "Journal of Advertising, 36 (2), 63–74.</mixed-citation>
         </ref>
         <ref id="d12691e982a1310">
            <mixed-citation id="d12691e986" publication-type="other">
National Trust for Historic Preservation (2007), "Corporate
Partner Program," available at www.nationaltrust.org/
corporate_partners/ (accessed December 7, 2007).</mixed-citation>
         </ref>
         <ref id="d12691e999a1310">
            <mixed-citation id="d12691e1003" publication-type="other">
Office of the New York State Attorney General (1999), "What's
in a Nonprofit's Name?" (April 6), available at www.oag
.state.ny.us/press/reports/nonprofit/full_text.html (accessed
June 2, 2005).</mixed-citation>
         </ref>
         <ref id="d12691e1019a1310">
            <mixed-citation id="d12691e1023" publication-type="other">
Olsen, G. Douglas, John W. Pracejus, and Norman R. Brown
(2003), "When Profit Equals Price: Consumer Confusion
About Donation Amounts in Cause-Related Marketing,"
Journal of Public Policy and Marketing, 22 (2), 170–180.</mixed-citation>
         </ref>
         <ref id="d12691e1039a1310">
            <mixed-citation id="d12691e1043" publication-type="other">
Orenstein, Susan (2003), "The Selling of Breast Cancer," Business
2.0, 4 (February), 88–94.</mixed-citation>
         </ref>
         <ref id="d12691e1054a1310">
            <mixed-citation id="d12691e1058" publication-type="other">
Parkinson, Thomas L. (1975), "The Role of Seals and Certifica-
tions of Approval in Consumer Decision Making," Journal
of Consumer Affairs, 9 (Summer), 1–14.</mixed-citation>
         </ref>
         <ref id="d12691e1071a1310">
            <mixed-citation id="d12691e1075" publication-type="other">
Perry, Susan (2008), "Diet Coke and Heart Disease: The
Whole Truth," available at www.minnpost.com/susan
perry/2008/02/14/887/diet_coke_and_heart_disease_the_
whole_truth/ (accessed June 2, 2008).</mixed-citation>
         </ref>
         <ref id="d12691e1091a1310">
            <mixed-citation id="d12691e1097" publication-type="other">
Petty, Richard E., and John T. Cacioppo (1986), "The Elaboration
Likelihood Model of Persuasion," in Advances in Experimental
Social Psychology, vol. 19, Leonard Berkowitz, ed., New York:
Academic Press, 123–205.</mixed-citation>
         </ref>
         <ref id="d12691e1113a1310">
            <mixed-citation id="d12691e1117" publication-type="other">
—, and Duane T. Wegener (1999), "The Elaboration Like-
lihood Model: Current Status and Controversies," in Dual
Process Theories in Social Psychology, Shelly Chaken and Yaacov
Trope, eds., New York: Guildford Press, 41–73.</mixed-citation>
         </ref>
         <ref id="d12691e1133a1310">
            <mixed-citation id="d12691e1137" publication-type="other">
Platt, John R. (1964), "Strong Inference: Certain System-
atic Methods of Scientific Thinking May Produce Much
More Rapid Progress than Others," Science, 146 (3642),
347–353.</mixed-citation>
         </ref>
         <ref id="d12691e1153a1310">
            <mixed-citation id="d12691e1157" publication-type="other">
Pracejus, John W., and Norman Brown (2004), "On the Preva-
lence and Impact of Vague Quantifiers in the Advertising
of Cause-Related Marketing (CRM)" Journal of Advertising,
32 (4), 19–28.</mixed-citation>
         </ref>
         <ref id="d12691e1174a1310">
            <mixed-citation id="d12691e1178" publication-type="other">
—, and G. Douglas Olsen (2004), "The Role of Brand/
Cause Fit in the Effectiveness of Cause-Related Marketing
Campaigns," Journal of Business Research, 57 (6), 635–640.</mixed-citation>
         </ref>
         <ref id="d12691e1191a1310">
            <mixed-citation id="d12691e1195" publication-type="other">
—, —, and Norman R. Brown (2003), "On the Preva-
lence and Impact of Vague Quantifiers in the Advertising
of Cause-Related Marketing (CRM)" Journal of Advertising,
32 (4), 19–28.</mixed-citation>
         </ref>
         <ref id="d12691e1211a1310">
            <mixed-citation id="d12691e1215" publication-type="other">
Rifon, Nora J., Sejung Marina Choi, Carrie S. Trimble, and
Hairong Li (2004), "Congruence Effects in Sponsorship:
The Mediating Role of Sponsor Credibility and Consumer
Attributions of Sponsor Motive," Journal of Advertising, 33
(1), 29–42.</mixed-citation>
         </ref>
         <ref id="d12691e1234a1310">
            <mixed-citation id="d12691e1238" publication-type="other">
Ross, John K., Larry T. Patterson, and Mary Ann Stutts (1992),
"Consumer Perceptions of Organizations That Use Cause-
Related Marketing," Journal of the Academy of Marketing
Science, 20(1), 93–97.</mixed-citation>
         </ref>
         <ref id="d12691e1254a1310">
            <mixed-citation id="d12691e1258" publication-type="other">
Ruth, Julie A., and Bernard J. Simonin (2003), "Brought to You
by Brand A and Brand B: Investigating Multiple Sponsors'
Influence on Consumer Attitudes Toward Sponsorship
Events" Journal of Advertising, 32 (3), 19–30.</mixed-citation>
         </ref>
         <ref id="d12691e1274a1310">
            <mixed-citation id="d12691e1278" publication-type="other">
Sen, Sankar, and C. B. Bhattacharya (2001), "Does Doing Good
Always Lead to Doing Better? Consumer Reactions to Cor-
porate Social Responsibility, "Journal of Marketing Research,
38 (May), 225–243.</mixed-citation>
         </ref>
         <ref id="d12691e1295a1310">
            <mixed-citation id="d12691e1299" publication-type="other">
Shiv, Baba, Julie A. Edell Britton, and John W. Payne (2004),
"Does Elaboration Increase or Decrease the Effectiveness of
Negatively Versus Positively Framed Messages?" Journal of
Consumer Research, 31 (June), 199–208.</mixed-citation>
         </ref>
         <ref id="d12691e1315a1310">
            <mixed-citation id="d12691e1321" publication-type="other">
Simonin, Bernard, and Julie A. Ruth (1998), "Is a Company
Known by the Company It Keeps? Assessing the Spillover
Effects of Brand Alliances on Consumer Brand Attitudes,"
Journal of Marketing Research, 35 (1), 30–42.</mixed-citation>
         </ref>
         <ref id="d12691e1337a1310">
            <mixed-citation id="d12691e1341" publication-type="other">
Smith, Scott M., and David S. Alcorn (1991), "Cause Marketing:
A New Direction in the Marketing of Social Responsibility,"
Journal of Consumer Marketing, 8 (3), 19–34.</mixed-citation>
         </ref>
         <ref id="d12691e1354a1310">
            <mixed-citation id="d12691e1358" publication-type="other">
Stewart, David W., and Ingrid M. Martin (2004), "Advertising
Disclosures: Clear and Conspicuous or Understood and Used?"
Journal of Public Policy and Marketing, 23 (2), 183–192.</mixed-citation>
         </ref>
         <ref id="d12691e1371a1310">
            <mixed-citation id="d12691e1375" publication-type="other">
Strahilevitz, Michal (1999), "The Effects of Product Type and
Donation Magnitude on Willingness to Pay More for a
Charity-Linked Brand," Journal of Consumer Psychology, 8
(3), 215–241.</mixed-citation>
         </ref>
         <ref id="d12691e1391a1310">
            <mixed-citation id="d12691e1395" publication-type="other">
—, and John G. Myers (1998), "Donations to Charity as
Purchase Incentives: How Well They Work May Depend on
What You Are Trying to Sell," Journal of Consumer Research,
24 (March), 434–446.</mixed-citation>
         </ref>
         <ref id="d12691e1412a1310">
            <mixed-citation id="d12691e1416" publication-type="other">
Susan G. Komen for the Cure (2007), "Five Questions to
Ask," available at http://cms.komen.org/komen/Partners/
FiveQuestionstoAsk/index.htm (accessed July 27, 2007).</mixed-citation>
         </ref>
         <ref id="d12691e1429a1310">
            <mixed-citation id="d12691e1433" publication-type="other">
Taylor, Melinda (2007), E-mail correspondence dated July 27,
2007, with Melinda Taylor, a representative of the cause
marketing arm of the Susan G. Komen foundation.</mixed-citation>
         </ref>
         <ref id="d12691e1446a1310">
            <mixed-citation id="d12691e1450" publication-type="other">
Till, Brian D., and Michael Busier (2000), "The Match-Up Hy-
pothesis: Physical Attractiveness, Expertise, and the Role of
Fit on Brand Attitude, Purchase Intent and Brand Beliefs,"
Journal of Advertising, 29(3), 1–13.</mixed-citation>
         </ref>
         <ref id="d12691e1466a1310">
            <mixed-citation id="d12691e1470" publication-type="other">
Varadarajan, P. Rajan, and Anil Menon (1988), "Cause-Related
Marketing: A Coalignment of Marketing Strategy and Corpo-
rate Philanthropy, "Journal of Marketing, 52 (July), 58–74.</mixed-citation>
         </ref>
         <ref id="d12691e1483a1310">
            <mixed-citation id="d12691e1487" publication-type="other">
Vesely, Rebecca (2004), "Breast Cancer Month Spurs Pink-
Product Debate," available at www.womensenews.org/article
.cfm?aid=2036/ (accessed June 3, 2008).</mixed-citation>
         </ref>
         <ref id="d12691e1500a1310">
            <mixed-citation id="d12691e1504" publication-type="other">
Votolato, Nicole L., and H. Rao Unnava (2006), "Spillover of
Negative Information on Brand Alliances," Journal of Con-
sumer Psychology, 16(2), 196–202.</mixed-citation>
         </ref>
         <ref id="d12691e1518a1310">
            <mixed-citation id="d12691e1522" publication-type="other">
Webb, Deborah, and Lois A. Mohr (1998), "A Typology of
Consumer Responses to Cause-Related Marketing: From
Skeptics to Socially Concerned," Journal of Public Policy and
Marketing, 17 (2), 226–238.</mixed-citation>
         </ref>
         <ref id="d12691e1538a1310">
            <mixed-citation id="d12691e1542" publication-type="other">
Yoplait (2008), "Save Lids to Save Lives," available at www.yoplait
.com/breastcancer_lids.aspx (accessed June 25, 2008).</mixed-citation>
         </ref>
         <ref id="d12691e1552a1310">
            <mixed-citation id="d12691e1556" publication-type="other">
Yu, Herber, and Thomas Rohan (2000), "Role of the Insulin-
Like Growth Factor Family in Cancer Development and
Progression," Journal of the National Cancer Institute, 92
(18), 1472–1489.</mixed-citation>
         </ref>
      </ref-list>
   </back>
</article>
