<article dtd-version="1.0" article-type="research-article">
   <front>
      <journal-meta>
         <journal-id xmlns:xlink="http://www.w3.org/1999/xlink" journal-id-type="jstor">jadve</journal-id>
         <journal-id xmlns:xlink="http://www.w3.org/1999/xlink" journal-id-type="jstor">j101355</journal-id>
         <journal-title-group xmlns:xlink="http://www.w3.org/1999/xlink">
            <journal-title>Journal of Advertising</journal-title>
         </journal-title-group>
         <publisher>
            <publisher-name>M. E. Sharpe, Inc.</publisher-name>
         </publisher>
         <issn xmlns:xlink="http://www.w3.org/1999/xlink" pub-type="ppub">00913367</issn>
         <issn xmlns:xlink="http://www.w3.org/1999/xlink" pub-type="epub">15577805</issn>
      </journal-meta>
      <article-meta>
         <article-id xmlns:xlink="http://www.w3.org/1999/xlink" pub-id-type="jstor">27749647</article-id>
         <article-id pub-id-type="pub-doi">10.2753/JOA0091-3367380305</article-id>
         <title-group>
            <article-title>Comparison of the Paths from Consumer Involvement Types to Ad Responses between Corporate Advertising and Product Advertising</article-title>
         </title-group>
         <contrib-group>
            <contrib>
               <string-name xmlns:xlink="http://www.w3.org/1999/xlink">
                  <given-names>Sora</given-names>
                  <surname>Kim</surname>
               </string-name>
            </contrib>
            <contrib>
               <string-name xmlns:xlink="http://www.w3.org/1999/xlink">
                  <given-names>Eric</given-names>
                  <surname>Haley</surname>
               </string-name>
            </contrib>
            <contrib>
               <string-name xmlns:xlink="http://www.w3.org/1999/xlink">
                  <given-names>Gi-Yong</given-names>
                  <surname>Koo</surname>
               </string-name>
            </contrib>
         </contrib-group>
         <pub-date xmlns:xlink="http://www.w3.org/1999/xlink">
            <day>1</day>
            <month>10</month>
            <year>2009</year>
         </pub-date>
         <volume>38</volume>
         <issue>3</issue>
         <issue-id xmlns:xlink="http://www.w3.org/1999/xlink">i27749641</issue-id>
         <fpage>67</fpage>
         <lpage>80</lpage>
         <permissions>
            <copyright-statement>Copyright 2009 American Academy of Advertising</copyright-statement>
         </permissions>
         <self-uri xmlns:xlink="http://www.w3.org/1999/xlink"
                   xlink:role="external-fulltext-any"
                   xlink:href="http://dx.doi.org/10.2753/JOA0091-3367380305"
                   xlink:title="an external site"/>
         <abstract>
            <p>The study reported here examines knowledge derived from past work on involvement in product advertising and explores whether consumer involvement works the same way when consumers respond to corporate ads. The use of corporate advertising in the United States has increased, but only limited research has been done to explore the nature of it. The study found key differences between product and corporate ads in terms of ad involvement effects on consumers' attitude/behavioral intentions. In corporate advertising, predispositional involvement influences consumers' ad attitudes and behavioral intentions only when mediated by ad involvement, whereas predispositional involvement has both a direct and an indirect influence on attitude and intentions in product ads. A key implication of this is that creating advertising involvement is even more critical in the corporate advertising setting as compared to product advertising. In explaining the results, the authors posit reasons such differences exist. Also, the results contribute to the debate on potential outcomes of corporate advertising by showing that corporate advertising can lead to increased product purchase intentions for a corporations' products even though the corporate ads are not product-focused.</p>
         </abstract>
         <custom-meta-group xmlns:xlink="http://www.w3.org/1999/xlink">
            <custom-meta>
               <meta-name>lang</meta-name>
               <meta-value>eng</meta-value>
            </custom-meta>
         </custom-meta-group>
      </article-meta>
   </front>
   <back>
      <ref-list>
         <title>References</title>
         <ref id="d12769e195a1310">
            <mixed-citation id="d12769e199" publication-type="other">
Andrews, Amanda (2006), "BP Doubles Corporate Ad Budget
in $150m Bid for Greener Image," The Times (December
24).</mixed-citation>
         </ref>
         <ref id="d12769e212a1310">
            <mixed-citation id="d12769e216" publication-type="other">
Andrews, J. Craig, Srinivas Durvasula, and Syed H. Akhter
(1990), "A Framework for Conceptualizing and Measur-
ing the Involvement Construct in Advertising Research,"
Journal of Advertising, 19 (4), 27–40.</mixed-citation>
         </ref>
         <ref id="d12769e232a1310">
            <mixed-citation id="d12769e236" publication-type="other">
Batra, Rajeev, and Michael L. Ray (1985), "Operationalizing
Involvement as Depth and Quality of Cognitive Response,"
in Advances in Consumer Research, vol. 10, Richard L. Bagozzi
and Alice M. Tybout, eds., Ann Arbor, MI: Association for
Consumer Research, 309–313.</mixed-citation>
         </ref>
         <ref id="d12769e255a1310">
            <mixed-citation id="d12769e259" publication-type="other">
Bhattacharya, C. B., and Sankar Sen (2003), "Consumer-Company
Identification: A Framework for Understanding Consum-
ers' Relationships with Companies," Journal of Marketing,
67 (April), 76–88.</mixed-citation>
         </ref>
         <ref id="d12769e276a1310">
            <mixed-citation id="d12769e280" publication-type="other">
Biehal, Gabriel J., and Daniel A. Sheinin (1998), "Managing
the Brand in a Corporate Advertising Environment: A
Decision-Making Framework for Brand Managers," Journal
of Advertising, 21 (2), 99–110.</mixed-citation>
         </ref>
         <ref id="d12769e296a1310">
            <mixed-citation id="d12769e300" publication-type="other">
—, and-(2007), "The Influence of Corporate Mes-
sages on the Product Portfolio," Journal of Marketing, 71
(April), 12–25.</mixed-citation>
         </ref>
         <ref id="d12769e313a1310">
            <mixed-citation id="d12769e317" publication-type="other">
Blankenhorn, Dana (1998), "Corporate Ad Budgets Up 18% in
'97: ANA Study: Companies Aim to Build Brand," Business
Marketing (April 1).</mixed-citation>
         </ref>
         <ref id="d12769e330a1310">
            <mixed-citation id="d12769e334" publication-type="other">
Brown, Tom J., and Peter A. Dacin (1997), "The Company and
the Product: Corporate Associations and Consumer Product
Responses, "Journal of Marketing, 61 (January), 68–84.</mixed-citation>
         </ref>
         <ref id="d12769e347a1310">
            <mixed-citation id="d12769e351" publication-type="other">
Cardona, Mercedes M. (1998), "Corporate-Ad Budgets at Record
High: ANA Survey," Advertising Age, 69 (17), 36–36.</mixed-citation>
         </ref>
         <ref id="d12769e361a1310">
            <mixed-citation id="d12769e365" publication-type="other">
Celsi, Richard L., and Jerry C. Olson (1988), "The Role of Involve-
ment in Attention and Comprehension Process,"Journal of
Consumer Research, 15 (September), 210–224.</mixed-citation>
         </ref>
         <ref id="d12769e379a1310">
            <mixed-citation id="d12769e383" publication-type="other">
Creyer, Elizabeth H., and William T. Ross (1997), "The Influence
of Firm Behavior on Purchase Intention: Do Consumers
Really Care About Business Ethics?" Journal of Consumer
Marketing, 14 (6), 421–432.</mixed-citation>
         </ref>
         <ref id="d12769e399a1310">
            <mixed-citation id="d12769e405" publication-type="other">
Day, Ellen, Maria Royne Stafford, and Alejandro Camacho (1995),
"Research Note: Opportunities for Involvement Research:
A Scale-Development Approach," Journal of Advertising,
24 (3), 69–75.</mixed-citation>
         </ref>
         <ref id="d12769e421a1310">
            <mixed-citation id="d12769e425" publication-type="other">
Drumwright, Minette E. (1996), "Company Advertising with
a Social Dimension: The Role of Noneconomic Criteria,"
Journal of Marketing, 60 (October), 71–87.</mixed-citation>
         </ref>
         <ref id="d12769e438a1310">
            <mixed-citation id="d12769e442" publication-type="other">
Dutton, Jane E., Janet M. Dukerich, and Celia V. Harquail (1994),
"Organizational Images and Member Identification," Ad-
ministrative Science Quarterly, 39 (34), 239–263.</mixed-citation>
         </ref>
         <ref id="d12769e455a1310">
            <mixed-citation id="d12769e459" publication-type="other">
Fornell, Claes, and David F. Larcker (1981), "Evaluating Struc-
tural Equation Models with Unobservable Variables and
Measurement Error," Journal of Marketing Research, 18 (3),
382–388.</mixed-citation>
         </ref>
         <ref id="d12769e475a1310">
            <mixed-citation id="d12769e479" publication-type="other">
Gill, James D., Sanford Grossbart, and Russell N. Laczniak
(1988), "Influence of Involvement, Commitment and Fa-
miliarity on Brand Beliefs and Attitudes of Viewers Exposed
to Alternative Ad Claim Strategies," Journal of Advertising,
17 (2), 33–43.</mixed-citation>
         </ref>
         <ref id="d12769e499a1310">
            <mixed-citation id="d12769e503" publication-type="other">
Greenwald, Anthony G., and Clark Leavitt (1984), "Audience
Involvement in Advertising: Four Levels," Journal of Con-
sumer Research, 11 (June), 581–592.</mixed-citation>
         </ref>
         <ref id="d12769e516a1310">
            <mixed-citation id="d12769e520" publication-type="other">
Hair, Joseph H., Bill Black, Barry Babin, Rolph E. Anderson,
and Ronald L. Tatham (2006), Multivariate Data Analysis,
6th ed., Upper Saddle River, NJ: Prentice Hall.</mixed-citation>
         </ref>
         <ref id="d12769e533a1310">
            <mixed-citation id="d12769e537" publication-type="other">
Haley, Eric (1996), "Exploring the Construct of Organization
as Source: Consumers' Understandings of Organizational
Sponsorship of Advocacy Advertising," Journal of Advertis-
ing, 25 (2), 19–35.</mixed-citation>
         </ref>
         <ref id="d12769e553a1310">
            <mixed-citation id="d12769e557" publication-type="other">
Halliday, Jean (2002a), "GM Corporate Ads Near $100 Million,"
Advertising Age, 73 (48), 16–16.</mixed-citation>
         </ref>
         <ref id="d12769e567a1310">
            <mixed-citation id="d12769e571" publication-type="other">
— (2002b), "Shell Hands JWT Houston $30 Mil Corporate
Account," Advertising Age, 73 (48), 8–8.</mixed-citation>
         </ref>
         <ref id="d12769e581a1310">
            <mixed-citation id="d12769e585" publication-type="other">
Hoeffler, Steve, and Kevin L. Keller (2002), "Building Brand
Equity Through Corporate Societal Marketing," Journal of
Public Policy and Marketing, 21 (1), 78–89.</mixed-citation>
         </ref>
         <ref id="d12769e599a1310">
            <mixed-citation id="d12769e603" publication-type="other">
Hood, Julia (2005), "2005 CEO Survey," PRWeek
(November 2).</mixed-citation>
         </ref>
         <ref id="d12769e613a1310">
            <mixed-citation id="d12769e617" publication-type="other">
Houston, Michael J., and Michael L. Rothschild (1978), "Con-
ceptual and Methodological Perspectives on Involvement,"
in Research Frontiers in Marketing: Dialogues and Directions,
Subbash C. Jain, ed., Chicago: American Marketing As-
sociation, 184–187.</mixed-citation>
         </ref>
         <ref id="d12769e636a1310">
            <mixed-citation id="d12769e640" publication-type="other">
Ives, Nat (2007), "Triggering Consumers to Act," Advertising
Age (October 11).</mixed-citation>
         </ref>
         <ref id="d12769e650a1310">
            <mixed-citation id="d12769e654" publication-type="other">
Kelloway, Kevin (1998), Using LISREL for Structural Equation
Modeling: A Researcher's Guide, Thousand Oaks, CA: Sage.</mixed-citation>
         </ref>
         <ref id="d12769e664a1310">
            <mixed-citation id="d12769e668" publication-type="other">
Krugman, Herbert E. (1966), "The Measurement of Advertis-
ing Involvement," Public Opinion Quarterly, 30 (Winter),
583–596.</mixed-citation>
         </ref>
         <ref id="d12769e681a1310">
            <mixed-citation id="d12769e685" publication-type="other">
Laczniak, Russell N., DeAnna S. Kempf, and Darrel D. Muehling
(1999), "Advertising Message Involvement: The Role of
Enduring and Situational Factors," Journal of Current Issues
and Research in Advertising, 21 (1), 51–61.</mixed-citation>
         </ref>
         <ref id="d12769e702a1310">
            <mixed-citation id="d12769e706" publication-type="other">
Laurent, Gilles, and Jean-Noel Kapferer (1985), "Measuring
Consumer Involvement Profiles," Journal of Marketing Re-
search, 22 (1), 41–53.</mixed-citation>
         </ref>
         <ref id="d12769e719a1310">
            <mixed-citation id="d12769e725" publication-type="other">
Lichtenstein, Donald R., Richard G. Netemeyer, and Scot Bur-
ton (1990), "Distinguishing Coupon Proneness from Value
Consciousness: An Acquisition-Transaction Utility Theory
Perspective," Journal of Marketing, 54 (3), 54–67.</mixed-citation>
         </ref>
         <ref id="d12769e741a1310">
            <mixed-citation id="d12769e745" publication-type="other">
Lee, Yih Hwai (2000), "Manipulating Ad Message Involvement
Through Information Expectancy: Effects on Attitude
Evaluation and Confidence," Journal of Advertising, 29 (2),
29–43.</mixed-citation>
         </ref>
         <ref id="d12769e761a1310">
            <mixed-citation id="d12769e765" publication-type="other">
Maclnnis, Deborah J., and Bernard Jaworski (1989), "Informa-
tion Processing from Advertisements: Toward an Integrative
Framework," Journal of Marketing, 53 (October), 1–23.</mixed-citation>
         </ref>
         <ref id="d12769e778a1310">
            <mixed-citation id="d12769e782" publication-type="other">
MacKenzie, Scott B., Richard J. Lutz, and George E. Belch
(1986), "The Role of Attitude Toward the Ad as a Mediator
of Advertising Effectiveness: A Test of Competing Explana-
tions," Journal of Marketing Research, 23 (May), 130–143.</mixed-citation>
         </ref>
         <ref id="d12769e798a1310">
            <mixed-citation id="d12769e802" publication-type="other">
McGuire, William J. (1974), "Psychological Motives and
Communication Gratification," in The Uses of Mass Com-
munications: Current Perspectives on Gratification Research,
Jay G. Blumer and Elihu Katz, eds., Beverly Hills: Sage,
167–196.</mixed-citation>
         </ref>
         <ref id="d12769e822a1310">
            <mixed-citation id="d12769e826" publication-type="other">
Mcllory, Megan (2007), "It's the Message, Not the Medium,"
Advertising Age (November 2).</mixed-citation>
         </ref>
         <ref id="d12769e836a1310">
            <mixed-citation id="d12769e840" publication-type="other">
Mentzer, John T, and Daniel J. Flint (1999), "Validity in Logistics
Research," Journal of Business Logistics, 18(1), 199–216.</mixed-citation>
         </ref>
         <ref id="d12769e850a1310">
            <mixed-citation id="d12769e854" publication-type="other">
Noyes, Jan, and Kate Garland (2004), "Explaining Students' At-
titudes Toward Books and Computers," Computers in Human
Behavior, 22 (3), 351–363.</mixed-citation>
         </ref>
         <ref id="d12769e867a1310">
            <mixed-citation id="d12769e871" publication-type="other">
Nunnally, Jum C. (1978), Psychometric Theory, 2nd ed., New York:
McGraw-Hill.</mixed-citation>
         </ref>
         <ref id="d12769e881a1310">
            <mixed-citation id="d12769e885" publication-type="other">
Park, C. Whan, and S. Mark Young (1986), "Consumer Response
to Television Commercials: The Impact of Involvement and
Background Music on Brand Attitude Format ion, "Journal
of Marketing Research, 23 (February), 11–24.</mixed-citation>
         </ref>
         <ref id="d12769e901a1310">
            <mixed-citation id="d12769e905" publication-type="other">
Pashupati, Kartik, Laura Arpan, and Alexander Nikolaev (2002),
"Corporate Advertising as Inoculation Against Negative
News: An Experimental Investigation of Efficacy and Pre-
sentation Order Effects, "Journal of Current Issues and Research
in Advertising, 24(2), 1–15.</mixed-citation>
         </ref>
         <ref id="d12769e925a1310">
            <mixed-citation id="d12769e929" publication-type="other">
Patti, Charles H., and John P. McDonald (1985), "Corporate
Advertising: Process, Practices, and Perspectives (1970–
1989)Journal of Advertising, 14 (1), 42–49.</mixed-citation>
         </ref>
         <ref id="d12769e942a1310">
            <mixed-citation id="d12769e946" publication-type="other">
Pava, Moses L., and Joshua Krausz (1996), Corporate Social Re-
sponsibility and Financial Performance: The Paradox of Social
Cost, Westport, CT: Quorum Books.</mixed-citation>
         </ref>
         <ref id="d12769e959a1310">
            <mixed-citation id="d12769e963" publication-type="other">
Puto, Christopher P., and William D. Wells (1984), "Informa-
tional and Transformational Advertising: The Different
Effects of Time," in Advances in Consumer Research, vol. 11,
Thomas C. Kinnear, ed., Provo, UT: Association for Con-
sumer Research, 638–664.</mixed-citation>
         </ref>
         <ref id="d12769e982a1310">
            <mixed-citation id="d12769e986" publication-type="other">
Raju, Jagmohanm S., and Sanjay K. Dhar (1999), "A Note on
the Relationship Between Firm Diversification and Corpo-
rate Advertising Expenditures," Marketing Letters, 10 (1),
33–47.</mixed-citation>
         </ref>
         <ref id="d12769e1002a1310">
            <mixed-citation id="d12769e1006" publication-type="other">
Schumann, David W., Jan M. Hathcote, and Susan West (1991),
"Corporate Advertising in America: A Review of Published
Studies on Use, Measurement, and Effectiveness "Journal of
Advertising, 20 (3), 35–56.</mixed-citation>
         </ref>
         <ref id="d12769e1022a1310">
            <mixed-citation id="d12769e1026" publication-type="other">
Sen, Sankar, and C.B. Bhattacharya (2001), "Does Doing Good
Always Lead to Doing Better? Consumer Reactions to Cor-
porate Social Responsibility," Journal of Marketing Research,
38 (May), 225–243.</mixed-citation>
         </ref>
         <ref id="d12769e1043a1310">
            <mixed-citation id="d12769e1047" publication-type="other">
Sheinin, Daniel A., and Gabriel J. Biehal (1999), "Corporate Ad-
vertising Pass-Through onto the Brand: Some Experimental
Evidence," Marketing Letters, 10 (1), 63–73.</mixed-citation>
         </ref>
         <ref id="d12769e1060a1310">
            <mixed-citation id="d12769e1064" publication-type="other">
Simmons Market Research (2003), Simmons Study of Media and
Markets (Choices 3) {Computer software and manual], avail-
able at www.lib.utk.edu/refs/business/simmons.html.</mixed-citation>
         </ref>
         <ref id="d12769e1077a1310">
            <mixed-citation id="d12769e1081" publication-type="other">
Taylor, Ronald E. (1999), "A Six-Segment Message Strategy
Wheel," Journal of Advertising Research, 39 (6), 6–17.</mixed-citation>
         </ref>
         <ref id="d12769e1091a1310">
            <mixed-citation id="d12769e1095" publication-type="other">
Varadarajan, P. Rajan, and Anil Menon (1988), "Cause-Related
Marketing: A Coalignment of Marketing Strategy and
Corporate Philanthropy," Journal of Marketing, 52 (July),
58–74.</mixed-citation>
         </ref>
         <ref id="d12769e1111a1310">
            <mixed-citation id="d12769e1115" publication-type="other">
Vaughn, Richard (1980), "How Advertising Works: A Plan-
ning Model," Journal of Advertising Research, 20 (October),
27–33.</mixed-citation>
         </ref>
         <ref id="d12769e1128a1310">
            <mixed-citation id="d12769e1132" publication-type="other">
Whetten, David A., and Paul C. Godfrey (1998), Identity in Orga-
nizations: Building Strategy Through Conversations, Thousand
Oaks, CA: Sage.</mixed-citation>
         </ref>
         <ref id="d12769e1146a1310">
            <mixed-citation id="d12769e1150" publication-type="other">
Zaichkowsky, Judith Lynne (1985), "Measuring the Involvement
Construct" Journal of Consumer Research, 12 (December),
341–352.</mixed-citation>
         </ref>
         <ref id="d12769e1163a1310">
            <mixed-citation id="d12769e1167" publication-type="other">
— (1994), "Research Notes: The Personal Involvement
Inventory: Reduction, Revision, and Application to Adver-
tising, "Journal of Advertising, 23 (4), 59–70.</mixed-citation>
         </ref>
      </ref-list>
   </back>
</article>
