<article xmlns:xsi="http://www.w3.org/2001/XMLSchema-instance"
         xmlns:xlink="http://www.w3.org/1999/xlink"
         xmlns:mml="http://www.w3.org/1998/Math/MathML"
         dtd-version="1.0"
         article-type="research-article">
   <front>
      <journal-meta>
         <journal-id journal-id-type="jstor">jadve</journal-id>
         <journal-id journal-id-type="jstor">jadve</journal-id>
         <journal-id journal-id-type="jstor">j101355</journal-id>
         <journal-title-group>
            <journal-title>Journal of Advertising</journal-title>
         </journal-title-group>
         <publisher>
            <publisher-name>Board of Directors, American Academy of Advertising</publisher-name>
         </publisher>
         <issn pub-type="ppub">00913367</issn>
         <issn pub-type="epub">15577805</issn>
      </journal-meta>
      <article-meta>
         <article-id pub-id-type="jstor">4188996</article-id>
         <title-group>
            <article-title>Something Old, Something New: Exploring the Interaction between Ritual and Advertising</article-title>
         </title-group>
         <contrib-group>
            <contrib contrib-type="author">
               <string-name>
                  <given-names>Cele</given-names>
                  <surname>Otnes</surname>
               </string-name>
            </contrib>
            <contrib contrib-type="author">
               <string-name>
                  <given-names>Linda M.</given-names>
                  <surname>Scott</surname>
               </string-name>
            </contrib>
         </contrib-group>
         <pub-date>
            <day>1</day>
            <month>4</month>
            <year>1996</year>
         </pub-date>
         <volume>25</volume>
         <issue>1</issue>
         <issue-id>i394091</issue-id>
         <fpage>33</fpage>
         <lpage>50</lpage>
         <page-range>33-50</page-range>
         <permissions>
            <copyright-statement>Copyright 1996 American Academy of Advertising</copyright-statement>
         </permissions>
         <self-uri xlink:href="http://www.jstor.org/stable/4188996"/>
         <abstract>
            <p>Although the study of consumer rituals is increasing, the relationship between advertising and consumer rituals has not been explored. The authors offer a framework for examining the influence of those cultural institutions, articulating the ways advertising can influence consumption during rituals, as well as the ways advertising employs ritual symbolism to create messages about products and services not designed for use during such occasions. They provide examples of ads employing symbols associated with the wedding--a sociologically and economically significant ritual in our culture. The authors argue that advertising not only influences ritual, but is often a form of secular ritual itself. They propose several areas for future research.</p>
         </abstract>
         <custom-meta-group>
            <custom-meta>
               <meta-name>lang</meta-name>
               <meta-value>eng</meta-value>
            </custom-meta>
         </custom-meta-group>
      </article-meta>
   </front>
   <back>
      <ref-list>
         <title>References</title>
         <ref id="d390e209a1310">
            <mixed-citation id="d390e213" publication-type="book">
Abrams, M. H. (1992), A Glossary of Literary Terms, 6th ed., New
York: Harcourt Brace.<person-group>
                  <string-name>
                     <surname>Abrams</surname>
                  </string-name>
               </person-group>
               <edition>6</edition>
               <source>A Glossary of Literary Terms</source>
               <year>1992</year>
            </mixed-citation>
         </ref>
         <ref id="d390e242a1310">
            <mixed-citation id="d390e246" publication-type="book">
Belk, Russell W. (1989), 'Materialism and the Modern U.S. Christ-
mas, in Interpretive Consumer Research, Elizabeth C.
Hirschman, ed., Provo, UT: Association for Consumer Re-
search, 115-135.<person-group>
                  <string-name>
                     <surname>Belk</surname>
                  </string-name>
               </person-group>
               <comment content-type="section">Materialism and the Modern U.S. Christmas</comment>
               <fpage>115</fpage>
               <source>Interpretive Consumer Research</source>
               <year>1989</year>
            </mixed-citation>
         </ref>
         <ref id="d390e284a1310">
            <mixed-citation id="d390e288" publication-type="book">
(1993), "Materialism and the Making of the Mod-
ern American Christmas," in Unwrapping Christmas, Daniel
Miller, ed., Oxford: Clarendon Press, 75-104.<person-group>
                  <string-name>
                     <surname>Belk</surname>
                  </string-name>
               </person-group>
               <comment content-type="section">Materialism and the Making of the Modern American Christmas</comment>
               <fpage>75</fpage>
               <source>Unwrapping Christmas</source>
               <year>1993</year>
            </mixed-citation>
         </ref>
         <ref id="d390e323a1310">
            <mixed-citation id="d390e327" publication-type="journal">
, Melanie Wallendorf, and John F. Sherry, Jr. (1989),
'The Sacred and Profane in Consumer Behavior: Theodicy on
the Odyssey," Journal of Consumer Research, 16 (June), 1-38.<object-id pub-id-type="jstor">10.2307/2489299</object-id>
               <fpage>1</fpage>
            </mixed-citation>
         </ref>
         <ref id="d390e347a1310">
            <mixed-citation id="d390e351" publication-type="book">
Boorstin, Daniel J. (1973), The American Experience, New York:
Random House.<person-group>
                  <string-name>
                     <surname>Boorstin</surname>
                  </string-name>
               </person-group>
               <source>The American Experience</source>
               <year>1973</year>
            </mixed-citation>
         </ref>
         <ref id="d390e376a1310">
            <mixed-citation id="d390e380" publication-type="book">
Burke, Kenneth (1973), A Rhetoric of Motives, Berkeley: Univer-
sity of California Press.<person-group>
                  <string-name>
                     <surname>Burke</surname>
                  </string-name>
               </person-group>
               <source>A Rhetoric of Motives</source>
               <year>1973</year>
            </mixed-citation>
         </ref>
         <ref id="d390e405a1310">
            <mixed-citation id="d390e409" publication-type="journal">
Burks, Deborah (1990), "Soaplore," ETC: A Review of General Se-
mantics, 47 (Spring), 53-55.<person-group>
                  <string-name>
                     <surname>Burks</surname>
                  </string-name>
               </person-group>
               <issue>Spring</issue>
               <fpage>53</fpage>
               <volume>47</volume>
               <source>ETC: A Review of General Semantics</source>
               <year>1990</year>
            </mixed-citation>
         </ref>
         <ref id="d390e444a1310">
            <mixed-citation id="d390e448" publication-type="book">
Creighton, Millie R. (1992), The Depato: Merchandising the West
While Selling Japaneseness," in Re-Made in Japan, Joseph J.
Topin, ed., New Haven, CT: Yale University Press, 42-57.<person-group>
                  <string-name>
                     <surname>Creighton</surname>
                  </string-name>
               </person-group>
               <comment content-type="section">The Depato: Merchandising the West While Selling Japaneseness</comment>
               <fpage>42</fpage>
               <source>Re-Made in Japan</source>
               <year>1992</year>
            </mixed-citation>
         </ref>
         <ref id="d390e483a1310">
            <mixed-citation id="d390e487" publication-type="journal">
(1993), "'Sweet Love' and Woman's Place:
Valentine's Day, Japan Style," Journal of Popular Culture, 27
(Winter), 1-20.<person-group>
                  <string-name>
                     <surname>Creighton</surname>
                  </string-name>
               </person-group>
               <issue>Winter</issue>
               <fpage>1</fpage>
               <volume>27</volume>
               <source>Journal of Popular Culture</source>
               <year>1993</year>
            </mixed-citation>
         </ref>
         <ref id="d390e525a1310">
            <mixed-citation id="d390e529" publication-type="book">
Doty, William G. (1986), Mythography, Tuscaloosa: University of
Alabama Press.<person-group>
                  <string-name>
                     <surname>Doty</surname>
                  </string-name>
               </person-group>
               <source>Mythography</source>
               <year>1986</year>
            </mixed-citation>
         </ref>
         <ref id="d390e555a1310">
            <mixed-citation id="d390e559" publication-type="book">
Driver, Tom F. (1991), The Magic of Ritual, New York:
HarperCollins.<person-group>
                  <string-name>
                     <surname>Driver</surname>
                  </string-name>
               </person-group>
               <source>The Magic of Ritual</source>
               <year>1991</year>
            </mixed-citation>
         </ref>
         <ref id="d390e584a1310">
            <mixed-citation id="d390e588" publication-type="journal">
Ellen, Roy (1988), "Fetishism," Man: The Journal of the Royal
Anthropological Institute, 23 (June), 213-235.<person-group>
                  <string-name>
                     <surname>Ellen</surname>
                  </string-name>
               </person-group>
               <issue>June</issue>
               <fpage>213</fpage>
               <volume>23</volume>
               <source>Man: The Journal of the Royal Anthropological Institute</source>
               <year>1988</year>
            </mixed-citation>
         </ref>
         <ref id="d390e623a1310">
            <mixed-citation id="d390e627" publication-type="book">
Epstein, Jay (1982), The Rise and Fall of Diamonds, New York:
Simon and Schuster.<person-group>
                  <string-name>
                     <surname>Epstein</surname>
                  </string-name>
               </person-group>
               <source>The Rise and Fall of Diamonds</source>
               <year>1982</year>
            </mixed-citation>
         </ref>
         <ref id="d390e652a1310">
            <mixed-citation id="d390e656" publication-type="book">
Fletcher, Angus (1964), Allegory: The Theory of a Symbolic Mode,
Ithaca, NY: Cornell University Press.<person-group>
                  <string-name>
                     <surname>Fletcher</surname>
                  </string-name>
               </person-group>
               <source>Allegory: The Theory of a Symbolic Mode</source>
               <year>1964</year>
            </mixed-citation>
         </ref>
         <ref id="d390e681a1310">
            <mixed-citation id="d390e685" publication-type="journal">
Fraser, Kennedy (1986), "As Gorgeous as it Gets," The New Yorker,
(September 15), 42+.<person-group>
                  <string-name>
                     <surname>Fraser</surname>
                  </string-name>
               </person-group>
               <issue>September 15</issue>
               <fpage>42</fpage>
               <source>The New Yorker</source>
               <year>1986</year>
            </mixed-citation>
         </ref>
         <ref id="d390e717a1310">
            <mixed-citation id="d390e721" publication-type="book">
Geertz, Clifford (1973), The Interpretation of Cultures, New York:
Basic Books.<person-group>
                  <string-name>
                     <surname>Geertz</surname>
                  </string-name>
               </person-group>
               <source>The Interpretation of Cultures</source>
               <year>1973</year>
            </mixed-citation>
         </ref>
         <ref id="d390e747a1310">
            <mixed-citation id="d390e751" publication-type="book">
(1983),Local Knowledge: Further Essays in Inter-
pretive Anthropology, New York: Basic Books.<person-group>
                  <string-name>
                     <surname>Geertz</surname>
                  </string-name>
               </person-group>
               <source>Local Knowledge: Further Essays in Interpretive Anthropology</source>
               <year>1983</year>
            </mixed-citation>
         </ref>
         <ref id="d390e776a1310">
            <mixed-citation id="d390e780" publication-type="book">
Gibson, Walker (1980), "Authors, Speakers, Readers, and Mock
Readers," in Reader-Response Criticism, Jane Tompkins, ed.,
Baltimore: Johns Hopkins University Press, 1-6.<person-group>
                  <string-name>
                     <surname>Gibson</surname>
                  </string-name>
               </person-group>
               <comment content-type="section">Authors, Speakers, Readers, and Mock Readers</comment>
               <fpage>1</fpage>
               <source>Reader-Response Criticism</source>
               <year>1980</year>
            </mixed-citation>
         </ref>
         <ref id="d390e815a1310">
            <mixed-citation id="d390e819" publication-type="book">
Hirsch, E.D., Jr. (1976), The Aims of Interpretation, Chicago: Uni-
versity of Chicago Press.<person-group>
                  <string-name>
                     <surname>Hirsch</surname>
                  </string-name>
               </person-group>
               <source>The Aims of Interpretation</source>
               <year>1976</year>
            </mixed-citation>
         </ref>
         <ref id="d390e844a1310">
            <mixed-citation id="d390e848" publication-type="journal">
Hirschman, Elizabeth C. (1985), "Primitive Aspects of Consump-
tion in Modern American Society," Journal of Consumer Re-
search, 12 (September), 142-154.<object-id pub-id-type="jstor">10.2307/254347</object-id>
               <fpage>142</fpage>
            </mixed-citation>
         </ref>
         <ref id="d390e867a1310">
            <mixed-citation id="d390e871" publication-type="journal">
(1993), "Using Consumption Imagery to Decode
'Twin Peaks,'" American Journal of Semiotics, 9 (2-3), 185-
218.<person-group>
                  <string-name>
                     <surname>Hirschman</surname>
                  </string-name>
               </person-group>
               <issue>2</issue>
               <fpage>185</fpage>
               <volume>9</volume>
               <source>American Journal of Semiotics</source>
               <year>1993</year>
            </mixed-citation>
         </ref>
         <ref id="d390e909a1310">
            <mixed-citation id="d390e913" publication-type="book">
and Patricia LaBarbera (1989), "The Meaning of
Christmas," in Interpretive Consumer Research, Elizabeth C.
Hirschman, ed., Provo, UT: Association for Consumer Re-
search, 136-147.<person-group>
                  <string-name>
                     <surname>Hirschman</surname>
                  </string-name>
               </person-group>
               <comment content-type="section">The Meaning of Christmas</comment>
               <fpage>136</fpage>
               <source>Interpretive Consumer Research</source>
               <year>1989</year>
            </mixed-citation>
         </ref>
         <ref id="d390e952a1310">
            <mixed-citation id="d390e956" publication-type="journal">
Holbrook, Morris B. and Elizabeth Hirschman (1982), "The Expe-
riential Aspects of Consumption: Consumer Fantasies, Feel-
ings and Fun, Journal of Consumer Research, 9 (September),
132-140.<object-id pub-id-type="jstor">10.2307/2489122</object-id>
               <fpage>132</fpage>
            </mixed-citation>
         </ref>
         <ref id="d390e979a1310">
            <mixed-citation id="d390e983" publication-type="journal">
Hummon, David M. (1988), "Tourist Worlds: Tourist Advertising,
Ritual, and American Culture," Sociological Quarterly, 29 (2),
179-202.<person-group>
                  <string-name>
                     <surname>Hummon</surname>
                  </string-name>
               </person-group>
               <issue>2</issue>
               <fpage>179</fpage>
               <volume>29</volume>
               <source>Sociological Quarterly</source>
               <year>1988</year>
            </mixed-citation>
         </ref>
         <ref id="d390e1021a1310">
            <mixed-citation id="d390e1025" publication-type="journal">
Kanner, Bernice (1985), 'Here Comes the Bride,' New York Maga-
zine, 18 (September 9), 26-27.<person-group>
                  <string-name>
                     <surname>Kanner</surname>
                  </string-name>
               </person-group>
               <issue>September 9</issue>
               <fpage>26</fpage>
               <volume>18</volume>
               <source>New York Magazine</source>
               <year>1985</year>
            </mixed-citation>
         </ref>
         <ref id="d390e1060a1310">
            <mixed-citation id="d390e1064" publication-type="book">
Kopytoff, Igor (1986), "The Cultural Biography of Things:
Commoditization," in The Social Life of Things, Arjun
Appaduri, ed., New York: Cambridge University Press, 64-91.<person-group>
                  <string-name>
                     <surname>Kopytoff</surname>
                  </string-name>
               </person-group>
               <comment content-type="section">The Cultural Biography of Things: Commoditization</comment>
               <fpage>64</fpage>
               <source>The Social Life of Things</source>
               <year>1986</year>
            </mixed-citation>
         </ref>
         <ref id="d390e1099a1310">
            <mixed-citation id="d390e1103" publication-type="book">
Koskoff, David E. (1981), The Diamond World, New York: Harper
&amp; Row.<person-group>
                  <string-name>
                     <surname>Koskoff</surname>
                  </string-name>
               </person-group>
               <source>The Diamond World</source>
               <year>1981</year>
            </mixed-citation>
         </ref>
         <ref id="d390e1128a1310">
            <mixed-citation id="d390e1132" publication-type="book">
Leach, Edmund (1981), Culture and Communication, New York:
Cambridge University Press.<person-group>
                  <string-name>
                     <surname>Leach</surname>
                  </string-name>
               </person-group>
               <source>Culture and Communication</source>
               <year>1981</year>
            </mixed-citation>
         </ref>
         <ref id="d390e1158a1310">
            <mixed-citation id="d390e1162" publication-type="book">
Lowrey, Tina M. and Cele Otnes (1994), "Construction of A Mean-
ingful Wedding: Differences Between the Priorities of Brides
and Grooms," in Gender and Consumer Behavior, Janeen
Costa, ed., Beverly Hills, CA: Sage, 164-183.<person-group>
                  <string-name>
                     <surname>Lowrey</surname>
                  </string-name>
               </person-group>
               <comment content-type="section">Construction of A Meaningful Wedding: Differences Between the Priorities of Brides and Grooms</comment>
               <fpage>164</fpage>
               <source>Gender and Consumer Behavior</source>
               <year>1994</year>
            </mixed-citation>
         </ref>
         <ref id="d390e1200a1310">
            <mixed-citation id="d390e1204" publication-type="book">
and (1995), "Brides and Their Weddings:
What's Advertising Got To Do With It?" presented at Ameri-
can Academy of Advertising Conference, Norfolk, VA (March).<person-group>
                  <string-name>
                     <surname>Lowrey</surname>
                  </string-name>
               </person-group>
               <comment content-type="section">Brides and Their Weddings: What's Advertising Got To Do With It?</comment>
               <source>American Academy of Advertising Conference, Norfolk, VA (March)</source>
               <year>1995</year>
            </mixed-citation>
         </ref>
         <ref id="d390e1236a1310">
            <mixed-citation id="d390e1240" publication-type="book">
Malinowski, Bronislaw (1922), Argonauts of the Western Pacific:
An Account of Native Enterprise and Adventure in the Archi-
pelagos of Melanesian New Guinea, London: Routledge &amp;
Kegan Paul.<person-group>
                  <string-name>
                     <surname>Malinowski</surname>
                  </string-name>
               </person-group>
               <source>Argonauts of the Western Pacific: An Account of Native Enterprise and Adventure in the Archipelagos of Melanesian New Guinea</source>
               <year>1922</year>
            </mixed-citation>
         </ref>
         <ref id="d390e1272a1310">
            <mixed-citation id="d390e1276" publication-type="book">
Mauss, Marcel (1954), The Gift, Ian Cunnison, trans., Glencoe, IL:
Free Press.<person-group>
                  <string-name>
                     <surname>Mauss</surname>
                  </string-name>
               </person-group>
               <source>The Gift</source>
               <year>1954</year>
            </mixed-citation>
         </ref>
         <ref id="d390e1301a1310">
            <mixed-citation id="d390e1305" publication-type="journal">
McCracken, Grant (1986), "Culture and Consumption: A Theoreti-
cal Account of the Structure and Movement of the Cultural
Meaning of Consumer Goods," Journal of Consumer Research,
13 (June), 71-84.<object-id pub-id-type="jstor">10.2307/2489287</object-id>
               <fpage>71</fpage>
            </mixed-citation>
         </ref>
         <ref id="d390e1328a1310">
            <mixed-citation id="d390e1332" publication-type="book">
(1987), 'Advertising: Meaning or Information?" in
Advances in Consumer Research Vol. 14, Melanie Wallendorf
and Paul Anderson, eds., Provo, UT: Association for Con-
sumer Research, 121-124.<person-group>
                  <string-name>
                     <surname>McCracken</surname>
                  </string-name>
               </person-group>
               <comment content-type="section">Advertising: Meaning or Information?</comment>
               <fpage>121</fpage>
               <volume>14</volume>
               <source>Advances in Consumer Research</source>
               <year>1987</year>
            </mixed-citation>
         </ref>
         <ref id="d390e1374a1310">
            <mixed-citation id="d390e1378" publication-type="journal">
(1989), "Who Is the Celebrity Endorser? Cultural
Foundatiors of the Endorsement Process,' Journal of Con-
sumer Research, 16 (December), 310-321.<object-id pub-id-type="jstor">10.2307/2489512</object-id>
               <fpage>310</fpage>
            </mixed-citation>
         </ref>
         <ref id="d390e1397a1310">
            <mixed-citation id="d390e1401" publication-type="book">
McQuarrie, Edward (1989), 'Advertising Resonance: A Semiological
Perspective," in Interpretive Consumer Research, Elizabeth
Hirschman, ed., Provo, UT: Association for Consumer Re-
search, 97-114.<person-group>
                  <string-name>
                     <surname>McQuarrie</surname>
                  </string-name>
               </person-group>
               <comment content-type="section">Advertising Resonance: A Semiological Perspective</comment>
               <fpage>97</fpage>
               <source>Interpretive Consumer Research</source>
               <year>1989</year>
            </mixed-citation>
         </ref>
         <ref id="d390e1439a1310">
            <mixed-citation id="d390e1443" publication-type="journal">
and David Glen Mick (1992), "On Resonance: A
Critical Pluralistic Inquiry into Advertising Rhetoric," Jour-
nal of Consumer Research, 19 (September), 180-197.<object-id pub-id-type="jstor">10.2307/2489327</object-id>
               <fpage>180</fpage>
            </mixed-citation>
         </ref>
         <ref id="d390e1462a1310">
            <mixed-citation id="d390e1466" publication-type="journal">
Mick, David Glen (1986), "Consumer Research and Semiotics: Ex-
ploring the Morphology of Signs, Symbols, and Significance,"
Journal of Consumer Research, 13 (September), 196-213.<object-id pub-id-type="jstor">10.2307/2489226</object-id>
               <fpage>196</fpage>
            </mixed-citation>
         </ref>
         <ref id="d390e1485a1310">
            <mixed-citation id="d390e1489" publication-type="journal">
(1988), 'Schema-theoretics and Semiotics: Toward
More Holistic, Programmatic Research on Marketing Com-
munication," Semiotica, 70 (1/2), 1-26.<person-group>
                  <string-name>
                     <surname>Mick</surname>
                  </string-name>
               </person-group>
               <issue>1</issue>
               <fpage>1</fpage>
               <volume>70</volume>
               <source>Semiotica</source>
               <year>1988</year>
            </mixed-citation>
         </ref>
         <ref id="d390e1527a1310">
            <mixed-citation id="d390e1531" publication-type="journal">
and Claus Buhl (1992), "A Meaning-Based Model of
Advertising Experiences," Journal of Consumer Research, 19
(December), 317-338.<object-id pub-id-type="jstor">10.2307/2489392</object-id>
               <fpage>317</fpage>
            </mixed-citation>
         </ref>
         <ref id="d390e1551a1310">
            <mixed-citation id="d390e1555" publication-type="book">
Mitchell, W.J.T. (1986), Iconology: Image, Text, Ideology, Chicago:
University of Chicago Press.<person-group>
                  <string-name>
                     <surname>Mitchell</surname>
                  </string-name>
               </person-group>
               <source>Iconology: Image, Text, Ideology</source>
               <year>1986</year>
            </mixed-citation>
         </ref>
         <ref id="d390e1580a1310">
            <mixed-citation id="d390e1584" publication-type="book">
Murrin, Michael (1969), The Veil of Allegory: Some Notes Toward a
Theory of Allegorical Rhetoric in the English Renaissance,
Chicago: University of Chicago Press.<person-group>
                  <string-name>
                     <surname>Murrin</surname>
                  </string-name>
               </person-group>
               <source>The Veil of Allegory: Some Notes Toward a Theory of Allegorical Rhetoric in the English Renaissance</source>
               <year>1969</year>
            </mixed-citation>
         </ref>
         <ref id="d390e1613a1310">
            <mixed-citation id="d390e1617" publication-type="book">
Otnes, Cele and Tina M. Lowrey (1993), Til Debt Do Us Part: The
Selection and Meaning of Artifacts in the American Wed-
ding,' in Advances in Consumer Research Vol. 20, Leigh
McAlister and Michael L. Rothschild, eds. Provo, UT: Associa-
tion for Consumer Research, 325-329.<person-group>
                  <string-name>
                     <surname>Otnes</surname>
                  </string-name>
               </person-group>
               <comment content-type="section">Til Debt Do Us Part: The Selection and Meaning of Artifacts in the American Wedding</comment>
               <fpage>325</fpage>
               <volume>20</volume>
               <source>Advances in Consumer Research</source>
               <year>1993</year>
            </mixed-citation>
         </ref>
         <ref id="d390e1661a1310">
            <mixed-citation id="d390e1665" publication-type="journal">
p , and Young Chan Kim (1993), 'Gift
Selection for Easy and Difficult Recipients: A Social Roles
Interpretation," Journal of Consumer Research, 20 (Septem-
ber), 229-244.<object-id pub-id-type="jstor">10.2307/2489271</object-id>
               <fpage>229</fpage>
            </mixed-citation>
         </ref>
         <ref id="d390e1688a1310">
            <mixed-citation id="d390e1692" publication-type="journal">
and Mary Ann McGrath (1994), 'Ritual Socializa-
tion and the Children's Birthday Party: The Early Emergence
of Gender Differences," Journal of Ritual Studies, 8 (Winter),
73-93.<person-group>
                  <string-name>
                     <surname>Otnes</surname>
                  </string-name>
               </person-group>
               <issue>Winter</issue>
               <fpage>73</fpage>
               <volume>8</volume>
               <source>Journal of Ritual Studies</source>
               <year>1994</year>
            </mixed-citation>
         </ref>
         <ref id="d390e1733a1310">
            <mixed-citation id="d390e1737" publication-type="book">
— Julie A. Ruth, and Constance C. Milbourne (1993),
'I Like You, I Like Me: The Influence of Gender, Romantic
Involvement and Self-Acceptance on Valentine's Day Gift Ex-
change,' presented at 1993 American Marketing Association
Winter Educators' Conference, Newport Beach, CA (Febru-
ary).<person-group>
                  <string-name>
                     <surname>Otnes</surname>
                  </string-name>
               </person-group>
               <comment content-type="section">I Like You, I Like Me: The Influence of Gender, Romantic Involvement and Self-Acceptance on Valentine's Day Gift Exchange</comment>
               <source>1993 American Marketing Association Winter Educators' Conference, Newport Beach, CA (February)</source>
               <year>1993</year>
            </mixed-citation>
         </ref>
         <ref id="d390e1779a1310">
            <mixed-citation id="d390e1783" publication-type="journal">
Rook, Dennis (1985), "The Ritual Dimension of Consumer Behav-
ior," Journal of Consumer Research, 12 (December), 251-264.<object-id pub-id-type="jstor">10.2307/254372</object-id>
               <fpage>251</fpage>
            </mixed-citation>
         </ref>
         <ref id="d390e1799a1310">
            <mixed-citation id="d390e1803" publication-type="journal">
Schmidt, Leigh E. (1991), "The Commercialization of the Calen-
dar: American Holidays and the Cult of Consumption, 1870-
1930," Journal of American History, 70 (December), 887-916.<object-id pub-id-type="doi">10.2307/2078795</object-id>
               <fpage>887</fpage>
            </mixed-citation>
         </ref>
         <ref id="d390e1822a1310">
            <mixed-citation id="d390e1826" publication-type="book">
Schudson, Michael (1984), "Historical Roots of Consumer Culture,'
in Advertising, The Uneasy Persuasion: Its Dubious Impact on
American Society, New York: Basic Books.<person-group>
                  <string-name>
                     <surname>Schudson</surname>
                  </string-name>
               </person-group>
               <comment content-type="section">Historical Roots of Consumer Culture</comment>
               <source>Advertising, The Uneasy Persuasion: Its Dubious Impact on American Society</source>
               <year>1984</year>
            </mixed-citation>
         </ref>
         <ref id="d390e1858a1310">
            <mixed-citation id="d390e1862" publication-type="journal">
Scott, Linda M. (1990), 'Understanding Jingles and Needledrop: A
Rhetorical Approach to Music in Advertising, Journal of Con-
sumer Research, 17 (September), 223-236.<object-id pub-id-type="jstor">10.2307/2626814</object-id>
               <fpage>223</fpage>
            </mixed-citation>
         </ref>
         <ref id="d390e1881a1310">
            <mixed-citation id="d390e1885" publication-type="book">
(1991), 'Playing with Pictures: Postmodernism,
Poststructuralism, and Advertising Visuals," in Advances in
Consumer Research Vol. 19, John F. Sherry, Jr. and Brian
Sternthal, eds., Provo, UT: Association for Consumer Research,
596-612.<person-group>
                  <string-name>
                     <surname>Scott</surname>
                  </string-name>
               </person-group>
               <comment content-type="section">Playing with Pictures: Postmodernism, Poststructuralism, and Advertising Visuals</comment>
               <fpage>596</fpage>
               <volume>19</volume>
               <source>Advances in Consumer Research</source>
               <year>1991</year>
            </mixed-citation>
         </ref>
         <ref id="d390e1929a1310">
            <mixed-citation id="d390e1933" publication-type="journal">
(1994a), 'Images in Advertising: The Need for a
Theory of Visual Rhetoric, Journal of Consumer Research, 21
(September), 252-273.<object-id pub-id-type="jstor">10.2307/2489819</object-id>
               <fpage>252</fpage>
            </mixed-citation>
         </ref>
         <ref id="d390e1953a1310">
            <mixed-citation id="d390e1957" publication-type="journal">
(1994b), "The Bridge from Text to Mind: Adapting
Reader-Response Theory to Consumer Research," Journal of
Consumer Research, 21 (December), 461-480.<object-id pub-id-type="jstor">10.2307/2489686</object-id>
               <fpage>461</fpage>
            </mixed-citation>
         </ref>
         <ref id="d390e1976a1310">
            <mixed-citation id="d390e1980" publication-type="book">
Seligson, Marcia (1973), The Eternal Bliss Machine: America's
Way of Wedding, New York: William Morrow.<person-group>
                  <string-name>
                     <surname>Seligson</surname>
                  </string-name>
               </person-group>
               <source>The Eternal Bliss Machine: America's Way of Wedding</source>
               <year>1973</year>
            </mixed-citation>
         </ref>
         <ref id="d390e2005a1310">
            <mixed-citation id="d390e2009" publication-type="journal">
Sherry, John F., Jr. (1983), "Gift Giving in Anthropological Per-
spective,"Journal of Consumer Research, 10 (September), 157-
168.<object-id pub-id-type="jstor">10.2307/2488921</object-id>
               <fpage>157</fpage>
            </mixed-citation>
         </ref>
         <ref id="d390e2028a1310">
            <mixed-citation id="d390e2032" publication-type="book">
(1987), 'Advertising as a Cultural System," in Mar-
keting and Semiotics: New Directions in the Study of Signs for
Sale, Jean Umiker-Sebeok, ed., New York: Mouton de Gruyter,
441-461.<person-group>
                  <string-name>
                     <surname>Sherry</surname>
                  </string-name>
               </person-group>
               <comment content-type="section">Advertising as a Cultural System</comment>
               <fpage>441</fpage>
               <source>Marketing and Semiotics: New Directions in the Study of Signs for Sale</source>
               <year>1987</year>
            </mixed-citation>
         </ref>
         <ref id="d390e2070a1310">
            <mixed-citation id="d390e2074" publication-type="book">
and Mary Ann McGrath (1989), "Unpacking the
Holiday Presence: A Comparative Ethnography of Two Gift
Stores," in Interpretive Consumer Research, Elizabeth C.
Hirschman, ed., Provo, UT: Association for Consumer Re-
search, 148-167.<person-group>
                  <string-name>
                     <surname>Sherry</surname>
                  </string-name>
               </person-group>
               <comment content-type="section">Unpacking the Holiday Presence: A Comparative Ethnography of Two Gift Stores</comment>
               <fpage>148</fpage>
               <source>Interpretive Consumer Research</source>
               <year>1989</year>
            </mixed-citation>
         </ref>
         <ref id="d390e2115a1310">
            <mixed-citation id="d390e2119" publication-type="journal">
Solomon, Michael and Basil Englis (1994), "Observations: The Big
Picture: Product Complementarity and Integrated Communi-
cations," Journal of Advertising Research, 34 (January/Feb-
ruary), 57-63.<person-group>
                  <string-name>
                     <surname>Solomon</surname>
                  </string-name>
               </person-group>
               <issue>January</issue>
               <fpage>57</fpage>
               <volume>34</volume>
               <source>Journal of Advertising Research</source>
               <year>1994</year>
            </mixed-citation>
         </ref>
         <ref id="d390e2161a1310">
            <mixed-citation id="d390e2165" publication-type="journal">
Stern, Barbara B. (1988), "How Does an Ad Mean? Language in
Services Advertising,"Journal of Advertising, 17 (2), 3-14.<person-group>
                  <string-name>
                     <surname>Stern</surname>
                  </string-name>
               </person-group>
               <issue>2</issue>
               <fpage>3</fpage>
               <volume>17</volume>
               <source>Journal of Advertising</source>
               <year>1988</year>
            </mixed-citation>
         </ref>
         <ref id="d390e2200a1310">
            <mixed-citation id="d390e2204" publication-type="journal">
(1990), "Other-Speak: Classical Allegory and Con-
temporary Advertising," Journal of Advertising, 19 (3), 14-26.<person-group>
                  <string-name>
                     <surname>Stern</surname>
                  </string-name>
               </person-group>
               <issue>3</issue>
               <fpage>14</fpage>
               <volume>19</volume>
               <source>Journal of Advertising</source>
               <year>1990</year>
            </mixed-citation>
         </ref>
         <ref id="d390e2239a1310">
            <mixed-citation id="d390e2243" publication-type="journal">
(1991), "Who Talks Advertising? Literary Theory
and Narrative 'Point of View,'" Journal of Advertising, 20
(September), 9-22.<person-group>
                  <string-name>
                     <surname>Stern</surname>
                  </string-name>
               </person-group>
               <issue>September</issue>
               <fpage>9</fpage>
               <volume>20</volume>
               <source>Journal of Advertising</source>
               <year>1991</year>
            </mixed-citation>
         </ref>
         <ref id="d390e2281a1310">
            <mixed-citation id="d390e2285" publication-type="journal">
(1993), 'Feminist Literary Criticism and the
Deconstruction of Ads: A Postmodern View of Advertising and
Consumer Research," Journal of Consumer Research, 19
(March), 556-566.<object-id pub-id-type="jstor">10.2307/2489440</object-id>
               <fpage>556</fpage>
            </mixed-citation>
         </ref>
         <ref id="d390e2308a1310">
            <mixed-citation id="d390e2312" publication-type="book">
'Symbolism and Allegory" (1967), Encyclopedia of World Art13,
London: McGraw-Hill, 701.<comment content-type="section">Symbolism and Allegory</comment>
               <fpage>701</fpage>
               <volume>13</volume>
               <source>Encyclopedia of World Art</source>
               <year>1967</year>
            </mixed-citation>
         </ref>
         <ref id="d390e2338a1310">
            <mixed-citation id="d390e2342" publication-type="book">
Thomas, Nicholas (1991), Entangled Objects, Cambridge, MA:
Harvard University Press.<person-group>
                  <string-name>
                     <surname>Thomas</surname>
                  </string-name>
               </person-group>
               <source>Entangled Objects</source>
               <year>1991</year>
            </mixed-citation>
         </ref>
         <ref id="d390e2368a1310">
            <mixed-citation id="d390e2372" publication-type="book">
Van Dyke, Carolynn (1985), The Fiction of Truth: Structures of
Meaning in Narrative and Dramatic Allegory, Ithaca, NY:
Cornell University Press.<person-group>
                  <string-name>
                     <surname>Van Dyke</surname>
                  </string-name>
               </person-group>
               <source>The Fiction of Truth: Structures of Meaning in Narrative and Dramatic Allegory</source>
               <year>1985</year>
            </mixed-citation>
         </ref>
         <ref id="d390e2401a1310">
            <mixed-citation id="d390e2405" publication-type="book">
van Gennep, Arnold (1960), The Rites of Passage, Monika B.
Vizedom and Gabrielle L. Caffee, trans., Chicago: University
of Chicago Press.<person-group>
                  <string-name>
                     <surname>van Gennep</surname>
                  </string-name>
               </person-group>
               <source>The Rites of Passage</source>
               <year>1960</year>
            </mixed-citation>
         </ref>
         <ref id="d390e2434a1310">
            <mixed-citation id="d390e2438" publication-type="other">
Waits, William B., Jr. (1993), The Modern Christmas in America: A
Cultural History of Gift Giving, New York: New York Univer-
sity Press. unpublished doctoral dissertation, New Brunswick,
NJ: Rutgers University, Department of History.</mixed-citation>
         </ref>
         <ref id="d390e2454a1310">
            <mixed-citation id="d390e2458" publication-type="journal">
Wallendorf, Melanie and Eric J. Arnould (1991), 'We Gather To-
gether': Consumption Rituals of Thanksgiving Day," Journal
of Consumer Research, 18 (June), 13-31.<object-id pub-id-type="jstor">10.2307/2489481</object-id>
               <fpage>13</fpage>
            </mixed-citation>
         </ref>
         <ref id="d390e2477a1310">
            <mixed-citation id="d390e2481" publication-type="book">
Watkins, Julian L. (1962), The Best Advertisements from Reader's
Digest, Pleasantville, NY: The Reader's Digest Association.<person-group>
                  <string-name>
                     <surname>Watkins</surname>
                  </string-name>
               </person-group>
               <source>The Best Advertisements from Reader's Digest</source>
               <year>1962</year>
            </mixed-citation>
         </ref>
         <ref id="d390e2506a1310">
            <mixed-citation id="d390e2510" publication-type="book">
Williams, Raymond (1980), 'Advertising the Magic System,' in
Problems in Materialism and Culture, London: Verso and
NLB, 170-195.<person-group>
                  <string-name>
                     <surname>Williams</surname>
                  </string-name>
               </person-group>
               <comment content-type="section">Advertising the Magic System</comment>
               <fpage>170</fpage>
               <source>Problems in Materialism and Culture</source>
               <year>1980</year>
            </mixed-citation>
         </ref>
         <ref id="d390e2546a1310">
            <mixed-citation id="d390e2550" publication-type="book">
Williamson, Judith (1978), Decoding Advertisements, New York,
Marion Boyars.<person-group>
                  <string-name>
                     <surname>Williamson</surname>
                  </string-name>
               </person-group>
               <source>Decoding Advertisements</source>
               <year>1978</year>
            </mixed-citation>
         </ref>
         <ref id="d390e2575a1310">
            <mixed-citation id="d390e2579" publication-type="book">
Wood, Michael, Bruce Cole, and Adelheid Gealt (1989), Art of the
Western World: From Ancient Greece to Postmodernism, New
York: Summit.<person-group>
                  <string-name>
                     <surname>Wood</surname>
                  </string-name>
               </person-group>
               <source>Art of the Western World: From Ancient Greece to Postmodernism</source>
               <year>1989</year>
            </mixed-citation>
         </ref>
      </ref-list>
   </back>
</article>
