<article xmlns:xsi="http://www.w3.org/2001/XMLSchema-instance"
         xmlns:xlink="http://www.w3.org/1999/xlink"
         xmlns:mml="http://www.w3.org/1998/Math/MathML"
         dtd-version="1.0"
         article-type="research-article">
   <front>
      <journal-meta>
         <journal-id journal-id-type="jstor">jadve</journal-id>
         <journal-id journal-id-type="jstor">jadve</journal-id>
         <journal-id journal-id-type="jstor">j101355</journal-id>
         <journal-title-group>
            <journal-title>Journal of Advertising</journal-title>
         </journal-title-group>
         <publisher>
            <publisher-name>Board of Directors, American Academy of Advertising</publisher-name>
         </publisher>
         <issn pub-type="ppub">00913367</issn>
         <issn pub-type="epub">15577805</issn>
      </journal-meta>
      <article-meta>
         <article-id pub-id-type="jstor">4189143</article-id>
         <article-categories>
            <subj-group>
               <subject>Research in Brief</subject>
            </subj-group>
         </article-categories>
         <title-group>
            <article-title>Exploring the Effectiveness of Business Gifts: Replication and Extension</article-title>
         </title-group>
         <contrib-group>
            <contrib contrib-type="author">
               <string-name>
                  <given-names>Richard F.</given-names>
                  <surname>Beltramini</surname>
               </string-name>
            </contrib>
         </contrib-group>
         <pub-date>
            <day>1</day>
            <month>7</month>
            <year>2000</year>
         </pub-date>
         <volume>29</volume>
         <issue>2</issue>
         <issue-id>i394108</issue-id>
         <fpage>75</fpage>
         <lpage>78</lpage>
         <page-range>75-78</page-range>
         <permissions>
            <copyright-statement>Copyright 2000 American Academy of Advertising</copyright-statement>
         </permissions>
         <self-uri xlink:href="http://www.jstor.org/stable/4189143"/>
         <abstract>
            <p>This investigation replicates Beltramini's (1992) study of the effectiveness of business gifts, and extends the research to include actual marketplace sales response. A company's customers' perceived satisfaction and intention to continue repurchasing are surveyed both before and after being sent a more expensive gift, a less expensive gift, or no gift at all, and customers' actual sales are longitudinally tracked. The results indicate business gift-giving represents an effective part of a marketer's overall marketing communications strategy, and both limitations and implications are discussed.</p>
         </abstract>
         <custom-meta-group>
            <custom-meta>
               <meta-name>lang</meta-name>
               <meta-value>eng</meta-value>
            </custom-meta>
         </custom-meta-group>
      </article-meta>
   </front>
   <back>
      <ref-list>
         <title>References</title>
         <ref id="d39569e133a1310">
            <mixed-citation id="d39569e137" publication-type="journal">
Beltramini, Richard F. (1992), "Exploring the Effectiveness of Busi-
ness Gifts: A Controlled Field Experiment," Journal of the
Academy of Marketing Science, 20, 87-91.<person-group>
                  <string-name>
                     <surname>Beltramini</surname>
                  </string-name>
               </person-group>
               <fpage>87</fpage>
               <volume>20</volume>
               <source>Journal of the Academy of Marketing Science</source>
               <year>1992</year>
            </mixed-citation>
         </ref>
         <ref id="d39569e172a1310">
            <mixed-citation id="d39569e176" publication-type="book">
— (1996), "Business Believes in Gift Giving," in Cele
Otnes and Richard F. Beltramini, eds., Gift Giving: A Research
Anthology, Bowling Green, KY: Popular Press, 163-173.<person-group>
                  <string-name>
                     <surname>Beltramini</surname>
                  </string-name>
               </person-group>
               <comment content-type="section">Business Believes in Gift Giving</comment>
               <fpage>163</fpage>
               <source>Gift Giving: A Research Anthology</source>
               <year>1996</year>
            </mixed-citation>
         </ref>
         <ref id="d39569e211a1310">
            <mixed-citation id="d39569e215" publication-type="book">
Stephen W. Brown and Kenneth A. Coney (1976), "Building a
Replication Tradition in Marketing," Kenneth L. Bernhardt,
ed., Marketing: 1776-1976 and Beyond, Chicago: American
Marketing Association, 622-625.<person-group>
                  <string-name>
                     <surname>Brown</surname>
                  </string-name>
               </person-group>
               <comment content-type="section">Building a Replication Tradition in Marketing</comment>
               <fpage>622</fpage>
               <source>Marketing: 1776-1976 and Beyond</source>
               <year>1976</year>
            </mixed-citation>
         </ref>
         <ref id="d39569e253a1310">
            <mixed-citation id="d39569e257" publication-type="book">
Cialdini, Robert B. (1985), Influence: Science and Practice,
Glenview, IL: Scott, Foresman and Company.<person-group>
                  <string-name>
                     <surname>Cialdini</surname>
                  </string-name>
               </person-group>
               <source>Influence: Science and Practice</source>
               <year>1985</year>
            </mixed-citation>
         </ref>
         <ref id="d39569e283a1310">
            <mixed-citation id="d39569e287" publication-type="journal">
DePaulo, Bella M., Gregory L. Brittingham and Mary Kister Kai-
ser (1983), "Receiving Competence-Relevant Help: Effects on
Reciprocity, Affect, and Sensitivity to the Helper's Nonverbally
Expressed Needs," Journal of Personality and Social Psychol-
ogy, 45, 1045-1060.<person-group>
                  <string-name>
                     <surname>DePaulo</surname>
                  </string-name>
               </person-group>
               <fpage>1045</fpage>
               <volume>45</volume>
               <source>Journal of Personality and Social Psychology</source>
               <year>1983</year>
            </mixed-citation>
         </ref>
         <ref id="d39569e328a1310">
            <mixed-citation id="d39569e332" publication-type="journal">
Feder, Hillary (1998), "Solving the Giving Puzzle," Potentials in
Marketing, July, 21-25.<person-group>
                  <string-name>
                     <surname>Feder</surname>
                  </string-name>
               </person-group>
               <issue>July</issue>
               <fpage>21</fpage>
               <source>Potentials in Marketing</source>
               <year>1998</year>
            </mixed-citation>
         </ref>
         <ref id="d39569e364a1310">
            <mixed-citation id="d39569e368" publication-type="journal">
Gines, Karen (1998), 'The Guide to Corporate Gift Giving," Incen-
tive Magazine, August, 1-28.<person-group>
                  <string-name>
                     <surname>Gines</surname>
                  </string-name>
               </person-group>
               <issue>August</issue>
               <fpage>1</fpage>
               <source>Incentive Magazine</source>
               <year>1998</year>
            </mixed-citation>
         </ref>
         <ref id="d39569e400a1310">
            <mixed-citation id="d39569e404" publication-type="journal">
Hubbard, Raymond and Daniel Vetter (1992), 'The Publication
Incidence of Replications and Critical Commentary in Eco-
nomics," The American Economist, 36, 29-34.<person-group>
                  <string-name>
                     <surname>Hubbard</surname>
                  </string-name>
               </person-group>
               <fpage>29</fpage>
               <volume>36</volume>
               <source>The American Economist</source>
               <year>1992</year>
            </mixed-citation>
         </ref>
         <ref id="d39569e439a1310">
            <mixed-citation id="d39569e443" publication-type="journal">
Kane, Edward J. (1984), "Why Journal Editors Should Encourage
the Replication of Applied Economic Research," Quarterly Jour-
nal of Business Economics, 23, 3-8.<person-group>
                  <string-name>
                     <surname>Kane</surname>
                  </string-name>
               </person-group>
               <fpage>3</fpage>
               <volume>23</volume>
               <source>Quarterly Journal of Business Economics</source>
               <year>1984</year>
            </mixed-citation>
         </ref>
         <ref id="d39569e478a1310">
            <mixed-citation id="d39569e482" publication-type="journal">
Myers, Dawn (1998), "You Get What You Give So Make It Good,"
Promotional Products Business, June, 105-106, 111.<person-group>
                  <string-name>
                     <surname>Myers</surname>
                  </string-name>
               </person-group>
               <issue>June</issue>
               <fpage>105</fpage>
               <source>Promotional Products Business</source>
               <year>1998</year>
            </mixed-citation>
         </ref>
         <ref id="d39569e515a1310">
            <mixed-citation id="d39569e519" publication-type="journal">
Nadler, Arie, Jeffrey D. Fisher and Shulamit Ben Itzhak (1983),
tfWith a Little Help from My Friend: Effect of Single or
Multiple Act Aid as a Function of Donor and Task Character-
istics," Journal of Personality and Social Psychology, 44, 310-
321.<person-group>
                  <string-name>
                     <surname>Nadler</surname>
                  </string-name>
               </person-group>
               <fpage>310</fpage>
               <volume>44</volume>
               <source>Journal of Personality and Social Psychology</source>
               <year>1983</year>
            </mixed-citation>
         </ref>
         <ref id="d39569e560a1310">
            <mixed-citation id="d39569e564" publication-type="journal">
Regan, Dennis T. (1971), "Effects of a Favor and Linking on Com-
pliance," Journal of Experimental Social Psychology, 7, 627-
639.<person-group>
                  <string-name>
                     <surname>Regan</surname>
                  </string-name>
               </person-group>
               <fpage>627</fpage>
               <volume>7</volume>
               <source>Journal of Experimental Social Psychology</source>
               <year>1971</year>
            </mixed-citation>
         </ref>
         <ref id="d39569e599a1310">
            <mixed-citation id="d39569e603" publication-type="journal">
Reid, Leonard, Lawrence Soley and Roger Wimmer (1981), "Repli-
cation in Advertising Research: 1977, 1978,1979," Journal of
Advertising, 10, 3-13.<person-group>
                  <string-name>
                     <surname>Reid</surname>
                  </string-name>
               </person-group>
               <fpage>3</fpage>
               <volume>10</volume>
               <source>Journal of Advertising</source>
               <year>1981</year>
            </mixed-citation>
         </ref>
         <ref id="d39569e638a1310">
            <mixed-citation id="d39569e642" publication-type="book">
Rosenthal, Robert and Robert Rosnow (1984), Essentials of Behav-
ioral Research: Methods and Data Analysis, New York:
McGraw Hill, 154.<person-group>
                  <string-name>
                     <surname>Rosenthal</surname>
                  </string-name>
               </person-group>
               <fpage>154</fpage>
               <source>Essentials of Behavioral Research: Methods and Data Analysis</source>
               <year>1984</year>
            </mixed-citation>
         </ref>
      </ref-list>
   </back>
</article>
