<article xmlns:xsi="http://www.w3.org/2001/XMLSchema-instance"
         xmlns:xlink="http://www.w3.org/1999/xlink"
         xmlns:mml="http://www.w3.org/1998/Math/MathML"
         dtd-version="1.0"
         article-type="research-article">
   <front>
      <journal-meta>
         <journal-id journal-id-type="jstor">jadve</journal-id>
         <journal-id journal-id-type="jstor">jadve</journal-id>
         <journal-id journal-id-type="jstor">j101355</journal-id>
         <journal-title-group>
            <journal-title>Journal of Advertising</journal-title>
         </journal-title-group>
         <publisher>
            <publisher-name>Board of Directors, American Academy of Advertising</publisher-name>
         </publisher>
         <issn pub-type="ppub">00913367</issn>
         <issn pub-type="epub">15577805</issn>
      </journal-meta>
      <article-meta>
         <article-id pub-id-type="jstor">4189042</article-id>
         <title-group>
            <article-title>Predictors of Advertising Avoidance in Print and Broadcast Media</article-title>
         </title-group>
         <contrib-group>
            <contrib contrib-type="author">
               <string-name>
                  <given-names>Paul Surgi</given-names>
                  <surname>Speck</surname>
               </string-name>
            </contrib>
            <contrib contrib-type="author">
               <string-name>
                  <given-names>Michael T.</given-names>
                  <surname>Elliott</surname>
               </string-name>
            </contrib>
         </contrib-group>
         <pub-date>
            <day>1</day>
            <month>10</month>
            <year>1997</year>
         </pub-date>
         <volume>26</volume>
         <issue>3</issue>
         <issue-id>i394097</issue-id>
         <fpage>61</fpage>
         <lpage>76</lpage>
         <page-range>61-76</page-range>
         <permissions>
            <copyright-statement>Copyright 1997 American Academy of Advertising</copyright-statement>
         </permissions>
         <self-uri xlink:href="http://www.jstor.org/stable/4189042"/>
         <abstract>
            <p>The authors examine the predictors of ad avoidance in four media: magazines, newspapers, radio, and television. A national survey of 946 adults found that ad avoidance is most prevalent for television and magazines. The predictor variables were demographic characteristics, media-related variables, attitudes toward advertising in each medium, and communication problems related to advertising. Ad perceptions were the strongest predictors of ad avoidance and were best in differentiating print from broadcast media. The results indicate that age and income were the best demographic predictors across media. Breadth of media use was an important broadcast media predictor. Among the communication problems considered, search hinderance had the greatest effect on ad avoidance.</p>
         </abstract>
         <custom-meta-group>
            <custom-meta>
               <meta-name>lang</meta-name>
               <meta-value>eng</meta-value>
            </custom-meta>
         </custom-meta-group>
      </article-meta>
   </front>
   <back>
      <ref-list>
         <title>References</title>
         <ref id="d25011e145a1310">
            <mixed-citation id="d25011e149" publication-type="journal">
Abernethy, Avery M. (1991a), "Differences Between Advertising
and Program Exposure for Car Radio Listening," Journal of
Advertising Research, 31 (April/May), 33-42.<person-group>
                  <string-name>
                     <surname>Abernethy</surname>
                  </string-name>
               </person-group>
               <issue>April</issue>
               <fpage>33</fpage>
               <volume>31</volume>
               <source>Journal of Advertising Research</source>
               <year>1991</year>
            </mixed-citation>
         </ref>
         <ref id="d25011e187a1310">
            <mixed-citation id="d25011e191" publication-type="book">
- (1991b), "Physical and Mechanical Avoidance of
Television Commercials: An Exploratory Study of Zipping,
Zapping and Leaving," in Proceedings of the 1991 Conference
of the American Academy of Advertising, Rebecca Hoi man,
ed., Richmond, VA: American Academy of Advertising, 223-
231.<person-group>
                  <string-name>
                     <surname>Abernethy</surname>
                  </string-name>
               </person-group>
               <comment content-type="section">Physical and Mechanical Avoidance of Television Commercials: An Exploratory Study of Zipping, Zapping and Leaving</comment>
               <fpage>223</fpage>
               <source>Proceedings of the 1991 Conference of the American Academy of Advertising</source>
               <year>1991</year>
            </mixed-citation>
         </ref>
         <ref id="d25011e235a1310">
            <mixed-citation id="d25011e239" publication-type="journal">
(1991c), "Television Exposure: Programs vs. Ad-
vertising," Current Issues &amp; Research in Advertising, 13
(Spring), 61-78.<person-group>
                  <string-name>
                     <surname>Abernethy</surname>
                  </string-name>
               </person-group>
               <issue>Spring</issue>
               <fpage>61</fpage>
               <volume>13</volume>
               <source>Current Issues &amp; Research in Advertising</source>
               <year>1991</year>
            </mixed-citation>
         </ref>
         <ref id="d25011e277a1310">
            <mixed-citation id="d25011e281" publication-type="book">
Ainslie, Peter (1989), "The New TV Viewer," in How Americans
Watch TV: A Nation of Grazers, R. Gilbert, ed., New York:
C.C. Publishing, 9-23.<person-group>
                  <string-name>
                     <surname>Ainslie</surname>
                  </string-name>
               </person-group>
               <comment content-type="section">The New TV Viewer</comment>
               <fpage>9</fpage>
               <source>How Americans Watch TV: A Nation of Grazers</source>
               <year>1989</year>
            </mixed-citation>
         </ref>
         <ref id="d25011e317a1310">
            <mixed-citation id="d25011e321" publication-type="book">
Bellamy, Robert V., Jr. and James R. Walker (1996), Television
and the Remote Control: Grazing on a Vast Wasteland, New
York: Gu il ford Press.<person-group>
                  <string-name>
                     <surname>Bellamy</surname>
                  </string-name>
               </person-group>
               <source>Television and the Remote Control: Grazing on a Vast Wasteland</source>
               <year>1996</year>
            </mixed-citation>
         </ref>
         <ref id="d25011e350a1310">
            <mixed-citation id="d25011e354" publication-type="journal">
Berger, C. R. and R. J. Calabrese (1975), "Some Explorations in
Initial Interaction and Beyond: Toward a Developmental
Theory of Interpersonal Communication," Human Communi-
cation Research, 1, 99-112.<person-group>
                  <string-name>
                     <surname>Berger</surname>
                  </string-name>
               </person-group>
               <fpage>99</fpage>
               <volume>1</volume>
               <source>Human Communication Research</source>
               <year>1975</year>
            </mixed-citation>
         </ref>
         <ref id="d25011e392a1310">
            <mixed-citation id="d25011e396" publication-type="journal">
Clancey, Maura ( 1994), "The Television Audience Examined," Jour-
nal of Advertising Research, 34 (July/August), SS2-SS11.<person-group>
                  <string-name>
                     <surname>Clancey</surname>
                  </string-name>
               </person-group>
               <issue>July</issue>
               <fpage>SS2</fpage>
               <volume>34</volume>
               <source>Journal of Advertising Research</source>
               <year>1994</year>
            </mixed-citation>
         </ref>
         <ref id="d25011e431a1310">
            <mixed-citation id="d25011e435" publication-type="book">
Cornwell, Nancy C, Shu-Ling Everett, Stephen E. Everett, Sandra
Moriarty, Joseph A Russomanno, Michael Tracey, and Rob-
en Trager ( 1993), "Measuring RCD Use: Method Matters," in
The Remote Control in the New Age of Television, James R.
Walker and Robert V. Bellamy, Jr., eds., Westport, CT:
Praeger, 43-56.<person-group>
                  <string-name>
                     <surname>Cornwell</surname>
                  </string-name>
               </person-group>
               <comment content-type="section">Measuring RCD Use: Method Matters</comment>
               <fpage>43</fpage>
               <source>The Remote Control in the New Age of Television</source>
               <year>1993</year>
            </mixed-citation>
         </ref>
         <ref id="d25011e479a1310">
            <mixed-citation id="d25011e483" publication-type="book">
Cragan, John F. and Donald C. Shields (1998), Understanding
General Communication Theory, Boston: Allyn &amp; Bacon.<person-group>
                  <string-name>
                     <surname>Cragan</surname>
                  </string-name>
               </person-group>
               <source>Understanding General Communication Theory</source>
               <year>1998</year>
            </mixed-citation>
         </ref>
         <ref id="d25011e508a1310">
            <mixed-citation id="d25011e512" publication-type="journal">
Cronin, John J. and Nancy E. Menelly (1992), "Discrimination vs.
Avoidance: 'Zipping' of Television Commercials," Journal of
Advertising, 21 (Summer), 1-7.<person-group>
                  <string-name>
                     <surname>Cronin</surname>
                  </string-name>
               </person-group>
               <issue>Summer</issue>
               <fpage>1</fpage>
               <volume>21</volume>
               <source>Journal of Advertising</source>
               <year>1992</year>
            </mixed-citation>
         </ref>
         <ref id="d25011e551a1310">
            <mixed-citation id="d25011e555" publication-type="book">
Crowley, David and David Mitchell (1994), Communication Theory
Today, Stanford, CA: Stanford University Press.<person-group>
                  <string-name>
                     <surname>Crowley</surname>
                  </string-name>
               </person-group>
               <source>Communication Theory Today, Stanford</source>
               <year>1994</year>
            </mixed-citation>
         </ref>
         <ref id="d25011e580a1310">
            <mixed-citation id="d25011e584" publication-type="journal">
Danaher, Peter J. (1995), "What Happens to Television Ratings
During Commercial Breaks?" Journal of Advertising Re-
search, 35 (February/March), 37-48.<person-group>
                  <string-name>
                     <surname>Danaher</surname>
                  </string-name>
               </person-group>
               <issue>February</issue>
               <fpage>37</fpage>
               <volume>35</volume>
               <source>Journal of Advertising Research</source>
               <year>1995</year>
            </mixed-citation>
         </ref>
         <ref id="d25011e622a1310">
            <mixed-citation id="d25011e626" publication-type="journal">
Eastman, Susan Tyler, Jeffrey Neal-Lunsford, and Karen E. Riggs
(1995), "Coping with Grazing: Prime-Time Strategies for
Accelerated Program Transitions," Journal of Broadcasting
&amp; Electronic Media, 39 (Winter), 92-108.<person-group>
                  <string-name>
                     <surname>Eastman</surname>
                  </string-name>
               </person-group>
               <issue>Winter</issue>
               <fpage>92</fpage>
               <volume>39</volume>
               <source>Journal of Broadcasting &amp; Electronic Media</source>
               <year>1995</year>
            </mixed-citation>
         </ref>
         <ref id="d25011e667a1310">
            <mixed-citation id="d25011e671" publication-type="journal">
- and Gregory D. Newton (1995), "Delineating Graz-
ing: Observations of Remote Control Use," Journal of Com-
munication, 45 (Winter), 77-95.<person-group>
                  <string-name>
                     <surname>Eastman</surname>
                  </string-name>
               </person-group>
               <issue>Winter</issue>
               <fpage>77</fpage>
               <volume>45</volume>
               <source>Journal of Communication</source>
               <year>1995</year>
            </mixed-citation>
         </ref>
         <ref id="d25011e709a1310">
            <mixed-citation id="d25011e713" publication-type="journal">
Ferguson, Douglas A. (1992), "Channel Repertoire in the Presence
of Remote Control Devices, VCRs and Cable Television,"
Journal of Broadcasting &amp; Electronic Media, 36 (Spring), 83-
91.<person-group>
                  <string-name>
                     <surname>Ferguson</surname>
                  </string-name>
               </person-group>
               <issue>Spring</issue>
               <fpage>83</fpage>
               <volume>36</volume>
               <source>Journal of Broadcasting &amp; Electronic Media</source>
               <year>1992</year>
            </mixed-citation>
         </ref>
         <ref id="d25011e754a1310">
            <mixed-citation id="d25011e758" publication-type="journal">
- (1994), "Measurement of Mundane TV Behaviors:
Remote Control Device Flipping Frequency," Journal of Broad-
casting &amp; Electronic Media, 38 (Spring), 35-47.<person-group>
                  <string-name>
                     <surname>Ferguson</surname>
                  </string-name>
               </person-group>
               <issue>Spring</issue>
               <fpage>35</fpage>
               <volume>38</volume>
               <source>Journal of Broadcasting &amp; Electronic Media</source>
               <year>1994</year>
            </mixed-citation>
         </ref>
         <ref id="d25011e797a1310">
            <mixed-citation id="d25011e801" publication-type="journal">
- and Elizabeth M. Perse (1993), "Media and Audi-
ence Influences on Channel Repertoire," Journal of Broad-
casting &amp; Electronic Media, 37 (Winter), 31-47.<person-group>
                  <string-name>
                     <surname>Ferguson</surname>
                  </string-name>
               </person-group>
               <issue>Winter</issue>
               <fpage>31</fpage>
               <volume>37</volume>
               <source>Journal of Broadcasting &amp; Electronic Media</source>
               <year>1993</year>
            </mixed-citation>
         </ref>
         <ref id="d25011e839a1310">
            <mixed-citation id="d25011e843" publication-type="journal">
Haller, T. F. (1974), "What Students Think of Advertising," Jour-
nal of Advertising Research, 14 (February), 33-38.<person-group>
                  <string-name>
                     <surname>Haller</surname>
                  </string-name>
               </person-group>
               <issue>February</issue>
               <fpage>33</fpage>
               <volume>14</volume>
               <source>Journal of Advertising Research</source>
               <year>1974</year>
            </mixed-citation>
         </ref>
         <ref id="d25011e878a1310">
            <mixed-citation id="d25011e882" publication-type="book">
Heeter, Came (1988), "The Choice Process Model," in Cableviewing,
Carrie Heeter and Bradley S. Greenberg, eds., Norwood, NJ:
Ablex Publishing, 11-32.<person-group>
                  <string-name>
                     <surname>Heeter</surname>
                  </string-name>
               </person-group>
               <comment content-type="section">The Choice Process Model</comment>
               <fpage>11</fpage>
               <source>Cableviewing</source>
               <year>1988</year>
            </mixed-citation>
         </ref>
         <ref id="d25011e917a1310">
            <mixed-citation id="d25011e921" publication-type="book">
- and Ed Cohen (1988), "Viewing Style Differences
Between Radio and Television," in Cableviewing, Carrie
Heeter and Bradley S. Greenberg, eds., Norwood, NJ: Ablex
Publishing, 113-122.<person-group>
                  <string-name>
                     <surname>Heeter</surname>
                  </string-name>
               </person-group>
               <comment content-type="section">Viewing Style Differences Between Radio and Television</comment>
               <fpage>113</fpage>
               <source>Cableviewing</source>
               <year>1988</year>
            </mixed-citation>
         </ref>
         <ref id="d25011e959a1310">
            <mixed-citation id="d25011e963" publication-type="book">
, David D'Alessio, Bradley S. Greenberg, and Stevens
McVoy(1988), "Cableviewing Behaviors: An Electronic As-
sessment," in Cableviewing, Carrie Heeter and Bradley S.
Greenberg, eds., Norwood, NJ: Ablex Publishing, 51-63.<person-group>
                  <string-name>
                     <surname>Heeter</surname>
                  </string-name>
               </person-group>
               <comment content-type="section">Cableviewing Behaviors: An Electronic Assessment</comment>
               <fpage>51</fpage>
               <source>Cableviewing</source>
               <year>1988</year>
            </mixed-citation>
         </ref>
         <ref id="d25011e1001a1310">
            <mixed-citation id="d25011e1005" publication-type="journal">
and Bradley S. Greenberg (1985), "Profiling the
Zappers," Journal of Advertising Research, 25 (April/May),
15-19.<person-group>
                  <string-name>
                     <surname>Heeter</surname>
                  </string-name>
               </person-group>
               <issue>April</issue>
               <fpage>15</fpage>
               <volume>25</volume>
               <source>Journal of Advertising Research</source>
               <year>1985</year>
            </mixed-citation>
         </ref>
         <ref id="d25011e1044a1310">
            <mixed-citation id="d25011e1048" publication-type="journal">
Kaplan, Barry M. (1985), "Zapping?The Real Issue in Communi-
cation," Journal of Advertising Research, 25 (April/May), 9-
12.<person-group>
                  <string-name>
                     <surname>Kaplan</surname>
                  </string-name>
               </person-group>
               <issue>April</issue>
               <fpage>9</fpage>
               <volume>25</volume>
               <source>Journal of Advertising Research</source>
               <year>1985</year>
            </mixed-citation>
         </ref>
         <ref id="d25011e1086a1310">
            <mixed-citation id="d25011e1090" publication-type="journal">
Kent, Robert J. (1995), "Competitive Clutter in Network Televi-
sion Advertising: Current Levels and Advertiser Responses,"
Journal of Advertising Research, 35 (January/February), 49-
57.<person-group>
                  <string-name>
                     <surname>Kent</surname>
                  </string-name>
               </person-group>
               <issue>January</issue>
               <fpage>49</fpage>
               <volume>35</volume>
               <source>Journal of Advertising Research</source>
               <year>1995</year>
            </mixed-citation>
         </ref>
         <ref id="d25011e1131a1310">
            <mixed-citation id="d25011e1135" publication-type="journal">
Kneale, Dennis (1988), "Zapping of TV Ads Appears Pervasive:
Study Details Viewing Habits to the Second," Wall Street
Journal (April 25), 29.<person-group>
                  <string-name>
                     <surname>Kneale</surname>
                  </string-name>
               </person-group>
               <issue>April 25</issue>
               <fpage>29</fpage>
               <source>Wall Street Journal</source>
               <year>1988</year>
            </mixed-citation>
         </ref>
         <ref id="d25011e1170a1310">
            <mixed-citation id="d25011e1174" publication-type="journal">
Krugman, Dean M., Glen T. Cameron, and Candace McKearney
White (1995), "Visual Attention to Programming and Com-
mercials: The Use of In-Home Observations," Journal of
Advertising, 24 (Spring), 1-12.<person-group>
                  <string-name>
                     <surname>Krugman</surname>
                  </string-name>
               </person-group>
               <issue>Spring</issue>
               <fpage>1</fpage>
               <volume>24</volume>
               <source>Journal of Advertising</source>
               <year>1995</year>
            </mixed-citation>
         </ref>
         <ref id="d25011e1215a1310">
            <mixed-citation id="d25011e1219" publication-type="journal">
- and Keith F. Johnson (1991), "Differences in the
Consumption of Traditional Broadcast and VCR Movie
Rental," Journal of Broadcasting &amp; Electronic Media, 35
(Spring), 213-232.<person-group>
                  <string-name>
                     <surname>Krugman</surname>
                  </string-name>
               </person-group>
               <issue>Spring</issue>
               <fpage>213</fpage>
               <volume>35</volume>
               <source>Journal of Broadcasting &amp; Electronic Media</source>
               <year>1991</year>
            </mixed-citation>
         </ref>
         <ref id="d25011e1260a1310">
            <mixed-citation id="d25011e1264" publication-type="journal">
Lee, Seonsu and James R. Lumpkin (1992), "Differences in Atti-
tude Toward TV Advertising: VCR Usage as a Moderator,"
International Journal of Advertising, 11 (4), 333-342.<person-group>
                  <string-name>
                     <surname>Lee</surname>
                  </string-name>
               </person-group>
               <issue>4</issue>
               <fpage>333</fpage>
               <volume>11</volume>
               <source>International Journal of Advertising</source>
               <year>1992</year>
            </mixed-citation>
         </ref>
         <ref id="d25011e1303a1310">
            <mixed-citation id="d25011e1307" publication-type="journal">
Lin, Carolyn A. (1994), "Audience Fragmentation in a Competitive
Video Marketplace," Journal of Advertising Research, 23 (
November-December), 30-38.<person-group>
                  <string-name>
                     <surname>Lin</surname>
                  </string-name>
               </person-group>
               <issue>November</issue>
               <fpage>30</fpage>
               <volume>23</volume>
               <source>Journal of Advertising Research</source>
               <year>1994</year>
            </mixed-citation>
         </ref>
         <ref id="d25011e1345a1310">
            <mixed-citation id="d25011e1349" publication-type="journal">
Magazine Publishers of America (1979), "Consumer Perception of
Increased Advertising," Magazine Newsletter of Research, 29
(May), 1-7.<person-group>
                  <string-name>
                     <surname>Magazine Publishers of America</surname>
                  </string-name>
               </person-group>
               <issue>May</issue>
               <fpage>1</fpage>
               <volume>29</volume>
               <source>Magazine Newsletter of Research</source>
               <year>1979</year>
            </mixed-citation>
         </ref>
         <ref id="d25011e1387a1310">
            <mixed-citation id="d25011e1391" publication-type="book">
- (1991),A Study of Media Involvement VI, New York.<person-group>
                  <string-name>
                     <surname>Magazine Publishers of America</surname>
                  </string-name>
               </person-group>
               <source>A Study of Media Involvement VI</source>
               <year>1991</year>
            </mixed-citation>
         </ref>
         <ref id="d25011e1413a1310">
            <mixed-citation id="d25011e1417" publication-type="book">
- (1995), The 1994/1995 Magazine Handbook: A Com-
prehensive Guide for Advertisers, Ad Agencies, and Magazine
Marketers, New York.<person-group>
                  <string-name>
                     <surname>Magazine Publishers of America</surname>
                  </string-name>
               </person-group>
               <source>The 1994/1995 Magazine Handbook: A Comprehensive Guide for Advertisers, Ad Agencies, and Magazine Marketers</source>
               <year>1995</year>
            </mixed-citation>
         </ref>
         <ref id="d25011e1446a1310">
            <mixed-citation id="d25011e1450" publication-type="journal">
Mord, Marvin S. and Edith Gilson ( 1985), "Shorter Units: Risk-
Responsibility-Reward," Journal of Advertising Research, 25
(August/September), 9-19.<person-group>
                  <string-name>
                     <surname>Mord</surname>
                  </string-name>
               </person-group>
               <issue>August</issue>
               <fpage>9</fpage>
               <volume>25</volume>
               <source>Journal of Advertising Research</source>
               <year>1985</year>
            </mixed-citation>
         </ref>
         <ref id="d25011e1488a1310">
            <mixed-citation id="d25011e1492" publication-type="book">
Moriarty, Sandra E. (1991), "Explorations into the Commercial
Encounter," Proceedings of the 1991 Conference of the Ameri-
can Academy of Advertising, Rebecca Hol man, ed., Rich-
mond, VA: American Academy of Advertising, 215-222.<person-group>
                  <string-name>
                     <surname>Moriarty</surname>
                  </string-name>
               </person-group>
               <comment content-type="section">Explorations into the Commercial Encounter</comment>
               <fpage>215</fpage>
               <source>Proceedings of the 1991 Conference of the American Academy of Advertising</source>
               <year>1991</year>
            </mixed-citation>
         </ref>
         <ref id="d25011e1531a1310">
            <mixed-citation id="d25011e1535" publication-type="journal">
- and Shu-Ling Everett (1994), "Commercial Breaks:
A Viewing Behavior Study," Journalism Quarterly, 71 (Sum-
mer), 346-355.<person-group>
                  <string-name>
                     <surname>Moriarty</surname>
                  </string-name>
               </person-group>
               <issue>Summer</issue>
               <fpage>346</fpage>
               <volume>71</volume>
               <source>Journalism Quarterly</source>
               <year>1994</year>
            </mixed-citation>
         </ref>
         <ref id="d25011e1573a1310">
            <mixed-citation id="d25011e1577" publication-type="book">
Newspaper Advertising Bureau, Inc. ( 1973), Quantitative and Quali-
tative Aspects of Daily Newspaper Reading: A National Study,
New York.<person-group>
                  <string-name>
                     <surname>Newspaper Advertising Bureau, Inc.</surname>
                  </string-name>
               </person-group>
               <source>Quantitative and Qualitative Aspects of Daily Newspaper Reading: A National Study</source>
               <year>1973</year>
            </mixed-citation>
         </ref>
         <ref id="d25011e1606a1310">
            <mixed-citation id="d25011e1610" publication-type="book">
Newspaper Association of America (1995), Facts About Newspa-
pers 1995: A Statistical Summary of the Newspaper Industry,
New York.<person-group>
                  <string-name>
                     <surname>Newspaper Association of America</surname>
                  </string-name>
               </person-group>
               <source>Facts About Newspapers 1995: A Statistical Summary of the Newspaper Industry</source>
               <year>1995</year>
            </mixed-citation>
         </ref>
         <ref id="d25011e1639a1310">
            <mixed-citation id="d25011e1643" publication-type="journal">
Resnik, Alan and Bruce L. Stern (1977), "Analyses of Information
Content in Television Ads," Journal of Marketing, 41 (Janu-
ary), 50-53.<object-id pub-id-type="doi">10.2307/1250490</object-id>
               <fpage>50</fpage>
            </mixed-citation>
         </ref>
         <ref id="d25011e1662a1310">
            <mixed-citation id="d25011e1666" publication-type="book">
Shannon, Claude E. (1949), The Mathematical Theory of Commu-
nication, Urbana: University of Illinois Press.<person-group>
                  <string-name>
                     <surname>Shannon</surname>
                  </string-name>
               </person-group>
               <source>The Mathematical Theory of Communication</source>
               <year>1949</year>
            </mixed-citation>
         </ref>
         <ref id="d25011e1691a1310">
            <mixed-citation id="d25011e1695" publication-type="book">
Somasundaran, T.N. and C. David Light (1991), "A Cross-Cul-
tural and Media Specific Analysis of Student Attitudes To-
ward Advertising," in Proceedings of the American Market-
ing Association's 1991 Educators' Conference, Vol. 2, Mary
Gilly et al., eds., Chicago: American Marketing Association,
669-667.<person-group>
                  <string-name>
                     <surname>Somasundaran</surname>
                  </string-name>
               </person-group>
               <comment content-type="section">A Cross-Cultural and Media Specific Analysis of Student Attitudes Toward Advertising</comment>
               <fpage>669</fpage>
               <volume>2</volume>
               <source>Proceedings of the American Marketing Association's 1991 Educators' Conference</source>
               <year>1991</year>
            </mixed-citation>
         </ref>
         <ref id="d25011e1744a1310">
            <mixed-citation id="d25011e1748" publication-type="journal">
Speck, Paul Surgi and Michael T. Elliott (1997), "The Antecedents
and Consequences of Perceived Advertising Clutter," Jour-
nal of Current Issues and Research in Advertising, 19 (2), 39-
54.<person-group>
                  <string-name>
                     <surname>Speck</surname>
                  </string-name>
               </person-group>
               <issue>2</issue>
               <fpage>39</fpage>
               <volume>19</volume>
               <source>Journal of Current Issues and Research in Advertising</source>
               <year>1997</year>
            </mixed-citation>
         </ref>
         <ref id="d25011e1789a1310">
            <mixed-citation id="d25011e1793" publication-type="journal">
Stern, Bruce L., Dean M. Krugman, and Alan Resnik (1981),
"Magazine Advertising: An Analysis of Its Information Con-
tent," Journal of Advertising Research, 21 (April), 39-44.<person-group>
                  <string-name>
                     <surname>Stern</surname>
                  </string-name>
               </person-group>
               <issue>April</issue>
               <fpage>39</fpage>
               <volume>21</volume>
               <source>Journal of Advertising Research</source>
               <year>1981</year>
            </mixed-citation>
         </ref>
         <ref id="d25011e1831a1310">
            <mixed-citation id="d25011e1835" publication-type="book">
Walker, James R., Robert V. Bellamy Jr., and Paul J. Traudt
(1993), "Gratifications Derived from Remote Control De-
vices: A Survey of Adult RCD Use," in The Remote Control in
the New Age of Television, James R. Walker and Robert V.
Bellamy, Jr., eds., Westport, CT: Praeger, 103-112.<person-group>
                  <string-name>
                     <surname>Walker</surname>
                  </string-name>
               </person-group>
               <comment content-type="section">Gratifications Derived from Remote Control Devices: A Survey of Adult RCD Use</comment>
               <fpage>103</fpage>
               <source>The Remote Control in the New Age of Television</source>
               <year>1993</year>
            </mixed-citation>
         </ref>
         <ref id="d25011e1876a1310">
            <mixed-citation id="d25011e1880" publication-type="book">
Wenner, Lawrence A. (1985), "Transaction and Media Gratifica-
tions Research," in Media Gratifications Research, L.A.
Wenner and P. Palmgreen, eds., Beverly Hills, CA: Sage, 73-
94.<person-group>
                  <string-name>
                     <surname>Wenner</surname>
                  </string-name>
               </person-group>
               <comment content-type="section">Transaction and Media Gratifications Research</comment>
               <fpage>73</fpage>
               <source>Media Gratifications Research</source>
               <year>1985</year>
            </mixed-citation>
         </ref>
         <ref id="d25011e1918a1310">
            <mixed-citation id="d25011e1922" publication-type="book">
- and Mary Ann O'Reilly Dennehy (1993), "Is the
Remote Control Device a Toy or a Tool? Exploring the Need
for Activation, Desire for Control, and Technological Affinity
in the Dynamic of RCD Use," in The Remote Control in the
New Age of Television, James R. Walker and Robert V.
Bellamy, Jr., eds., Westport, CT: Praeger, 114-134.<person-group>
                  <string-name>
                     <surname>Wenner</surname>
                  </string-name>
               </person-group>
               <comment content-type="section">Is the Remote Control Device a Toy or a Tool? Exploring the Need for Activation, Desire for Control, and Technological Affinity in the Dynamic of RCD Use</comment>
               <fpage>114</fpage>
               <source>The Remote Control in the New Age of Television</source>
               <year>1993</year>
            </mixed-citation>
         </ref>
         <ref id="d25011e1966a1310">
            <mixed-citation id="d25011e1970" publication-type="journal">
Yorke, David A. and Philip J. Kitchen (1985), "Channel Flickers
and Video Speeders," Journal of Advertising Research, 25
(April/May), 21-25.<person-group>
                  <string-name>
                     <surname>Yorke</surname>
                  </string-name>
               </person-group>
               <issue>April</issue>
               <fpage>21</fpage>
               <volume>25</volume>
               <source>Journal of Advertising Research</source>
               <year>1985</year>
            </mixed-citation>
         </ref>
         <ref id="d25011e2009a1310">
            <mixed-citation id="d25011e2013" publication-type="journal">
Zanot, Eric (1984), "Public Attitude Toward Advertising: The
American Experience," International Journal of Advertis-
ing, 3 (1), 3-15.<person-group>
                  <string-name>
                     <surname>Zanot</surname>
                  </string-name>
               </person-group>
               <issue>1</issue>
               <fpage>3</fpage>
               <volume>3</volume>
               <source>International Journal of Advertising</source>
               <year>1984</year>
            </mixed-citation>
         </ref>
         <ref id="d25011e2051a1310">
            <mixed-citation id="d25011e2055" publication-type="journal">
Zufreyden, Fred S., James H. Pedrick, and Avu Sankaralingam
(1993), "Zapping and Its Impact on Brand Purchase Behav-
ior," Journal of Advertising Research, 33 (January/Febru-
ary), 58-66.<person-group>
                  <string-name>
                     <surname>Zufreyden</surname>
                  </string-name>
               </person-group>
               <issue>January</issue>
               <fpage>58</fpage>
               <volume>33</volume>
               <source>Journal of Advertising Research</source>
               <year>1993</year>
            </mixed-citation>
         </ref>
      </ref-list>
   </back>
</article>
