<article xmlns:xsi="http://www.w3.org/2001/XMLSchema-instance"
         xmlns:xlink="http://www.w3.org/1999/xlink"
         xmlns:mml="http://www.w3.org/1998/Math/MathML"
         dtd-version="1.0"
         article-type="research-article">
   <front>
      <journal-meta>
         <journal-id journal-id-type="jstor">jadve</journal-id>
         <journal-id journal-id-type="jstor">jadve</journal-id>
         <journal-id journal-id-type="jstor">j101355</journal-id>
         <journal-title-group>
            <journal-title>Journal of Advertising</journal-title>
         </journal-title-group>
         <publisher>
            <publisher-name>Board of Directors, American Academy of Advertising</publisher-name>
         </publisher>
         <issn pub-type="ppub">00913367</issn>
         <issn pub-type="epub">15577805</issn>
      </journal-meta>
      <article-meta>
         <article-id pub-id-type="jstor">4189074</article-id>
         <title-group>
            <article-title>Managing the Brand in a Corporate Advertising Environment: A Decision-Making Framework for Brand Managers</article-title>
         </title-group>
         <contrib-group>
            <contrib contrib-type="author">
               <string-name>
                  <given-names>Gabriel J.</given-names>
                  <surname>Biehal</surname>
               </string-name>
            </contrib>
            <contrib contrib-type="author">
               <string-name>Daniel A. Sheinin</string-name>
            </contrib>
         </contrib-group>
         <pub-date>
            <day>1</day>
            <month>7</month>
            <year>1998</year>
         </pub-date>
         <volume>27</volume>
         <issue>2</issue>
         <issue-id>i394100</issue-id>
         <fpage>99</fpage>
         <lpage>110</lpage>
         <page-range>99-110</page-range>
         <permissions>
            <copyright-statement>Copyright 1998 American Academy of Advertising</copyright-statement>
         </permissions>
         <self-uri xlink:href="http://www.jstor.org/stable/4189074"/>
         <abstract>
            <p>Corporate advertising has become a significant business activity. That fact is important for brand managers because consumers' knowledge formed from corporate advertising may influence the way they think about brands the company markets. Brand managers must understand how such potential influence may occur and manage it to their advantage. The authors explore four key questions brand managers should consider in that context. In presenting answers, they integrate several literatures and propose a conceptual framework with a set of research propositions. Finally, they describe general directions for future research.</p>
         </abstract>
         <custom-meta-group>
            <custom-meta>
               <meta-name>lang</meta-name>
               <meta-value>eng</meta-value>
            </custom-meta>
         </custom-meta-group>
      </article-meta>
   </front>
   <back>
      <ref-list>
         <title>References</title>
         <ref id="d8398e148a1310">
            <mixed-citation id="d8398e152" publication-type="book">
Aaker, David ( 1991), Managing Brand Equity, New York: The Free
Press.<person-group>
                  <string-name>
                     <surname>Aaker</surname>
                  </string-name>
               </person-group>
               <source>Managing Brand Equity</source>
               <year>1991</year>
            </mixed-citation>
         </ref>
         <ref id="d8398e177a1310">
            <mixed-citation id="d8398e181" publication-type="book">
— ( 1996), Building Strong Brands, New York : The Free
Press.<person-group>
                  <string-name>
                     <surname>Aaker</surname>
                  </string-name>
               </person-group>
               <source>Building Strong Brands</source>
               <year>1996</year>
            </mixed-citation>
         </ref>
         <ref id="d8398e206a1310">
            <mixed-citation id="d8398e210" publication-type="journal">
and Kevin Lane Keller (1990), "Consumer Evalua-
tions of Brand Extensions," Journal of Marketing, 54 (Janu-
ary), 27-41.<object-id pub-id-type="doi">10.2307/1252171</object-id>
               <fpage>27</fpage>
            </mixed-citation>
         </ref>
         <ref id="d8398e229a1310">
            <mixed-citation id="d8398e233" publication-type="journal">
Alba, Joseph W. and Amitava Chattopadhyay (1985), "The Effects
of Context and Part-Category Cues on the Recall of Compet-
ing Brands," Journal of Marketing Research, 22 (August), 340-
349.<object-id pub-id-type="doi">10.2307/3151430</object-id>
               <fpage>340</fpage>
            </mixed-citation>
         </ref>
         <ref id="d8398e257a1310">
            <mixed-citation id="d8398e261" publication-type="journal">
- and J. Wesley Hutchinson (1987), "Dimensions of
Consumer Expertise," Journal of Consumer Research, 13
(March), 411-454.<object-id pub-id-type="jstor">10.2307/2489367</object-id>
               <fpage>411</fpage>
            </mixed-citation>
         </ref>
         <ref id="d8398e280a1310">
            <mixed-citation id="d8398e284" publication-type="book">
— ,-, and John G. Lynch, Jr. (1991),
"Memory and Decision Making," in Handbook of Consumer
Behavior, Harold H. Kassarjian and Thomas S. Robertson,
eds., Englewood-Cliffs, NJ: Prentice Hall, 1-49.<person-group>
                  <string-name>
                     <surname>Alba</surname>
                  </string-name>
               </person-group>
               <comment content-type="section">Memory and Decision Making</comment>
               <fpage>1</fpage>
               <source>Handbook of Consumer Behavior</source>
               <year>1991</year>
            </mixed-citation>
         </ref>
         <ref id="d8398e322a1310">
            <mixed-citation id="d8398e326" publication-type="book">
Baker, William E. and Richard J. Lutz (1988), The Relevance-
Accessibility Model of Advertising Effectiveness," in Nonver-
bal Communication in Advertising, Sidney Hecker and David
W. Stewart, eds., Lexington, MA: Lexington Books, 59-84.<person-group>
                  <string-name>
                     <surname>Baker</surname>
                  </string-name>
               </person-group>
               <comment content-type="section">The Relevance-Accessibility Model of Advertising Effectiveness</comment>
               <fpage>59</fpage>
               <source>Nonverbal Communication in Advertising</source>
               <year>1988</year>
            </mixed-citation>
         </ref>
         <ref id="d8398e364a1310">
            <mixed-citation id="d8398e368" publication-type="book">
Belch, George E. and Michael A. Belch (1996), An Introduction to
Advertising and Promotion, Chicago: Irwin.<person-group>
                  <string-name>
                     <surname>Belch</surname>
                  </string-name>
               </person-group>
               <source>An Introduction to Advertising and Promotion</source>
               <year>1996</year>
            </mixed-citation>
         </ref>
         <ref id="d8398e393a1310">
            <mixed-citation id="d8398e397" publication-type="journal">
Bloch, Peter H. (1995), "Seeking the Ideal Form: Product Design
and Consumer Response," Journal of Marketing, 59 (July),
16-29.<object-id pub-id-type="doi">10.2307/1252116</object-id>
               <fpage>16</fpage>
            </mixed-citation>
         </ref>
         <ref id="d8398e416a1310">
            <mixed-citation id="d8398e420" publication-type="journal">
Burke, Raymond R. and Thomas K. Srull (1988), "Competitive
Interference and Consumer Memory for Advertising," Jour-
nal of Consumer Research, 15 (June), 55-68.<object-id pub-id-type="jstor">10.2307/2489172</object-id>
               <fpage>55</fpage>
            </mixed-citation>
         </ref>
         <ref id="d8398e440a1310">
            <mixed-citation id="d8398e444" publication-type="book">
Cowles, Deborah L. (1985), "Corporate Advertising: Problem Solver
or Problem Child?" in Proceedings of 1985 Conference of the
American Academy of Advertising, Nancy Stephens, ed.,
Tempe, AZ: American Academy of Advertising, R113-R117.<person-group>
                  <string-name>
                     <surname>Cowles</surname>
                  </string-name>
               </person-group>
               <comment content-type="section">Corporate Advertising: Problem Solver or Problem Child?</comment>
               <fpage>R113</fpage>
               <source>Proceedings of 1985 Conference of the American Academy of Advertising</source>
               <year>1985</year>
            </mixed-citation>
         </ref>
         <ref id="d8398e482a1310">
            <mixed-citation id="d8398e486" publication-type="book">
Crocker, Jennifer, Susan T. Fiske, and Shelley Taylor ( 1984), "Sche-
matic Bases of Belief Change," in Attitudinal Judgment, J.R.
Eiser, ed., New York: Springer-Verlag, 197-226.<person-group>
                  <string-name>
                     <surname>Crocker</surname>
                  </string-name>
               </person-group>
               <comment content-type="section">Schematic Bases of Belief Change</comment>
               <fpage>197</fpage>
               <source>Attitudinal Judgment</source>
               <year>1984</year>
            </mixed-citation>
         </ref>
         <ref id="d8398e521a1310">
            <mixed-citation id="d8398e525" publication-type="book">
Curry, David J. (1993), The New Marketing Research Systems,
New York: John Wiley &amp; Sons.<person-group>
                  <string-name>
                     <surname>Curry</surname>
                  </string-name>
               </person-group>
               <source>The New Marketing Research Systems</source>
               <year>1993</year>
            </mixed-citation>
         </ref>
         <ref id="d8398e550a1310">
            <mixed-citation id="d8398e554" publication-type="journal">
Dick, Alan, Dipankar Chakravarti, and Gabriel Biehal (1990),
"Memory-Based Inferences During Consumer Choice," Jour-
nal of Consumer Research, 17 (June), 82-93.<object-id pub-id-type="jstor">10.2307/2626827</object-id>
               <fpage>82</fpage>
            </mixed-citation>
         </ref>
         <ref id="d8398e573a1310">
            <mixed-citation id="d8398e577" publication-type="journal">
Farquhar, Peter H. (1989), "Managing Brand Equity," Marketing
Research, 1 (September), 24-33.<person-group>
                  <string-name>
                     <surname>Farquhar</surname>
                  </string-name>
               </person-group>
               <issue>September</issue>
               <fpage>24</fpage>
               <volume>1</volume>
               <source>Marketing Research</source>
               <year>1989</year>
            </mixed-citation>
         </ref>
         <ref id="d8398e612a1310">
            <mixed-citation id="d8398e616" publication-type="book">
Fiske, Susan T. and Mark A. Pavelchak (1986), "Category-Based
Versus Piecemeal-Based Affective Responses: Developments
in Schema-Triggered Affect," in The Handbook of Motivation
and Cognition: Foundations of Social Behavior, Richard M.
Sorrentino and E. Tory Higgins, eds., New York: Guilford,
167-203.<person-group>
                  <string-name>
                     <surname>Fiske</surname>
                  </string-name>
               </person-group>
               <comment content-type="section">Category-Based Versus Piecemeal-Based Affective Responses: Developments in Schema-Triggered Affect</comment>
               <fpage>167</fpage>
               <source>The Handbook of Motivation and Cognition: Foundations of Social Behavior</source>
               <year>1986</year>
            </mixed-citation>
         </ref>
         <ref id="d8398e661a1310">
            <mixed-citation id="d8398e665" publication-type="journal">
Ford, Gary T. and Ruth Ann Smith (1987), "Inferential Beliefs in
Consumer Evaluations: An Assessment of Alternative Pro-
cessing Strategies," Journal of Consumer Research, 14 (De-
cember), 363-371.<object-id pub-id-type="jstor">10.2307/2489497</object-id>
               <fpage>363</fpage>
            </mixed-citation>
         </ref>
         <ref id="d8398e688a1310">
            <mixed-citation id="d8398e692" publication-type="journal">
Friestad, Marian and Peter Wright (1995), "Persuasion Knowl-
edge: Lay Peoples' and Research ers* Beliefs About the Psy-
chology of Advertising," Journal of Consumer Research, 22
(June), 65-74.<object-id pub-id-type="jstor">10.2307/2489700</object-id>
               <fpage>65</fpage>
            </mixed-citation>
         </ref>
         <ref id="d8398e715a1310">
            <mixed-citation id="d8398e719" publication-type="journal">
Garbett, Thomas F. (1983), "Researching Corporate Advertising,"
Journal of Advertising Research, 23 (February/March), 33-37.<person-group>
                  <string-name>
                     <surname>Garbett</surname>
                  </string-name>
               </person-group>
               <issue>February</issue>
               <fpage>33</fpage>
               <volume>23</volume>
               <source>Journal of Advertising Research</source>
               <year>1983</year>
            </mixed-citation>
         </ref>
         <ref id="d8398e754a1310">
            <mixed-citation id="d8398e758" publication-type="journal">
Greenwald, Anthony G. and Clark Lcavitt (1984), "Audience In-
volvement in Advertising: Four Levels," Journal of Consumer
Research, 11 (June), 581-592.<object-id pub-id-type="jstor">10.2307/2489145</object-id>
               <fpage>581</fpage>
            </mixed-citation>
         </ref>
         <ref id="d8398e777a1310">
            <mixed-citation id="d8398e781" publication-type="journal">
Haley, Eric (1996), "Exploring the Construct of Organization as
Source: Consumers' Understandings of Organizational Spon-
sorship of Advocacy Advertising," Journal of Advertising, 25
(Summer), 19-36.<person-group>
                  <string-name>
                     <surname>Haley</surname>
                  </string-name>
               </person-group>
               <issue>Summer</issue>
               <fpage>19</fpage>
               <volume>25</volume>
               <source>Journal of Advertising</source>
               <year>1996</year>
            </mixed-citation>
         </ref>
         <ref id="d8398e822a1310">
            <mixed-citation id="d8398e826" publication-type="journal">
Homer, Pamela M. (1990), "The Mediating Role of Attitude Toward
the Ad: Some Additional Evidence," Journal of Marketing
Research, 27 (February), 78-86.<object-id pub-id-type="doi">10.2307/3172553</object-id>
               <fpage>78</fpage>
            </mixed-citation>
         </ref>
         <ref id="d8398e846a1310">
            <mixed-citation id="d8398e850" publication-type="book">
Isen, Alice (1987), "Positive Affect, Cognitive Processes and Social
Behavior," in Advances in Experimental Social Psychology,
Vol. 20, L. Berkowitz, ed., New York: Academic Press, 203-
253.<person-group>
                  <string-name>
                     <surname>Isen</surname>
                  </string-name>
               </person-group>
               <comment content-type="section">Positive Affect, Cognitive Processes and Social Behavior</comment>
               <fpage>203</fpage>
               <volume>20</volume>
               <source>Advances in Experimental Social Psychology</source>
               <year>1987</year>
            </mixed-citation>
         </ref>
         <ref id="d8398e891a1310">
            <mixed-citation id="d8398e895" publication-type="journal">
Javagli, Rajshekhar, Mark B. Traylor, Andrew C. Gross, and Ed-
ward Lampman (1994), "Awareness of Sponsorship and Cor-
porate Image: An Empirical Investigation," Journal of Adver-
tising, 23 (December), 47-58.<person-group>
                  <string-name>
                     <surname>Javagli</surname>
                  </string-name>
               </person-group>
               <issue>December</issue>
               <fpage>47</fpage>
               <volume>23</volume>
               <source>Journal of Advertising</source>
               <year>1994</year>
            </mixed-citation>
         </ref>
         <ref id="d8398e936a1310">
            <mixed-citation id="d8398e940" publication-type="book">
Kapferer, Jean-Noel (1991), Strategic Brand Management, New
York: The Free Press.<person-group>
                  <string-name>
                     <surname>Kapferer</surname>
                  </string-name>
               </person-group>
               <source>Strategic Brand Management</source>
               <year>1991</year>
            </mixed-citation>
         </ref>
         <ref id="d8398e965a1310">
            <mixed-citation id="d8398e969" publication-type="journal">
Keller, Kevin Lane (1987), "Memory Factors in Advertising: The
Effect of Advertising Retrieval Cues on Brand Evaluations,"
Journal of Consumer Research, 14 (December), 316-333.<object-id pub-id-type="jstor">10.2307/2489494</object-id>
               <fpage>316</fpage>
            </mixed-citation>
         </ref>
         <ref id="d8398e988a1310">
            <mixed-citation id="d8398e992" publication-type="journal">
- (1993), "Conceptualizing, Measuring, and Manag-
ing Customer-Based Brand Equity," Journal of Marketing, 57
(January), 1-22.<object-id pub-id-type="doi">10.2307/1252054</object-id>
               <fpage>1</fpage>
            </mixed-citation>
         </ref>
         <ref id="d8398e1011a1310">
            <mixed-citation id="d8398e1015" publication-type="journal">
Lingle, J.H. and T.M. Ostrom (1979), "Retrieval Selectivity in
Memory-Based Impression Judgments," Journal of Personal-
ity and Social Psychology, 37, 180-194.<person-group>
                  <string-name>
                     <surname>Lingle</surname>
                  </string-name>
               </person-group>
               <fpage>180</fpage>
               <volume>37</volume>
               <source>Journal of Personality and Social Psychology</source>
               <year>1979</year>
            </mixed-citation>
         </ref>
         <ref id="d8398e1051a1310">
            <mixed-citation id="d8398e1055" publication-type="book">
Linville, Patricia W., Gregory W. Fischer, and Peter Salovcy ( 1986),
"Stereotyping and Perceived Distributions of Social Charac-
teristics: An Application to Ingroup-Outgroup Perception," in
Prejudice, Discrimination and Racism, John F. Dovidio and
Samuel L. Gacrtner, eds., New York: Academic Press, 165-
208.<person-group>
                  <string-name>
                     <surname>Linville</surname>
                  </string-name>
               </person-group>
               <comment content-type="section">Stereotyping and Perceived Distributions of Social Characteristics: An Application to Ingroup-Outgroup Perception</comment>
               <fpage>165</fpage>
               <source>Prejudice, Discrimination and Racism</source>
               <year>1986</year>
            </mixed-citation>
         </ref>
         <ref id="d8398e1099a1310">
            <mixed-citation id="d8398e1103" publication-type="journal">
Little, John D.C. (1975), "BRANDAID: A Marketing-Mix Model,
Part I," Operations Research, 23 (July/August), 628-673.<object-id pub-id-type="jstor">10.2307/169847</object-id>
               <fpage>628</fpage>
            </mixed-citation>
         </ref>
         <ref id="d8398e1119a1310">
            <mixed-citation id="d8398e1123" publication-type="journal">
- (1979), "Aggregate Advertising Models: The State of
the Art," Operations Research, 27 (July/Au gust), 629-667.<object-id pub-id-type="jstor">10.2307/170284</object-id>
               <fpage>629</fpage>
            </mixed-citation>
         </ref>
         <ref id="d8398e1139a1310">
            <mixed-citation id="d8398e1143" publication-type="journal">
Loken, Barbara and Deborah Roedder John ( 1993), "Diluting Brand
Beliefs: When Do Brand Extensions Have a Negative Im-
pact?" Journal of Marketing, 57 (July), 71-84.<object-id pub-id-type="doi">10.2307/1251855</object-id>
               <fpage>71</fpage>
            </mixed-citation>
         </ref>
         <ref id="d8398e1162a1310">
            <mixed-citation id="d8398e1166" publication-type="journal">
Lynch, John G., Howard Marmorstein, and Michael F. Wcigold
(1988), "Choices from Sets Including Remembered Brands:
Use of Recalled Attributes and Prior Overall Evaluations,"
Journal of Consumer Research, 15 (September), 169-184.<object-id pub-id-type="jstor">10.2307/2489523</object-id>
               <fpage>169</fpage>
            </mixed-citation>
         </ref>
         <ref id="d8398e1189a1310">
            <mixed-citation id="d8398e1193" publication-type="journal">
Maclnnis, Deborah J. and Bernard J. Jaworski (1989), "Informa-
tion Processing from Advertisements: Toward an Integrative
Framework," Journal of Marketing, 53 (October), 1-23.<object-id pub-id-type="doi">10.2307/1251376</object-id>
               <fpage>1</fpage>
            </mixed-citation>
         </ref>
         <ref id="d8398e1213a1310">
            <mixed-citation id="d8398e1217" publication-type="journal">
— , Christine Moorman, and Bernard J. Jaworski
(1991), "Enhancing and Measuring Consumers' Motivation,
Opportunity, and Ability to Process Brand Information from
Ads," Journal of Marketing, 55 (October), 32-53.<person-group>
                  <string-name>
                     <surname>Maclnnis</surname>
                  </string-name>
               </person-group>
               <issue>October</issue>
               <fpage>32</fpage>
               <volume>55</volume>
               <source>Journal of Marketing</source>
               <year>1991</year>
            </mixed-citation>
         </ref>
         <ref id="d8398e1258a1310">
            <mixed-citation id="d8398e1262" publication-type="journal">
MacKenzie, Scott B., Richard J. Lutz, and George E. Belch (1986),
"The Role of Attitude Toward the Ad as a Mediator of Adver-
tising Effectiveness: A Test of Competing Hypotheses," Jour-
nal of Marketing Research, 23 (May), 130-143.<object-id pub-id-type="doi">10.2307/3151660</object-id>
               <fpage>130</fpage>
            </mixed-citation>
         </ref>
         <ref id="d8398e1285a1310">
            <mixed-citation id="d8398e1289" publication-type="journal">
Maheswaran, Durairaj, Diane M. Mackie, and Shelly Chaikcn
(1993), "Brand Name as a Heuristic Cue: The Effects of Task
Importance and Expectancy Confirmation on Consumer Judg-
ments," Journal of Consumer Psychology, 1 ( March ), 317-336.<person-group>
                  <string-name>
                     <surname>Maheswaran</surname>
                  </string-name>
               </person-group>
               <issue>March</issue>
               <fpage>317</fpage>
               <volume>1</volume>
               <source>Journal of Consumer Psychology</source>
               <year>1993</year>
            </mixed-citation>
         </ref>
         <ref id="d8398e1330a1310">
            <mixed-citation id="d8398e1334" publication-type="journal">
Mitchell, Andrew A. and Peter A. Dacin (1996), "The Assessment
of Alternative Measures of Consumer Expertise," Journal of
Consumer Research, 23 (December), 219-239.<object-id pub-id-type="jstor">10.2307/2489773</object-id>
               <fpage>219</fpage>
            </mixed-citation>
         </ref>
         <ref id="d8398e1353a1310">
            <mixed-citation id="d8398e1357" publication-type="journal">
Olney, Thomas J., Morris Holbrook, andRajecv Batra (1993), "Con-
sumer Responses to Advertising: The Effects of Ad Content,
Emotions and Attitude Toward the Ad on Viewing Time,"
Journal of Consumer Research, 17 (March), 440-453.<person-group>
                  <string-name>
                     <surname>Olney</surname>
                  </string-name>
               </person-group>
               <issue>March</issue>
               <fpage>440</fpage>
               <volume>17</volume>
               <source>Journal of Consumer Research</source>
               <year>1993</year>
            </mixed-citation>
         </ref>
         <ref id="d8398e1398a1310">
            <mixed-citation id="d8398e1402" publication-type="journal">
Ozanne, Julie L., Merric Brucks, and Dhruv Grewal (1992), "A
Study of Information Search Behavior During the Categoriza-
tion of New Products," Journal of Consumer Research, 18
(March), 452-463.<object-id pub-id-type="jstor">10.2307/2489258</object-id>
               <fpage>452</fpage>
            </mixed-citation>
         </ref>
         <ref id="d8398e1426a1310">
            <mixed-citation id="d8398e1430" publication-type="journal">
Park, C. Whan, Bernard J. Jaworski, and Deborah J. Maclnnis
(1986), "Strategic Brand Concept-Image Management," Jour-
nal of Marketing, 50 (October), 135-145.<object-id pub-id-type="doi">10.2307/1251291</object-id>
               <fpage>135</fpage>
            </mixed-citation>
         </ref>
         <ref id="d8398e1449a1310">
            <mixed-citation id="d8398e1453" publication-type="book">
Petty, Richard E. and John T. Cacioppo (1986), "The Elaboration
Likelihood Model of Persuasion," in Advances in Experimen-
tal Social Psychology, Vol. 19, L. Berkowitz, ed., New York:
Academic Press, 123-205.<person-group>
                  <string-name>
                     <surname>Petty</surname>
                  </string-name>
               </person-group>
               <comment content-type="section">The Elaboration Likelihood Model of Persuasion</comment>
               <fpage>123</fpage>
               <volume>19</volume>
               <source>Advances in Experimental Social Psychology</source>
               <year>1986</year>
            </mixed-citation>
         </ref>
         <ref id="d8398e1494a1310">
            <mixed-citation id="d8398e1498" publication-type="journal">
- ,- , and David Schumann (1983), "Cen-
tral and Peripheral Routes to Advertising Effectiveness: The
Moderating Role of Involvement," Journal of Consumer Re-
search, 10 (September), 135-146.<object-id pub-id-type="jstor">10.2307/2488919</object-id>
               <fpage>135</fpage>
            </mixed-citation>
         </ref>
         <ref id="d8398e1521a1310">
            <mixed-citation id="d8398e1525" publication-type="journal">
Rao, Ashkay R. and Wanda A. Sieben (1992), "The Effect of Prior
Knowledge on Price Accessibility and the Type of Information
Examined," Journal of Consumer Research, 19 (September),
256-270.<object-id pub-id-type="jstor">10.2307/2489332</object-id>
               <fpage>256</fpage>
            </mixed-citation>
         </ref>
         <ref id="d8398e1548a1310">
            <mixed-citation id="d8398e1552" publication-type="book">
Rosch, Eleanor (1978), "Principles of Categorization," in Cognition
and Categorization, Eleanor Rosch and Barbara Lloyd, eds.,
Hillsdalc, NJ: Lawrence Erlbaum Associates, 27-48.<person-group>
                  <string-name>
                     <surname>Rosch</surname>
                  </string-name>
               </person-group>
               <comment content-type="section">Principles of Categorization</comment>
               <fpage>27</fpage>
               <source>Cognition and Categorization</source>
               <year>1978</year>
            </mixed-citation>
         </ref>
         <ref id="d8398e1587a1310">
            <mixed-citation id="d8398e1591" publication-type="book">
Rothschild, Michael L. (1987), Advertising, Lexington, MA: Heath.<person-group>
                  <string-name>
                     <surname>Rothschild</surname>
                  </string-name>
               </person-group>
               <source>Advertising</source>
               <year>1987</year>
            </mixed-citation>
         </ref>
         <ref id="d8398e1614a1310">
            <mixed-citation id="d8398e1618" publication-type="journal">
Schumann, David M., Jan M. Hathcotc, and Susan West (1991),
"Corporate Advertising in America: A Review of Published
Studies on Use, Measurement, and Effectiveness," Journal of
Advertising, 20 (September), 35-56.<person-group>
                  <string-name>
                     <surname>Schumann</surname>
                  </string-name>
               </person-group>
               <issue>September</issue>
               <fpage>35</fpage>
               <volume>20</volume>
               <source>Journal of Advertising</source>
               <year>1991</year>
            </mixed-citation>
         </ref>
         <ref id="d8398e1659a1310">
            <mixed-citation id="d8398e1663" publication-type="book">
Schwarz, Norbert, Herbert Bless, and Gerd Bohncr (1991), "Mood
and Persuasion: Affective States Influence the Processing of
Persuasive Communications," in Advances in Experimental
Social Psychology, Vol. 24, L. Berkowitz, ed., New York: Aca-
demic Press, 161-199.<person-group>
                  <string-name>
                     <surname>Schwarz</surname>
                  </string-name>
               </person-group>
               <comment content-type="section">Mood and Persuasion: Affective States Influence the Processing of Persuasive Communications</comment>
               <fpage>161</fpage>
               <volume>24</volume>
               <source>Advances in Experimental Social Psychology</source>
               <year>1991</year>
            </mixed-citation>
         </ref>
         <ref id="d8398e1707a1310">
            <mixed-citation id="d8398e1711" publication-type="journal">
Simmons, Carolyn J. and John G. Lynch (1991), "Inferen ce Effect s
Without Inference Making? Effects of Missing Information on
Discounting and Use of Presented Information," Journal of
Consumer Research, 17 (March), 477-491.<object-id pub-id-type="jstor">10.2307/2626841</object-id>
               <fpage>477</fpage>
            </mixed-citation>
         </ref>
         <ref id="d8398e1734a1310">
            <mixed-citation id="d8398e1738" publication-type="journal">
Tversky, Amos and Daniel Kahncman (1974), "Judgment under
Uncertainty: Heuristics and Biases," Science, 185, 1124-1131.<object-id pub-id-type="jstor">10.2307/1738360</object-id>
               <fpage>1124</fpage>
            </mixed-citation>
         </ref>
         <ref id="d8398e1754a1310">
            <mixed-citation id="d8398e1758" publication-type="journal">
Winkleman, Michael (1985), "Corporate Advertising," Public Rela-
tions Journal, 41 (December), 38-39.<person-group>
                  <string-name>
                     <surname>Winkleman</surname>
                  </string-name>
               </person-group>
               <issue>December</issue>
               <fpage>38</fpage>
               <volume>41</volume>
               <source>Public Relations Journal</source>
               <year>1985</year>
            </mixed-citation>
         </ref>
         <ref id="d8398e1793a1310">
            <mixed-citation id="d8398e1797" publication-type="journal">
Winters, Lewis C. (1986), "The Effect of Brand Advertising on
Company Image: Implications for Corporate Advertising,"
Journal of Advertising Research, 26 (April/May), 54-59.<person-group>
                  <string-name>
                     <surname>Winters</surname>
                  </string-name>
               </person-group>
               <issue>April</issue>
               <fpage>54</fpage>
               <volume>26</volume>
               <source>Journal of Advertising Research</source>
               <year>1986</year>
            </mixed-citation>
         </ref>
         <ref id="d8398e1836a1310">
            <mixed-citation id="d8398e1840" publication-type="book">
Wyer, Robert S. and Thomas K. Srull (1989), Memory and Cogni-
tion in its Social Context, Hillsdalc, NJ: Lawrence Erlbaum
Associates.<person-group>
                  <string-name>
                     <surname>Wyer</surname>
                  </string-name>
               </person-group>
               <source>Memory and Cognition in its Social Context</source>
               <year>1989</year>
            </mixed-citation>
         </ref>
      </ref-list>
   </back>
</article>
