<article xmlns:xsi="http://www.w3.org/2001/XMLSchema-instance"
         xmlns:xlink="http://www.w3.org/1999/xlink"
         xmlns:mml="http://www.w3.org/1998/Math/MathML"
         dtd-version="1.0"
         article-type="research-article">
   <front>
      <journal-meta>
         <journal-id journal-id-type="jstor">jadve</journal-id>
         <journal-id journal-id-type="jstor">jadve</journal-id>
         <journal-id journal-id-type="jstor">j101355</journal-id>
         <journal-title-group>
            <journal-title>Journal of Advertising</journal-title>
         </journal-title-group>
         <publisher>
            <publisher-name>Board of Directors, American Academy of Advertising</publisher-name>
         </publisher>
         <issn pub-type="ppub">00913367</issn>
         <issn pub-type="epub">15577805</issn>
      </journal-meta>
      <article-meta>
         <article-id pub-id-type="jstor">4189206</article-id>
         <title-group>
            <article-title>Televised Political Advertising Effects: Evaluating Responses during the 2000 Robb-Allen Senatorial Election</article-title>
         </title-group>
         <contrib-group>
            <contrib contrib-type="author">
               <string-name>John C. Tedesco</string-name>
            </contrib>
         </contrib-group>
         <pub-date>
            <day>1</day>
            <month>4</month>
            <year>2002</year>
         </pub-date>
         <volume>31</volume>
         <issue>1</issue>
         <issue-id>i394115</issue-id>
         <fpage>37</fpage>
         <lpage>48</lpage>
         <page-range>37-48</page-range>
         <permissions>
            <copyright-statement>Copyright 2002 American Academy of Advertising</copyright-statement>
         </permissions>
         <self-uri xlink:href="http://www.jstor.org/stable/4189206"/>
         <abstract>
            <p>The Virginia Senate campaign between incumbent Democratic Senator Chuck Robb and Republican challenger George Allen was widely touted as one of the most crucial elections in the battle for the Senate. This study presents a pretest / posttest causal exploration of advertising effects for a series of ads aired during early October 2000. Political image evaluations, emotion, and cynicism were linked in effects for the 93 research participants. Findings reveal that emotional responses to ads were strong predictors of posttest candidate image evaluations. Furthermore, participant responses indicate that ads eliciting fearful emotions are significant predictors of overall cynicism. Moment-by-moment responses to the ads show that respondents' evaluation of the ads was strongly associated with the valence of the message strategy and the emotional content occurring at the various points in the ad.</p>
         </abstract>
         <custom-meta-group>
            <custom-meta>
               <meta-name>lang</meta-name>
               <meta-value>eng</meta-value>
            </custom-meta>
         </custom-meta-group>
      </article-meta>
   </front>
   <back>
      <ref-list>
         <title>References</title>
         <ref id="d20658e118a1310">
            <mixed-citation id="d20658e122" publication-type="journal">
Abelson, Robert, Donald Kinder, Mark Peters, and Susan Fiske (1982),
"Affective and Semantic Components in Political Person Percep-
tion/ 'Journal of Personality and Social Psychology, 42,619-630.<person-group>
                  <string-name>
                     <surname>Abelson</surname>
                  </string-name>
               </person-group>
               <fpage>619</fpage>
               <volume>42</volume>
               <source>Journal of Personality and Social Psychology</source>
               <year>1982</year>
            </mixed-citation>
         </ref>
         <ref id="d20658e157a1310">
            <mixed-citation id="d20658e161" publication-type="book">
Alwitt, Linda F., John Deighton, and John Grimm (1991), "Reac-
tions to Political Advertising Depend on the Nature of the
Voter-Candidate Bond," in Television and Political Advertis-
ing, Vol. 1, Frank Biocca, ed., Hillsdale, NJ: Lawrence Erlbaum
Associates, 329-350.<person-group>
                  <string-name>
                     <surname>Alwitt</surname>
                  </string-name>
               </person-group>
               <comment content-type="section">Reactions to Political Advertising Depend on the Nature of the Voter-Candidate Bond</comment>
               <fpage>329</fpage>
               <volume>1</volume>
               <source>Television and Political Advertising</source>
               <year>1991</year>
            </mixed-citation>
         </ref>
         <ref id="d20658e205a1310">
            <mixed-citation id="d20658e209" publication-type="book">
Boiney, John and David L. Paletz (1991), "In Search of the Model
Model: Political Science Versus Political Advertising Per-
spectives on Voter Decision-Making," in Television and Politi-
cal Advertising, Vol. 1, Frank Biocca, ed., Hillsdale, NJ:
Lawrence Erlbaum Associates, 3-26.<person-group>
                  <string-name>
                     <surname>Boiney</surname>
                  </string-name>
               </person-group>
               <comment content-type="section">In Search of the Model Model: Political Science Versus Political Advertising Perspectives on Voter Decision-Making</comment>
               <fpage>3</fpage>
               <volume>1</volume>
               <source>Television and Political Advertising</source>
               <year>1991</year>
            </mixed-citation>
         </ref>
         <ref id="d20658e253a1310">
            <mixed-citation id="d20658e257" publication-type="book">
Cappella, Joseph N. and Kathleen Hall Jamieson (1997), Spiral of
Cynicism: The Press and the Public Good, New York: Oxford
University Press.<person-group>
                  <string-name>
                     <surname>Cappella</surname>
                  </string-name>
               </person-group>
               <source>Spiral of Cynicism: The Press and the Public Good</source>
               <year>1997</year>
            </mixed-citation>
         </ref>
         <ref id="d20658e287a1310">
            <mixed-citation id="d20658e291" publication-type="journal">
Cauchon, Dennis (2000), "Virginia Heavyweights Go Head-to-Head
for Senate," USA Today, (September 14), 19A.<person-group>
                  <string-name>
                     <surname>Cauchon</surname>
                  </string-name>
               </person-group>
               <issue>September 14</issue>
               <fpage>19A</fpage>
               <source>USA Today</source>
               <year>2000</year>
            </mixed-citation>
         </ref>
         <ref id="d20658e323a1310">
            <mixed-citation id="d20658e327" publication-type="journal">
Clymer, Adam (2000), "College Students not Drawn to Voting or
Politics, Poll Shows," New York Times, (January 12), 14A.<person-group>
                  <string-name>
                     <surname>Clymer</surname>
                  </string-name>
               </person-group>
               <issue>January 12</issue>
               <fpage>14A</fpage>
               <source>New York Times</source>
               <year>2000</year>
            </mixed-citation>
         </ref>
         <ref id="d20658e359a1310">
            <mixed-citation id="d20658e363" publication-type="journal">
- (2001), "Students Polled on Voting,"New York Times,
(May 3), 22A.<person-group>
                  <string-name>
                     <surname>Clymer</surname>
                  </string-name>
               </person-group>
               <issue>May 3</issue>
               <fpage>22A</fpage>
               <source>New York Times</source>
               <year>2001</year>
            </mixed-citation>
         </ref>
         <ref id="d20658e395a1310">
            <mixed-citation id="d20658e399" publication-type="book">
Conover, P. and S. Feldman (1986), "The Role of Inference in the
Perception of Political Candidates," in The 19th Annual
Carnegie Symposium on Cognition: Political Cognition, R.
Lau and D. Sears, eds., Hillsdale, NJ: Lawrence Erlbaum
Associates, 127-155.<person-group>
                  <string-name>
                     <surname>Conover</surname>
                  </string-name>
               </person-group>
               <comment content-type="section">The Role of Inference in the Perception of Political Candidates</comment>
               <fpage>127</fpage>
               <source>The 19th Annual Carnegie Symposium on Cognition: Political Cognition</source>
               <year>1986</year>
            </mixed-citation>
         </ref>
         <ref id="d20658e440a1310">
            <mixed-citation id="d20658e444" publication-type="book">
Cundy, Donald T. (1986), "Political Commercials and Candidate
Image: The Effects Can Be Substantial," in New Perspectives
on Political Advertising, Lynda Lee Kaid, Dan Nimmo, and
Keith R. Sanders, eds., Carbondale, IL: Southern Illinois
University Press, 210-234.<person-group>
                  <string-name>
                     <surname>Cundy</surname>
                  </string-name>
               </person-group>
               <comment content-type="section">Political Commercials and Candidate Image: The Effects Can Be Substantial</comment>
               <fpage>210</fpage>
               <source>New Perspectives on Political Advertising</source>
               <year>1986</year>
            </mixed-citation>
         </ref>
         <ref id="d20658e485a1310">
            <mixed-citation id="d20658e489" publication-type="journal">
- (1990), "Image Formation, the Low Involvement
Voter, and Televised Political Advertising," Political Commu-
nication and Persuasion, 7 (1), 41-59.<person-group>
                  <string-name>
                     <surname>Cundy</surname>
                  </string-name>
               </person-group>
               <issue>1</issue>
               <fpage>41</fpage>
               <volume>7</volume>
               <source>Political Communication and Persuasion</source>
               <year>1990</year>
            </mixed-citation>
         </ref>
         <ref id="d20658e528a1310">
            <mixed-citation id="d20658e532" publication-type="journal">
Dart, Bob (2000), "GOP Has High Hopes for Senate Seat," The
Atlanta Journal and Constitution, (September 17), 11A.<person-group>
                  <string-name>
                     <surname>Dart</surname>
                  </string-name>
               </person-group>
               <issue>September 17</issue>
               <fpage>11A</fpage>
               <source>The Atlanta Journal and Constitution</source>
               <year>2000</year>
            </mixed-citation>
         </ref>
         <ref id="d20658e564a1310">
            <mixed-citation id="d20658e568" publication-type="journal">
Devlin, L. Patrick (1989), "Contrasts in Presidential Campaigns Com-
mercials in 1988," American Behavioral Scientist, 32 (4), 389-414.<person-group>
                  <string-name>
                     <surname>Devlin</surname>
                  </string-name>
               </person-group>
               <issue>4</issue>
               <fpage>389</fpage>
               <volume>32</volume>
               <source>American Behavioral Scientist</source>
               <year>1989</year>
            </mixed-citation>
         </ref>
         <ref id="d20658e603a1310">
            <mixed-citation id="d20658e607" publication-type="journal">
- (1997), "Contrasts in Presidential Campaign Commer-
cials of 1996," American Behavioral Scientist, 37 (2), 272-290.<person-group>
                  <string-name>
                     <surname>Devlin</surname>
                  </string-name>
               </person-group>
               <issue>2</issue>
               <fpage>272</fpage>
               <volume>37</volume>
               <source>American Behavioral Scientist</source>
               <year>1997</year>
            </mixed-citation>
         </ref>
         <ref id="d20658e642a1310">
            <mixed-citation id="d20658e646" publication-type="book">
Diamond, Edwin and Stephen Bates (1992), The Spot: The Rise of
Political Advertising on Television, 3d ed., Cambridge, MA:
The MIT Press.<person-group>
                  <string-name>
                     <surname>Diamond</surname>
                  </string-name>
               </person-group>
               <edition>3</edition>
               <source>The Spot: The Rise of Political Advertising on Television</source>
               <year>1992</year>
            </mixed-citation>
         </ref>
         <ref id="d20658e678a1310">
            <mixed-citation id="d20658e682" publication-type="book">
Engberg, Eric (2000), "CBS Evening News," (October 28), New
York: Columbia Broadcasting System.<person-group>
                  <string-name>
                     <surname>Engberg</surname>
                  </string-name>
               </person-group>
               <source>CBS Evening News</source>
               <year>2000</year>
            </mixed-citation>
         </ref>
         <ref id="d20658e707a1310">
            <mixed-citation id="d20658e711" publication-type="other">
Faucheux, Ron (2000), "20 Races to Watch in 2000," accessed Feb-
ruary 1, http://www.campaignline.com/commentary/index.</mixed-citation>
         </ref>
         <ref id="d20658e722a1310">
            <mixed-citation id="d20658e726" publication-type="journal">
Heyser, Holly A. (2000), "How Ads Twist the Truth," The Rich-
mond Times-Dispatch, (October 9), A1.<person-group>
                  <string-name>
                     <surname>Heyser</surname>
                  </string-name>
               </person-group>
               <issue>October 9</issue>
               <fpage>A1</fpage>
               <source>The Richmond Times-Dispatch</source>
               <year>2000</year>
            </mixed-citation>
         </ref>
         <ref id="d20658e758a1310">
            <mixed-citation id="d20658e762" publication-type="book">
Jamieson, Kathleen H. (1984), Packaging the Presidency. A His-
tory and Criticism of Presidential Campaign Advertising, New
York: Oxford University Press.<person-group>
                  <string-name>
                     <surname>Jamieson</surname>
                  </string-name>
               </person-group>
               <source>Packaging the Presidency. A History and Criticism of Presidential Campaign Advertising</source>
               <year>1984</year>
            </mixed-citation>
         </ref>
         <ref id="d20658e791a1310">
            <mixed-citation id="d20658e795" publication-type="journal">
Kaid, Lynda Lee (1997), "Effects of the Television Spots on Images
of Dole and Clinton," American Behavioral Scientist, 40 (8),
1085-1094.<person-group>
                  <string-name>
                     <surname>Kaid</surname>
                  </string-name>
               </person-group>
               <issue>8</issue>
               <fpage>1085</fpage>
               <volume>40</volume>
               <source>American Behavioral Scientist</source>
               <year>1997</year>
            </mixed-citation>
         </ref>
         <ref id="d20658e833a1310">
            <mixed-citation id="d20658e837" publication-type="book">
- and Mike Chanslor (1995), "Changing Candidate
Image: The Effects of Television Advertising," in Candidate
Images in Presidential Election Campaigns, Kenneth Hacker,
ed., New York: Praeger, 83-97.<person-group>
                  <string-name>
                     <surname>Kaid</surname>
                  </string-name>
               </person-group>
               <comment content-type="section">Changing Candidate Image: The Effects of Television Advertising</comment>
               <fpage>83</fpage>
               <source>Candidate Images in Presidential Election Campaigns</source>
               <year>1995</year>
            </mixed-citation>
         </ref>
         <ref id="d20658e875a1310">
            <mixed-citation id="d20658e879" publication-type="journal">
- ,-, and Mark Hovind (1992), "The In-
fluence of Program and Commercial Type on Political Adver-
tising Effectiveness," Journal of Broadcasting and Electronic
Media, 36 (3), 303-320.<person-group>
                  <string-name>
                     <surname>Kaid</surname>
                  </string-name>
               </person-group>
               <issue>3</issue>
               <fpage>303</fpage>
               <volume>36</volume>
               <source>Journal of Broadcasting and Electronic Media</source>
               <year>1992</year>
            </mixed-citation>
         </ref>
         <ref id="d20658e920a1310">
            <mixed-citation id="d20658e924" publication-type="book">
and Anne Johnston (2001), Videostyle in Presiden-
tial Campaigns, Westport, CT: Praeger.<person-group>
                  <string-name>
                     <surname>Kaid</surname>
                  </string-name>
               </person-group>
               <source>Videostyle in Presidential Campaigns</source>
               <year>2001</year>
            </mixed-citation>
         </ref>
         <ref id="d20658e950a1310">
            <mixed-citation id="d20658e954" publication-type="journal">
, Chris M. Leland, and Susan Whitney (1992), 'The
Impact of Televised Political Ads: Evoking Viewer Responses
in the 1988 Presidential Campaign," Southern Communica-
tion Journal, 57 (4), 285-292.<person-group>
                  <string-name>
                     <surname>Kaid</surname>
                  </string-name>
               </person-group>
               <issue>4</issue>
               <fpage>285</fpage>
               <volume>57</volume>
               <source>Southern Communication Journal</source>
               <year>1992</year>
            </mixed-citation>
         </ref>
         <ref id="d20658e995a1310">
            <mixed-citation id="d20658e999" publication-type="book">
Mitchell McKinney, and John C. Tedesco (2000),
Civic Dialogue in the 1996 Presidential Campaign: Candi-
date, Media, and Public Voices, Cresskill, NJ: Hampton Press,<person-group>
                  <string-name>
                     <surname>Kaid</surname>
                  </string-name>
               </person-group>
               <source>Civic Dialogue in the 1996 Presidential Campaign: Candidate, Media, and Public Voices</source>
               <year>2000</year>
            </mixed-citation>
         </ref>
         <ref id="d20658e1028a1310">
            <mixed-citation id="d20658e1032" publication-type="book">
and John C. Tedesco (1999), 'Tracking Reactions to
the Television Advertising," in The Electronic Election, Lynda
Lee Kaid and Dianne Bystrom, eds., Mahway, NJ: Lawrence
Erlbaum Associates, 233-245.<person-group>
                  <string-name>
                     <surname>Kaid</surname>
                  </string-name>
               </person-group>
               <comment content-type="section">Tracking Reactions to the Television Advertising</comment>
               <fpage>233</fpage>
               <source>The Electronic Election</source>
               <year>1999</year>
            </mixed-citation>
         </ref>
         <ref id="d20658e1070a1310">
            <mixed-citation id="d20658e1074" publication-type="journal">
Kelly, Kate (2000), 'The Race for the Senate: One Incumbent in
Trouble, Another; Coming Back," Time, (October 23), 64.<person-group>
                  <string-name>
                     <surname>Kelly</surname>
                  </string-name>
               </person-group>
               <issue>October 23</issue>
               <fpage>64</fpage>
               <source>Time</source>
               <year>2000</year>
            </mixed-citation>
         </ref>
         <ref id="d20658e1106a1310">
            <mixed-citation id="d20658e1110" publication-type="book">
Kern, Montague (1989), 30-Second Politics: Political Advertising
in the Eighties, New York: Praeger.<person-group>
                  <string-name>
                     <surname>Kern</surname>
                  </string-name>
               </person-group>
               <source>30-Second Politics: Political Advertising in the Eighties</source>
               <year>1989</year>
            </mixed-citation>
         </ref>
         <ref id="d20658e1135a1310">
            <mixed-citation id="d20658e1139" publication-type="book">
Lang, Annie (1991), "Emotion, Formal Features, and Memory for
Televised Political Advertisements," in Television and Politi-
cal Advertising, Vol. 1, Frank Biocca, ed., Hillsdale, NJ:
Lawrence Erlbaum Associates, 221-243.<person-group>
                  <string-name>
                     <surname>Lang</surname>
                  </string-name>
               </person-group>
               <comment content-type="section">Emotion, Formal Features, and Memory for Televised Political Advertisements</comment>
               <fpage>221</fpage>
               <volume>1</volume>
               <source>Television and Political Advertising</source>
               <year>1991</year>
            </mixed-citation>
         </ref>
         <ref id="d20658e1181a1310">
            <mixed-citation id="d20658e1185" publication-type="journal">
Markus, George and Michael MacKuen (1993), "Anxiety, Enthusi-
asm, and the Vote: The Emotional Underpinnings of Learn-
ing and Involvement During Presidential Campaigns"
American Political Science Review, 87 (3), 672-685.<person-group>
                  <string-name>
                     <surname>Markus</surname>
                  </string-name>
               </person-group>
               <issue>3</issue>
               <fpage>672</fpage>
               <volume>87</volume>
               <source>American Political Science Review</source>
               <year>1993</year>
            </mixed-citation>
         </ref>
         <ref id="d20658e1226a1310">
            <mixed-citation id="d20658e1230" publication-type="journal">
Merritt, Sharyne (1984), "Negative Political Advertising: Some
Empirical Findings," Journal of Advertising, 13 (3), 27-38.<person-group>
                  <string-name>
                     <surname>Merritt</surname>
                  </string-name>
               </person-group>
               <issue>3</issue>
               <fpage>27</fpage>
               <volume>13</volume>
               <source>Journal of Advertising</source>
               <year>1984</year>
            </mixed-citation>
         </ref>
         <ref id="d20658e1265a1310">
            <mixed-citation id="d20658e1269" publication-type="journal">
Miller, Arthur H., Martin P. Wattenberg, and Oksana Malanchuk
(1986), "Schematic Assessments of Presidential Candidates,"
American Political Science Review, 80 (2), 521-540.<object-id pub-id-type="doi">10.2307/1958272</object-id>
               <fpage>521</fpage>
            </mixed-citation>
         </ref>
         <ref id="d20658e1288a1310">
            <mixed-citation id="d20658e1292" publication-type="book">
Miller, Warren E. and Theresa E. Levitin (1976), Leadership and
Change, Cambridge, MA: Winthrop Publishers.<person-group>
                  <string-name>
                     <surname>Miller</surname>
                  </string-name>
               </person-group>
               <source>Leadership and Change</source>
               <year>1976</year>
            </mixed-citation>
         </ref>
         <ref id="d20658e1317a1310">
            <mixed-citation id="d20658e1321" publication-type="journal">
Mulder, Ronald (1979), 'The Effects of Televised Ads in the 1975 Chi-
cago Mayoral Election," Journalism Quarterly, 56 (3), 336-340.<person-group>
                  <string-name>
                     <surname>Mulder</surname>
                  </string-name>
               </person-group>
               <issue>3</issue>
               <fpage>336</fpage>
               <volume>56</volume>
               <source>Journalism Quarterly</source>
               <year>1979</year>
            </mixed-citation>
         </ref>
         <ref id="d20658e1356a1310">
            <mixed-citation id="d20658e1360" publication-type="book">
Newhagen, John E. and Byron Reeves (1991), "Emotion and Memory
Responses for Negative Political Advertising: A Study of
Television Commercials Used in the 1988 Presidential Elec-
tion," in Television and Political Advertising, Frank Biocca,
ed., Hillsdale, NJ: Lawrence Erlbaum Associates, 197-220.<person-group>
                  <string-name>
                     <surname>Newhagen</surname>
                  </string-name>
               </person-group>
               <comment content-type="section">Emotion and Memory Responses for Negative Political Advertising: A Study of Television Commercials Used in the 1988 Presidential Election</comment>
               <fpage>197</fpage>
               <source>Television and Political Advertising</source>
               <year>1991</year>
            </mixed-citation>
         </ref>
         <ref id="d20658e1402a1310">
            <mixed-citation id="d20658e1406" publication-type="journal">
Pfau, Michael and Michael Burgoon (1989), 'The Efficacy of Issue
and Character Attack Message Strategies in Political Cam-
paign Communication," Communication Reports, 2 (2), 52-61.<person-group>
                  <string-name>
                     <surname>Pfau</surname>
                  </string-name>
               </person-group>
               <issue>2</issue>
               <fpage>52</fpage>
               <volume>2</volume>
               <source>Communication Reports</source>
               <year>1989</year>
            </mixed-citation>
         </ref>
         <ref id="d20658e1444a1310">
            <mixed-citation id="d20658e1448" publication-type="journal">
Putnam, Robert D. (1995a), "Bowling Alone: America's Declining
Social Capital," Journal of Democracy, 6 (1), 65-78.<person-group>
                  <string-name>
                     <surname>Putnam</surname>
                  </string-name>
               </person-group>
               <issue>1</issue>
               <fpage>65</fpage>
               <volume>6</volume>
               <source>Journal of Democracy</source>
               <year>1995</year>
            </mixed-citation>
         </ref>
         <ref id="d20658e1483a1310">
            <mixed-citation id="d20658e1487" publication-type="journal">
- (1995b), "Tuning In, Tuning Out: The Strange Dis-
appearance of Social Capital in America," PS: Political Sci-
ence and Politics, 28 (4), 664-683.<object-id pub-id-type="doi">10.2307/420517</object-id>
               <fpage>664</fpage>
            </mixed-citation>
         </ref>
         <ref id="d20658e1506a1310">
            <mixed-citation id="d20658e1510" publication-type="other">
Rosenstone, Steven J., Donald Kinder, and Warren E. Miller ( 1997),
American National Election Study, 1996: Pre- and Post-Elec-
tion Survey (computer file), Ann Arbor, MI: University of
Michigan, Center for Political Studies [producer], Ann Arbor,
MI: Inter-university Consortium for Political and Social Re-
search [distributor].</mixed-citation>
         </ref>
         <ref id="d20658e1533a1310">
            <mixed-citation id="d20658e1537" publication-type="book">
Sanders, Keith and T. Pace (1977), 'The Influence of Speech Com-
munication on the Image of a Political Candidate: `Limited
Effects' Revisited," in Communication Yearbook 1, Brent D.
Ruben, ed., New Brunswick, NJ: Transaction Books, 465-474.<person-group>
                  <string-name>
                     <surname>Sanders</surname>
                  </string-name>
               </person-group>
               <comment content-type="section">The Influence of Speech Communication on the Image of a Political Candidate: `Limited Effects' Revisited</comment>
               <fpage>465</fpage>
               <source>Communication Yearbook 1</source>
               <year>1977</year>
            </mixed-citation>
         </ref>
         <ref id="d20658e1575a1310">
            <mixed-citation id="d20658e1579" publication-type="journal">
Shribman, David M. (2000), "Key Seats Could Shift Congress," The
Boston Globe, (October 30), A1.<person-group>
                  <string-name>
                     <surname>Shribman</surname>
                  </string-name>
               </person-group>
               <issue>October 30</issue>
               <fpage>A1</fpage>
               <source>The Boston Globe</source>
               <year>2000</year>
            </mixed-citation>
         </ref>
         <ref id="d20658e1612a1310">
            <mixed-citation id="d20658e1616" publication-type="book">
Smith, Craig A. (1995), 'The Struggle for Interpretive Dominance,"
in Presidential Campaign Discourse, Kathleen E. Kendall, ed.,
Albany, NY: State University of New York Press, 293-303.<person-group>
                  <string-name>
                     <surname>Smith</surname>
                  </string-name>
               </person-group>
               <comment content-type="section">The Struggle for Interpretive Dominance</comment>
               <fpage>293</fpage>
               <source>Presidential Campaign Discourse</source>
               <year>1995</year>
            </mixed-citation>
         </ref>
         <ref id="d20658e1651a1310">
            <mixed-citation id="d20658e1655" publication-type="book">
Stuckey, Mary E. and Frederick Antczak (1995), "The Battle of
Issues and Images: Establishing Interpretive Dominance," in
Presidential Campaign Discourse, Kathleen E. Kendall, ed.,
Albany, NY: State University of New York Press, 117-134.<person-group>
                  <string-name>
                     <surname>Stuckey</surname>
                  </string-name>
               </person-group>
               <comment content-type="section">The Battle of Issues and Images: Establishing Interpretive Dominance</comment>
               <fpage>117</fpage>
               <source>Presidential Campaign Discourse</source>
               <year>1995</year>
            </mixed-citation>
         </ref>
         <ref id="d20658e1693a1310">
            <mixed-citation id="d20658e1697" publication-type="journal">
Surlin, Stuart H. and Thomas F. Gordon (1977), "How Values
Affect Attitudes Toward Direct Reference Political Advertis-
ing," Journalism Quarterly, 54 (1), 89-98.<person-group>
                  <string-name>
                     <surname>Surlin</surname>
                  </string-name>
               </person-group>
               <issue>1</issue>
               <fpage>89</fpage>
               <volume>54</volume>
               <source>Journalism Quarterly</source>
               <year>1977</year>
            </mixed-citation>
         </ref>
         <ref id="d20658e1735a1310">
            <mixed-citation id="d20658e1739" publication-type="book">
Schwartz, Tony (1973), The Responsive Chord, Garden City, NY:
Anchor Press/Doubleday.<person-group>
                  <string-name>
                     <surname>Schwartz</surname>
                  </string-name>
               </person-group>
               <source>The Responsive Chord</source>
               <year>1973</year>
            </mixed-citation>
         </ref>
         <ref id="d20658e1764a1310">
            <mixed-citation id="d20658e1768" publication-type="journal">
Stallsmith, Pamela (2000), "National Parties Target VA.; Millions
Spent on Ads for Robb and Allen," The Richmond Times-
Dispatch, (October 8), A1.<person-group>
                  <string-name>
                     <surname>Stallsmith</surname>
                  </string-name>
               </person-group>
               <issue>October 8</issue>
               <fpage>A1</fpage>
               <source>The Richmond Times-Dispatch</source>
               <year>2000</year>
            </mixed-citation>
         </ref>
         <ref id="d20658e1803a1310">
            <mixed-citation id="d20658e1807" publication-type="book">
Thorson, Esther, William Christ, and Clarke Caywood (1991), "Selling
Candidates like Tubes of Toothpaste: Is the Comparison Apt?" in
Television and Political Advertising, Vol. 1, Frank Biocca, ed.,
Hillsdale, NJ: Lawrence Erlbaum Associates, 145-172.<person-group>
                  <string-name>
                     <surname>Thorson</surname>
                  </string-name>
               </person-group>
               <comment content-type="section">Selling Candidates like Tubes of Toothpaste: Is the Comparison Apt?</comment>
               <fpage>145</fpage>
               <volume>1</volume>
               <source>Television and Political Advertising</source>
               <year>1991</year>
            </mixed-citation>
         </ref>
         <ref id="d20658e1849a1310">
            <mixed-citation id="d20658e1853" publication-type="journal">
Whitley, Tyler (2000), "Attack Ads' Use Grows in VA.; Voters May
not Like Them, but They Work," The Richmond Times-Dis-
patch, (October 15), A1.<person-group>
                  <string-name>
                     <surname>Whitley</surname>
                  </string-name>
               </person-group>
               <issue>October 15</issue>
               <fpage>A1</fpage>
               <source>The Richmond Times-Dispatch</source>
               <year>2000</year>
            </mixed-citation>
         </ref>
         <ref id="d20658e1888a1310">
            <mixed-citation id="d20658e1892" publication-type="journal">
"Why So Many Young Adults Won't Vote Tuesday," (2000), USA
Today, (November 6), A19.<issue>November 6</issue>
               <fpage>A19</fpage>
               <source>USA Today</source>
               <year>2000</year>
            </mixed-citation>
         </ref>
      </ref-list>
   </back>
</article>
