<article xmlns:xsi="http://www.w3.org/2001/XMLSchema-instance"
         xmlns:xlink="http://www.w3.org/1999/xlink"
         xmlns:mml="http://www.w3.org/1998/Math/MathML"
         dtd-version="1.0"
         article-type="research-article">
   <front>
      <journal-meta>
         <journal-id journal-id-type="jstor">jadve</journal-id>
         <journal-id journal-id-type="jstor">jadve</journal-id>
         <journal-id journal-id-type="jstor">j101355</journal-id>
         <journal-title-group>
            <journal-title>Journal of Advertising</journal-title>
         </journal-title-group>
         <publisher>
            <publisher-name>M. E. Sharpe, Inc.</publisher-name>
         </publisher>
         <issn pub-type="ppub">00913367</issn>
         <issn pub-type="epub">15577805</issn>
      </journal-meta>
      <article-meta>
         <article-id pub-id-type="jstor">4189301</article-id>
         <title-group>
            <article-title>Perspectives on Advertising Research: Views from Winners of the American Academy of Advertising Outstanding Contribution to Research Award</article-title>
         </title-group>
         <contrib-group>
            <contrib contrib-type="author">
               <string-name>
                  <given-names>Les</given-names>
                  <surname>Carlson</surname>
               </string-name>
            </contrib>
            <contrib contrib-type="author">
               <string-name>Stephen J. Grove</string-name>
            </contrib>
            <contrib contrib-type="author">
               <string-name>Marla Royne Stafford</string-name>
            </contrib>
         </contrib-group>
         <pub-date>
            <day>1</day>
            <month>7</month>
            <year>2005</year>
         </pub-date>
         <volume>34</volume>
         <issue>2</issue>
         <issue-id>i394124</issue-id>
         <fpage>117</fpage>
         <lpage>149</lpage>
         <page-range>117-149</page-range>
         <permissions>
            <copyright-statement>Copyright 2005 American Academy of Advertising</copyright-statement>
         </permissions>
         <self-uri xlink:href="http://www.jstor.org/stable/4189301"/>
         <abstract>
            <p>To gather insights about the current state and future directions of advertising research, as well as to obtain a glimpse of its evolvement over time, testimony was compiled from experts in the field. The experts were selected from individuals who have won the American Academy of Advertising Outstanding Contribution to Research Award. Their responses provide a chronicle of advertising research that is marked by thoughtful observation, personal introspection, and careful speculation. This paper represents a snapshot of advertising research that is panoramic and clear due to the diversity and contemporaneous comments of the participants. Summary comments are offered that bring attention to general themes that emerge from the contributors' thoughts. It is hoped that this paper will serve as a signpost and catalyst for advertising research both now and in the years to come.</p>
         </abstract>
         <custom-meta-group>
            <custom-meta>
               <meta-name>lang</meta-name>
               <meta-value>eng</meta-value>
            </custom-meta>
         </custom-meta-group>
      </article-meta>
   </front>
   <back>
      <ref-list>
         <title>References</title>
         <ref id="d24421e145a1310">
            <mixed-citation id="d24421e149" publication-type="book">
American Academy of Advertising Membership Directory (2004-2005),
Keith F. Johnson, ed., Provo, UT: American Academy of
Advertising.<person-group>
                  <string-name>
                     <surname>Johnson</surname>
                  </string-name>
               </person-group>
               <source>American Academy of Advertising Membership Directory</source>
               <year>2004</year>
            </mixed-citation>
         </ref>
         <ref id="d24421e178a1310">
            <mixed-citation id="d24421e182" publication-type="journal">
Calder, Bobby J., and Alice M. Tybout (1987), "What Consumer
Research Is . . . ," Journal of Consumer Research, 14 (June),
136-140.<object-id pub-id-type="jstor">10.2307/2489251</object-id>
               <fpage>136</fpage>
            </mixed-citation>
         </ref>
         <ref id="d24421e201a1310">
            <mixed-citation id="d24421e205" publication-type="book">
Cresswell, John W. (1998), Qualitative Inquiry and Research Design:
Choosing Among Five Traditions, Thousand Oaks, CA: Sage.<person-group>
                  <string-name>
                     <surname>Cresswell</surname>
                  </string-name>
               </person-group>
               <source>Qualitative Inquiry and Research Design: Choosing Among Five Traditions</source>
               <year>1998</year>
            </mixed-citation>
         </ref>
         <ref id="d24421e230a1310">
            <mixed-citation id="d24421e234" publication-type="book">
Davy, Charles (1978), Towards a Third Culture, Edinburgh: Floris
Books.<person-group>
                  <string-name>
                     <surname>Davy</surname>
                  </string-name>
               </person-group>
               <source>Towards a Third Culture</source>
               <year>1978</year>
            </mixed-citation>
         </ref>
         <ref id="d24421e260a1310">
            <mixed-citation id="d24421e264" publication-type="book">
Fisk, Raymond P., Stephen J. Grove, and Joby John (2000), Services
Marketing Self-Portraits: Introspections, Reflections and Glimpses
from the Experts, Chicago: American Marketing Association:<person-group>
                  <string-name>
                     <surname>Fisk</surname>
                  </string-name>
               </person-group>
               <source>Services Marketing Self-Portraits: Introspections, Reflections and Glimpses from the Experts</source>
               <year>2000</year>
            </mixed-citation>
         </ref>
         <ref id="d24421e293a1310">
            <mixed-citation id="d24421e297" publication-type="book">
Flick, Uwe (1998;, An Introduction to Qualitative Research, Thou-
sand Oaks, CA: Sage.<person-group>
                  <string-name>
                     <surname>Flick</surname>
                  </string-name>
               </person-group>
               <source>An Introduction to Qualitative Research</source>
               <year>1998</year>
            </mixed-citation>
         </ref>
         <ref id="d24421e322a1310">
            <mixed-citation id="d24421e326" publication-type="journal">
Gelb, Betsy D., and George M. Zinkhan (1986), "Humor and
Advertising Effectiveness After Repeated Exposures to a Ra-
dio Commercial " Journal of Advertising, 15 (2), 15-20, 34.<person-group>
                  <string-name>
                     <surname>Gelb</surname>
                  </string-name>
               </person-group>
               <issue>2</issue>
               <fpage>15</fpage>
               <volume>15</volume>
               <source>Journal of Advertising</source>
               <year>1986</year>
            </mixed-citation>
         </ref>
         <ref id="d24421e364a1310">
            <mixed-citation id="d24421e368" publication-type="book">
Hayakawa, Samuel Ichiey ([1946] 1964), Language in Thought
and Action, 2nd ed., New York: Harcourt, Brace and World.<person-group>
                  <string-name>
                     <surname>Hayakawa</surname>
                  </string-name>
               </person-group>
               <edition>2</edition>
               <source>Language in Thought and Action</source>
               <year>1964</year>
            </mixed-citation>
         </ref>
         <ref id="d24421e397a1310">
            <mixed-citation id="d24421e401" publication-type="book">
Horowitz, Irving Louis (1969), Sociological Self-Images: A Collec-
tive Portrait, Beverly Hills: Sage.<person-group>
                  <string-name>
                     <surname>Horowitz</surname>
                  </string-name>
               </person-group>
               <source>Sociological Self-Images: A Collective Portrait</source>
               <year>1969</year>
            </mixed-citation>
         </ref>
         <ref id="d24421e426a1310">
            <mixed-citation id="d24421e430" publication-type="book">
Hunt, Shelby D. (1991), Modern Marketing Theory: Critical Issues in
the Philosophy of Marketing Science, Cincinnati: South-Westem.<person-group>
                  <string-name>
                     <surname>Hunt</surname>
                  </string-name>
               </person-group>
               <source>Modern Marketing Theory: Critical Issues in the Philosophy of Marketing Science</source>
               <year>1991</year>
            </mixed-citation>
         </ref>
         <ref id="d24421e456a1310">
            <mixed-citation id="d24421e460" publication-type="book">
Kuhn, Thomas S. (1962), The Structure of Scientific Revolutions,
Chicago: University of Chicago Press.<person-group>
                  <string-name>
                     <surname>Kuhn</surname>
                  </string-name>
               </person-group>
               <source>The Structure of Scientific Revolutions</source>
               <year>1962</year>
            </mixed-citation>
         </ref>
         <ref id="d24421e485a1310">
            <mixed-citation id="d24421e489" publication-type="book">
Lakatos, Imre (1978), The Methodology of Scientific Research
Programmes, John Worall and Gregory Currie, eds., New
York: Cambridge University Press.<person-group>
                  <string-name>
                     <surname>Lakatos</surname>
                  </string-name>
               </person-group>
               <source>The Methodology of Scientific Research Programmes</source>
               <year>1978</year>
            </mixed-citation>
         </ref>
         <ref id="d24421e518a1310">
            <mixed-citation id="d24421e522" publication-type="book">
Laudan, Larry (1984), Science and Values: The Aims of Science and
Their Role in Scientific Debate, Berkeley: University of Cali-
fornia Press.<person-group>
                  <string-name>
                     <surname>Laudan</surname>
                  </string-name>
               </person-group>
               <source>Science and Values: The Aims of Science and Their Role in Scientific Debate</source>
               <year>1984</year>
            </mixed-citation>
         </ref>
         <ref id="d24421e551a1310">
            <mixed-citation id="d24421e555" publication-type="book">
Mayakovsky, Vladimir ([1926] 1970), How Are Verses Made?
G. M. Hyde, trans., London: Jonathan Cape.<person-group>
                  <string-name>
                     <surname>Mayakovsky</surname>
                  </string-name>
               </person-group>
               <source>How Are Verses Made?</source>
               <year>1970</year>
            </mixed-citation>
         </ref>
         <ref id="d24421e580a1310">
            <mixed-citation id="d24421e584" publication-type="other">
Newspaper Association of America (2004), "The Facts About
Newspapers 2004: U.S. Advertising Expenditures—All
Media,"available at www.naa.org/info/facts04/expenditures-
allmedia.html (accessed November 20, 2004).</mixed-citation>
         </ref>
         <ref id="d24421e600a1310">
            <mixed-citation id="d24421e604" publication-type="book">
Paulos, John Allen (1998), Once Upon a Number: The Hidden Math-
ematical Logic of Stories, 1st ed., New York: Basic Books.<person-group>
                  <string-name>
                     <surname>Paulos</surname>
                  </string-name>
               </person-group>
               <edition>1</edition>
               <source>Once Upon a Number: The Hidden Mathematical Logic of Stories</source>
               <year>1998</year>
            </mixed-citation>
         </ref>
         <ref id="d24421e634a1310">
            <mixed-citation id="d24421e638" publication-type="journal">
Pitt, Leyland E, Pierre R. Berthon, Richard T. Watson, and George
M. Zinkhan (2002), "The Internet and the Birth of Real Con-
sumer Power," Business Horizons, 45 (July/August), 7-14.<person-group>
                  <string-name>
                     <surname>Pitt</surname>
                  </string-name>
               </person-group>
               <issue>July</issue>
               <fpage>7</fpage>
               <volume>45</volume>
               <source>Business Horizons</source>
               <year>2002</year>
            </mixed-citation>
         </ref>
         <ref id="d24421e676a1310">
            <mixed-citation id="d24421e680" publication-type="journal">
Simon, Herbert A. (1967), "The Business School: A Problem in
Organizational Design," Journal of Management Studies, 4
(February), 1-16.<person-group>
                  <string-name>
                     <surname>Simon</surname>
                  </string-name>
               </person-group>
               <issue>February</issue>
               <fpage>1</fpage>
               <volume>4</volume>
               <source>Journal of Management Studies</source>
               <year>1967</year>
            </mixed-citation>
         </ref>
         <ref id="d24421e718a1310">
            <mixed-citation id="d24421e722" publication-type="book">
Stebbins, Robert A. (2001), Exploratory Research in the Social Sci-
ences, Thousand Oaks, CA: Sage.<person-group>
                  <string-name>
                     <surname>Stebbins</surname>
                  </string-name>
               </person-group>
               <source>Exploratory Research in the Social Sciences</source>
               <year>2001</year>
            </mixed-citation>
         </ref>
         <ref id="d24421e747a1310">
            <mixed-citation id="d24421e751" publication-type="book">
Stern, Barbara ?. (1988), "Figurative Language in Services Ad-
vertising: The Nature and Uses of Imagery," in Advances in
Consumer Research, vol. 15, Michael J. Houston, ed., Provo,
UT: Association for Consumer Research, 185-190.<person-group>
                  <string-name>
                     <surname>Stern</surname>
                  </string-name>
               </person-group>
               <comment content-type="section">Figurative Language in Services Advertising: The Nature and Uses of Imagery</comment>
               <fpage>185</fpage>
               <volume>15</volume>
               <source>Advances in Consumer Research</source>
               <year>1988</year>
            </mixed-citation>
         </ref>
         <ref id="d24421e792a1310">
            <mixed-citation id="d24421e796" publication-type="book">
Watson, Richard T., Pierre Berthon, Leyland F. Pitt, and George
M. Zinkhan (2000), Electronic Commerce: The Strategic Per-
spective, Fort Worth, TX: Dryden Press.<person-group>
                  <string-name>
                     <surname>Watson</surname>
                  </string-name>
               </person-group>
               <source>Electronic Commerce: The Strategic Perspective</source>
               <year>2000</year>
            </mixed-citation>
         </ref>
         <ref id="d24421e825a1310">
            <mixed-citation id="d24421e829" publication-type="journal">
-—Leyland Pitt, Pierre Berthon, and George Zinkhan (2002),
"U-Commerce: Expanding the Universe of Marketing," Jour-
nal of the Academy of Marketing Science, 30 (4), 333-347.<person-group>
                  <string-name>
                     <surname>Watson</surname>
                  </string-name>
               </person-group>
               <issue>4</issue>
               <fpage>333</fpage>
               <volume>30</volume>
               <source>Journal of the Academy of Marketing Science</source>
               <year>2002</year>
            </mixed-citation>
         </ref>
         <ref id="d24421e868a1310">
            <mixed-citation id="d24421e872" publication-type="journal">
-, —George M. Zinkhan, and Leyland F. Pitt (2004), Object-
Orientation: A Tool for Enterprise Design," California Man-
agement Review, 46 (Summer), 88-110.<person-group>
                  <string-name>
                     <surname>Watson</surname>
                  </string-name>
               </person-group>
               <issue>Summer</issue>
               <fpage>88</fpage>
               <volume>46</volume>
               <source>California Management Review</source>
               <year>2004</year>
            </mixed-citation>
         </ref>
         <ref id="d24421e910a1310">
            <mixed-citation id="d24421e914" publication-type="journal">
Zinkhan, George M., and Claes Fornell (1985), "A Test of Two
Consumer Response Scales in Advertising,"Journal of Mar-
keting Research, 22 (November), 447—452.<object-id pub-id-type="doi">10.2307/3151590</object-id>
               <fpage>447</fpage>
            </mixed-citation>
         </ref>
         <ref id="d24421e933a1310">
            <mixed-citation id="d24421e937" publication-type="journal">
-, and A4i Shermohamed (1986), "Is Other-Directedness on
the Increase? An Empirical Test of Riesman's Theory of Social
Character," Journal of Consumer Research, 13(1), 127-130.<object-id pub-id-type="jstor">10.2307/2489292</object-id>
               <fpage>127</fpage>
            </mixed-citation>
         </ref>
      </ref-list>
   </back>
</article>
