<article xmlns:xsi="http://www.w3.org/2001/XMLSchema-instance"
         xmlns:xlink="http://www.w3.org/1999/xlink"
         xmlns:mml="http://www.w3.org/1998/Math/MathML"
         dtd-version="1.0"
         article-type="research-article">
   <front>
      <journal-meta>
         <journal-id journal-id-type="jstor">jadve</journal-id>
         <journal-id journal-id-type="jstor">jadve</journal-id>
         <journal-id journal-id-type="jstor">j101355</journal-id>
         <journal-title-group>
            <journal-title>Journal of Advertising</journal-title>
         </journal-title-group>
         <publisher>
            <publisher-name>Board of Directors, American Academy of Advertising</publisher-name>
         </publisher>
         <issn pub-type="ppub">00913367</issn>
         <issn pub-type="epub">15577805</issn>
      </journal-meta>
      <article-meta>
         <article-id pub-id-type="jstor">4189160</article-id>
         <title-group>
            <article-title>Product Placements in Movies: A Cross-Cultural Analysis of Austrian, French and American Consumers' Attitudes toward This Emerging, International Promotional Medium</article-title>
         </title-group>
         <contrib-group>
            <contrib contrib-type="author">
               <string-name>
                  <given-names>Stephen J.</given-names>
                  <surname>Gould</surname>
               </string-name>
            </contrib>
            <contrib contrib-type="author">
               <string-name>Pola B. Gupta</string-name>
            </contrib>
            <contrib contrib-type="author">
               <string-name> Sonja Grabner-Kräuter </string-name>
            </contrib>
         </contrib-group>
         <pub-date>
            <day>1</day>
            <month>12</month>
            <year>2000</year>
         </pub-date>
         <volume>29</volume>
         <issue>4</issue>
         <issue-id>i394110</issue-id>
         <fpage>41</fpage>
         <lpage>58</lpage>
         <page-range>41-58</page-range>
         <permissions>
            <copyright-statement>Copyright 2000 American Academy of Advertising</copyright-statement>
         </permissions>
         <self-uri xlink:href="http://www.jstor.org/stable/4189160"/>
         <abstract>
            <p>This paper reports on a cross-cultural study which tests the robustness of the approach developed by Gupta and Gould (1997) concerning use of product placements in movies. Using their American data as a comparison point, additional data using the same questionnaire were collected in Austria and France. As an international medium in which movies freely cross borders, product placement is also a less adaptable one, relative to commercials since it remains in the movie regardless of the nation where it is shown. Applying a three-pronged framework which considered country, product and individual differences and their interactive effects, the results of this study indicate the ways in which all three have an impact on the acceptability of product placements and on potential purchase behavior. Finally, implications for managing and further researching product placements based on this framework are drawn.</p>
         </abstract>
         <custom-meta-group>
            <custom-meta>
               <meta-name>lang</meta-name>
               <meta-value>eng</meta-value>
            </custom-meta>
         </custom-meta-group>
      </article-meta>
   </front>
   <back>
      <ref-list>
         <title>References</title>
         <ref id="d18845e154a1310">
            <mixed-citation id="d18845e158" publication-type="journal">
Andrews, J. Craig (1989), 'The Dimensionality of Beliefs toward
Advertising in General," Journal of Advertising, 18 (1), 26-35.<person-group>
                  <string-name>
                     <surname>Andrews</surname>
                  </string-name>
               </person-group>
               <issue>1</issue>
               <fpage>26</fpage>
               <volume>18</volume>
               <source>Journal of Advertising</source>
               <year>1989</year>
            </mixed-citation>
         </ref>
         <ref id="d18845e193a1310">
            <mixed-citation id="d18845e197" publication-type="journal">
Appelbaum, Ulrich and Chriss Halliburton (1993), "How to De-
velop International Advertising Campaigns that Work: The
Example of the European Food and Beverage Sector," Inter-
national Journal of Advertising, 12 (3), 223-241.<person-group>
                  <string-name>
                     <surname>Appelbaum</surname>
                  </string-name>
               </person-group>
               <issue>3</issue>
               <fpage>223</fpage>
               <volume>12</volume>
               <source>International Journal of Advertising</source>
               <year>1993</year>
            </mixed-citation>
         </ref>
         <ref id="d18845e238a1310">
            <mixed-citation id="d18845e242" publication-type="journal">
Babin, Laurie A. and Sheri Thompson Carder (1995), "Advertising
via the Box Office: Is Product Placement Effective?" Journal
of Promotion Management, 3 (1/2), 31-51.<person-group>
                  <string-name>
                     <surname>Babin</surname>
                  </string-name>
               </person-group>
               <issue>1</issue>
               <fpage>31</fpage>
               <volume>3</volume>
               <source>Journal of Promotion Management</source>
               <year>1995</year>
            </mixed-citation>
         </ref>
         <ref id="d18845e280a1310">
            <mixed-citation id="d18845e284" publication-type="journal">
n and- (1996), "Viewers Recognition of
Brands Placed within a Film," International Journal of Ad-
vertising, 15 (2), 140-151.<person-group>
                  <string-name>
                     <surname>Babin</surname>
                  </string-name>
               </person-group>
               <issue>2</issue>
               <fpage>140</fpage>
               <volume>15</volume>
               <source>International Journal of Advertising</source>
               <year>1996</year>
            </mixed-citation>
         </ref>
         <ref id="d18845e323a1310">
            <mixed-citation id="d18845e327" publication-type="journal">
Balasubramanian, Siva ?. (1994), "Beyond Advertising and Pub-
licity: Hybrid Messages and Public Policy Issues," Journal of
Advertising, 23 (December), 29-46.<person-group>
                  <string-name>
                     <surname>Balasubramanian</surname>
                  </string-name>
               </person-group>
               <issue>December</issue>
               <fpage>29</fpage>
               <volume>23</volume>
               <source>Journal of Advertising</source>
               <year>1994</year>
            </mixed-citation>
         </ref>
         <ref id="d18845e365a1310">
            <mixed-citation id="d18845e369" publication-type="journal">
Beatson, Ronald (1984), 'The Image of Advertising in Europe,"
International Journal of Advertising, 3(1), 361-367.<person-group>
                  <string-name>
                     <surname>Beatson</surname>
                  </string-name>
               </person-group>
               <issue>1</issue>
               <fpage>361</fpage>
               <volume>3</volume>
               <source>International Journal of Advertising</source>
               <year>1984</year>
            </mixed-citation>
         </ref>
         <ref id="d18845e404a1310">
            <mixed-citation id="d18845e408" publication-type="journal">
Biswas, Abhijit, Janeen E. Olsen and Valerie Carlet (1992), "A
Comparison of Print Advertisements from the United States
and France," Journal of Advertising, 21 (December), 73-82.<person-group>
                  <string-name>
                     <surname>Biswas</surname>
                  </string-name>
               </person-group>
               <issue>December</issue>
               <fpage>73</fpage>
               <volume>21</volume>
               <source>Journal of Advertising</source>
               <year>1992</year>
            </mixed-citation>
         </ref>
         <ref id="d18845e446a1310">
            <mixed-citation id="d18845e450" publication-type="journal">
Boddewyn, Jean J. (1993), "Where Should Articles on the Link
Between Tobacco Advertising and Consumption Be Published?"
Journal of Advertising, 22 (December), 105-107.<person-group>
                  <string-name>
                     <surname>Boddewyn</surname>
                  </string-name>
               </person-group>
               <issue>December</issue>
               <fpage>105</fpage>
               <volume>22</volume>
               <source>Journal of Advertising</source>
               <year>1993</year>
            </mixed-citation>
         </ref>
         <ref id="d18845e488a1310">
            <mixed-citation id="d18845e492" publication-type="book">
Cateora, Philip R. (1990), International Marketing, Boston: Richard
Irwin.<person-group>
                  <string-name>
                     <surname>Cateora</surname>
                  </string-name>
               </person-group>
               <source>International Marketing</source>
               <year>1990</year>
            </mixed-citation>
         </ref>
         <ref id="d18845e517a1310">
            <mixed-citation id="d18845e521" publication-type="journal">
Clark, Terry (1994), "National Boundaries, Border Zones, and Mar-
keting Strategy: A Conceptual Framework and Theoretical
Model of Secondary Control Boundary Effects," Journal of
Marketing, 58 (July), 67-80.<object-id pub-id-type="doi">10.2307/1252311</object-id>
               <fpage>67</fpage>
            </mixed-citation>
         </ref>
         <ref id="d18845e545a1310">
            <mixed-citation id="d18845e549" publication-type="journal">
Cutler, Bob D. and Rajshekhar G. Javalgi (1992), "A Cross-Cul-
tural Analysis of the Visual Components of Print Advertis-
ing," Journal of Advertising Research, 32 (1), 71-80.<person-group>
                  <string-name>
                     <surname>Cutler</surname>
                  </string-name>
               </person-group>
               <issue>1</issue>
               <fpage>71</fpage>
               <volume>32</volume>
               <source>Journal of Advertising Research</source>
               <year>1992</year>
            </mixed-citation>
         </ref>
         <ref id="d18845e587a1310">
            <mixed-citation id="d18845e591" publication-type="journal">
, - and M. Krishna Erramilli (1992),
"The Visual Components of Print Advertising: A Five-Coun-
try Cross-Cultural Analysis," European Journal of Market-
ing, 26 (4), 7-20.<person-group>
                  <string-name>
                     <surname>Cutler</surname>
                  </string-name>
               </person-group>
               <issue>4</issue>
               <fpage>7</fpage>
               <volume>26</volume>
               <source>European Journal of Marketing</source>
               <year>1992</year>
            </mixed-citation>
         </ref>
         <ref id="d18845e632a1310">
            <mixed-citation id="d18845e636" publication-type="journal">
Dawar, Niraj and Philip Parker (1994), "Marketing Universale:
Consumers' Use of Brand Name, Physical Appearance, and
Retailer Reputation as Signals of Product Quality," Journal
of Marketing, 58 (April), 81-95.<object-id pub-id-type="doi">10.2307/1252271</object-id>
               <fpage>81</fpage>
            </mixed-citation>
         </ref>
         <ref id="d18845e659a1310">
            <mixed-citation id="d18845e663" publication-type="book">
DeLorme, Denise E. (1998), "Brand Placement: A Historical Over-
view," in Proceedings of the 1998 Conference of the American
Academy of Advertising, Darrel D. Muehling, ed., Pullman,
WA: American Academy of Advertising, 305-306.<person-group>
                  <string-name>
                     <surname>DeLorme</surname>
                  </string-name>
               </person-group>
               <comment content-type="section">Brand Placement: A Historical Overview</comment>
               <fpage>305</fpage>
               <source>Proceedings of the 1998 Conference of the American Academy of Advertising</source>
               <year>1998</year>
            </mixed-citation>
         </ref>
         <ref id="d18845e701a1310">
            <mixed-citation id="d18845e705" publication-type="book">
—, Leonard N. Reid and Mary R. Zimmer (1994),
"Brands in Films: Young Moviegoers' Experiences and Inter-
pretations," in Proceedings of the 1994 Conference of the Ameri-
can Academy of Advertising, Karen Whitehill King, ed., Cin-
cinnati: American Academy of Advertising, 60.<person-group>
                  <string-name>
                     <surname>DeLorme</surname>
                  </string-name>
               </person-group>
               <comment content-type="section">Brands in Films: Young Moviegoers' Experiences and Interpretations</comment>
               <fpage>60</fpage>
               <source>Proceedings of the 1994 Conference of the American Academy of Advertising</source>
               <year>1994</year>
            </mixed-citation>
         </ref>
         <ref id="d18845e746a1310">
            <mixed-citation id="d18845e750" publication-type="journal">
and-(1999), "Moviegoers'Experiences and
Interpretations of Brands in Films Revisited," Journal of Ad-
vertising, 28 (Summer), 71-95.<person-group>
                  <string-name>
                     <surname>DeLorme</surname>
                  </string-name>
               </person-group>
               <issue>Summer</issue>
               <fpage>71</fpage>
               <volume>28</volume>
               <source>Journal of Advertising</source>
               <year>1999</year>
            </mixed-citation>
         </ref>
         <ref id="d18845e789a1310">
            <mixed-citation id="d18845e793" publication-type="journal">
Dibb, Sally, Lyndon Simkin and Rex Yuen (1994), "Pan-European
Advertising: Think Europe—Act Local," International Jour-
nal of Advertising, 13 (2), 125-136.<person-group>
                  <string-name>
                     <surname>Dibb</surname>
                  </string-name>
               </person-group>
               <issue>2</issue>
               <fpage>125</fpage>
               <volume>13</volume>
               <source>International Journal of Advertising</source>
               <year>1994</year>
            </mixed-citation>
         </ref>
         <ref id="d18845e831a1310">
            <mixed-citation id="d18845e835" publication-type="journal">
Gemeinboeck, G. and U. Wagner (1993), "Rechtliche Aspekte des Prod-
uct Placement in Oesterreich," Werbeforschung &amp; Praxis, 4,145-149.<person-group>
                  <string-name>
                     <surname>Gemeinboeck</surname>
                  </string-name>
               </person-group>
               <fpage>145</fpage>
               <volume>4</volume>
               <source>Werbeforschung &amp; Praxis</source>
               <year>1993</year>
            </mixed-citation>
         </ref>
         <ref id="d18845e867a1310">
            <mixed-citation id="d18845e871" publication-type="journal">
Givon, Moshe M. and Zur Shapira (1984), "Response to Rating
Scales: A Theoretical Model and Its Application to the Num-
ber of Categories Problem," Journal of Marketing Research,
21 (November), 410-419.<object-id pub-id-type="doi">10.2307/3151467</object-id>
               <fpage>410</fpage>
            </mixed-citation>
         </ref>
         <ref id="d18845e894a1310">
            <mixed-citation id="d18845e898" publication-type="book">
Gould, Stephen J. (1998), "Deconstructing and Inscribing Cross-
Cultural Consumption through Drinking Tahitian Tikis Tea:
Is It Too Late or Never Too Late to Experience the Authentic
Culture of Polynesia?" in Advances in Consumer Research,
Vol. 25, Joseph W. Alba and J. Wesley Hutchinson, eds., Provo,
UT: Association for Consumer Research, 31-36.<person-group>
                  <string-name>
                     <surname>Gould</surname>
                  </string-name>
               </person-group>
               <comment content-type="section">Deconstructing and Inscribing Cross-Cultural Consumption through Drinking Tahitian Tikis Tea: Is It Too Late or Never Too Late to Experience the Authentic Culture of Polynesia?</comment>
               <fpage>31</fpage>
               <volume>25</volume>
               <source>Advances in Consumer Research</source>
               <year>1998</year>
            </mixed-citation>
         </ref>
         <ref id="d18845e946a1310">
            <mixed-citation id="d18845e950" publication-type="book">
— and Yuko Minowa (1994), "`Are They Saying the Same
Thing?' An Exploratory Study of Japanese and American Automo-
bile Advertising," in Global and Multinational Advertising, Basil
G. Englis, ed., Hillsdale, NJ: Lawrence Erlbaum, 193-204.<person-group>
                  <string-name>
                     <surname>Gould</surname>
                  </string-name>
               </person-group>
               <comment content-type="section">`Are They Saying the Same Thing?' An Exploratory Study of Japanese and American Automobile Advertising</comment>
               <fpage>193</fpage>
               <source>Global and Multinational Advertising</source>
               <year>1994</year>
            </mixed-citation>
         </ref>
         <ref id="d18845e988a1310">
            <mixed-citation id="d18845e992" publication-type="journal">
Grein, Andreas F. and Stephen J. Gould (1996), "Globally Inte-
grated Marketing Communications," Journal of Marketing
Communications, 3 (September), 141-158.<person-group>
                  <string-name>
                     <surname>Grein</surname>
                  </string-name>
               </person-group>
               <issue>September</issue>
               <fpage>141</fpage>
               <volume>3</volume>
               <source>Journal of Marketing Communications</source>
               <year>1996</year>
            </mixed-citation>
         </ref>
         <ref id="d18845e1031a1310">
            <mixed-citation id="d18845e1035" publication-type="journal">
Gupta, Pola ?., Siva ?. Balasubramanian and Michael L. Klassen
(2000), "Viewers' Evaluations of Product Placements in Mov-
ies: Public Policy Issues and Managerial Implications," Jour-
nal of Current Issues and Research in Advertising (in press).<person-group>
                  <string-name>
                     <surname>Gupta</surname>
                  </string-name>
               </person-group>
               <source>Journal of Current Issues and Research in Advertising</source>
               <year>2000</year>
            </mixed-citation>
         </ref>
         <ref id="d18845e1067a1310">
            <mixed-citation id="d18845e1071" publication-type="journal">
— and Stephen J. Gould (1997), "Consumers* Perceptions
of the Ethics and Acceptability of Product Placements in Movies:
Product Category and Individual Differences," Journal of Current
Issues and Research in Advertising, 14 (Spring), 37-50.<person-group>
                  <string-name>
                     <surname>Gupta</surname>
                  </string-name>
               </person-group>
               <issue>Spring</issue>
               <fpage>37</fpage>
               <volume>14</volume>
               <source>Journal of Current Issues and Research in Advertising</source>
               <year>1997</year>
            </mixed-citation>
         </ref>
         <ref id="d18845e1112a1310">
            <mixed-citation id="d18845e1116" publication-type="journal">
— and Kenneth R. Lord (1998), "Product Placement
in Movies: The Effect of Prominence and Mode on Audience
Recall," Journal of Current Issues and Research in Advertis-
ing, 20 (Spring), 47-59.<person-group>
                  <string-name>
                     <surname>Gupta</surname>
                  </string-name>
               </person-group>
               <issue>Spring</issue>
               <fpage>47</fpage>
               <volume>20</volume>
               <source>Journal of Current Issues and Research in Advertising</source>
               <year>1998</year>
            </mixed-citation>
         </ref>
         <ref id="d18845e1157a1310">
            <mixed-citation id="d18845e1161" publication-type="journal">
Hill, Ronald Paul (1994), "A Consumer Perspective on Handgun Control
in the U.S." Advancing the Consumer Interest, 6 (Spring), 10-14.<person-group>
                  <string-name>
                     <surname>Hill</surname>
                  </string-name>
               </person-group>
               <issue>Spring</issue>
               <fpage>10</fpage>
               <volume>6</volume>
               <source>Advancing the Consumer Interest</source>
               <year>1994</year>
            </mixed-citation>
         </ref>
         <ref id="d18845e1196a1310">
            <mixed-citation id="d18845e1200" publication-type="book">
Hofstede, Geert H. (1991), Cultures and Organizations: Software
of the Mind, New York:McGraw-Hill.<person-group>
                  <string-name>
                     <surname>Hofstede</surname>
                  </string-name>
               </person-group>
               <source>Cultures and Organizations: Software of the Mind</source>
               <year>1991</year>
            </mixed-citation>
         </ref>
         <ref id="d18845e1225a1310">
            <mixed-citation id="d18845e1229" publication-type="book">
— (1996), "Images of Europe: Past, Present, and Fu-
ture," in Managing Across Cultures:Issues and Perspectives,
Pat Joynt and Malcolm Warner, eds., London: International
Thomson Business Press, 147-165.<person-group>
                  <string-name>
                     <surname>Hofstede</surname>
                  </string-name>
               </person-group>
               <comment content-type="section">Images of Europe: Past, Present, and Future</comment>
               <fpage>147</fpage>
               <source>Managing Across Cultures:Issues and Perspectives</source>
               <year>1996</year>
            </mixed-citation>
         </ref>
         <ref id="d18845e1268a1310">
            <mixed-citation id="d18845e1272" publication-type="journal">
Jacoby, Jacob and Michael S. Matell (1971), 'Three-Point Likert
Scales Are Good Enough," Journal of Marketing Research, 8
(November), 495-500.<object-id pub-id-type="doi">10.2307/3150242</object-id>
               <fpage>495</fpage>
            </mixed-citation>
         </ref>
         <ref id="d18845e1291a1310">
            <mixed-citation id="d18845e1295" publication-type="book">
Karrh, James A. (1994), "Effects of Brand Placements in Motion
Pictures," in Proceedings of the 1994 Conference of the Ameri-
can Academy of Advertising, Karen Whitehill King, ed., Ath-
ens, GA: American Academy of Advertising, 182-188.<person-group>
                  <string-name>
                     <surname>Karrh</surname>
                  </string-name>
               </person-group>
               <comment content-type="section">Effects of Brand Placements in Motion Pictures</comment>
               <fpage>182</fpage>
               <source>Proceedings of the 1994 Conference of the American Academy of Advertising, Karen Whitehill King</source>
               <year>1994</year>
            </mixed-citation>
         </ref>
         <ref id="d18845e1333a1310">
            <mixed-citation id="d18845e1337" publication-type="journal">
— (1998a), "Brand Placement: A Review," Journal of
Current Issues and Research in Advertising, 20 (Fall), 31-50.<person-group>
                  <string-name>
                     <surname>Karrh</surname>
                  </string-name>
               </person-group>
               <issue>Fall</issue>
               <fpage>31</fpage>
               <volume>20</volume>
               <source>Journal of Current Issues and Research in Advertising</source>
               <year>1998</year>
            </mixed-citation>
         </ref>
         <ref id="d18845e1372a1310">
            <mixed-citation id="d18845e1376" publication-type="book">
(1998b), "Why (Some) Brand Placements are Effec-
tive: Insights from Impression Management Research," in
Proceedings of the 1998 Conference of the American Academy
of Advertising, Darrel D. Muehling, ed., Pullman, WA: Ameri-
can Academy of Advertising, 306.<person-group>
                  <string-name>
                     <surname>Karrh</surname>
                  </string-name>
               </person-group>
               <comment content-type="section">Why (Some) Brand Placements are Effective: Insights from Impression Management Research</comment>
               <fpage>306</fpage>
               <source>Proceedings of the 1998 Conference of the American Academy of Advertising</source>
               <year>1998</year>
            </mixed-citation>
         </ref>
         <ref id="d18845e1417a1310">
            <mixed-citation id="d18845e1421" publication-type="journal">
Kaskutas, Lee Ann (1993), "Changes in Public Attitudes Toward Alco-
hol Control Policies Since the Warning Label Mandate of 1988,"
Journal of Public Policy and Marketing, 12 (Spring), 30-37.<person-group>
                  <string-name>
                     <surname>Kaskutas</surname>
                  </string-name>
               </person-group>
               <issue>Spring</issue>
               <fpage>30</fpage>
               <volume>12</volume>
               <source>Journal of Public Policy and Marketing</source>
               <year>1993</year>
            </mixed-citation>
         </ref>
         <ref id="d18845e1459a1310">
            <mixed-citation id="d18845e1463" publication-type="journal">
Langlois, Catherine C. and Bodo ?. Schlegelmilch (1990), "Do Cor-
porate Codes of Ethics Reflect National Character? Evidence
from Europe and the United States," Journal of International
Business Studies, 21 (First Quarter), 519-539.<object-id pub-id-type="jstor">10.2307/155058</object-id>
               <fpage>519</fpage>
            </mixed-citation>
         </ref>
         <ref id="d18845e1487a1310">
            <mixed-citation id="d18845e1491" publication-type="journal">
Leiser, David, Guje Sevón and Daphna Levy (1990), "Childrens'
Economic Socialization: Summarizing the Cross-Cultural
Comparison of Ten Countries," Journal of Economic Psychol-
ogy, 11 (December), 591-614.<person-group>
                  <string-name>
                     <surname>Leiser</surname>
                  </string-name>
               </person-group>
               <issue>December</issue>
               <fpage>591</fpage>
               <volume>11</volume>
               <source>Journal of Economic Psychology</source>
               <year>1990</year>
            </mixed-citation>
         </ref>
         <ref id="d18845e1532a1310">
            <mixed-citation id="d18845e1536" publication-type="journal">
Mayerhofer, W. (1995), "Einstellung der Oesterreicher zur
Werbung," Werbeforschung &amp; Praxis, 5, 182-183.<person-group>
                  <string-name>
                     <surname>Mayerhofer</surname>
                  </string-name>
               </person-group>
               <fpage>182</fpage>
               <volume>5</volume>
               <source>Werbeforschung &amp; Praxis</source>
               <year>1995</year>
            </mixed-citation>
         </ref>
         <ref id="d18845e1568a1310">
            <mixed-citation id="d18845e1572" publication-type="journal">
McCracken, Grant (1986), "Culture and Consumption: A Theoreti-
cal Account of the Structure and Movement of the Cultural
Meaning of Consumer Goods," Journal of Consumer Research,
13 (June), 71-84.<object-id pub-id-type="jstor">10.2307/2489287</object-id>
               <fpage>71</fpage>
            </mixed-citation>
         </ref>
         <ref id="d18845e1595a1310">
            <mixed-citation id="d18845e1599" publication-type="book">
McKee, Kathy Brittain and Carol J. Pardun (1998), "Product as
Hero: Product Placements as Effective Advertising," in Pro-
ceedings of the 1998 Conference of the American Academy of
Advertising, Darrel D. Muehling, ed., Pullman, WA: Ameri-
can Academy of Advertising, 307.<person-group>
                  <string-name>
                     <surname>McKee</surname>
                  </string-name>
               </person-group>
               <comment content-type="section">Product as Hero: Product Placements as Effective</comment>
               <fpage>307</fpage>
               <source>Proceedings of the 1998 Conference of the American Academy of Advertising</source>
               <year>1998</year>
            </mixed-citation>
         </ref>
         <ref id="d18845e1640a1310">
            <mixed-citation id="d18845e1644" publication-type="book">
Milner, Laura M., Dale Fodness and Joy Morrison (1991), "Women's
Images of Guns: An Exploratory Study," in Gender and Con-
sumer Behavior, Janeen Arnold Costa, ed., Salt Lake City:
University of Utah Printing Press, 199-208.<person-group>
                  <string-name>
                     <surname>Milner</surname>
                  </string-name>
               </person-group>
               <comment content-type="section">Women's Images of Guns: An Exploratory Study</comment>
               <fpage>199</fpage>
               <source>Gender and Consumer Behavior, Janeen Arnold Costa</source>
               <year>1991</year>
            </mixed-citation>
         </ref>
         <ref id="d18845e1682a1310">
            <mixed-citation id="d18845e1686" publication-type="journal">
Moore, David J. and William D. Harris (1996), "Affect Intensity
and the Consumer's Attitude Toward High Impact Emotional
Appeals," Journal of Advertising, 25 (Summer), 37-50.<person-group>
                  <string-name>
                     <surname>Moore</surname>
                  </string-name>
               </person-group>
               <issue>Summer</issue>
               <fpage>37</fpage>
               <volume>25</volume>
               <source>Journal of Advertising</source>
               <year>1996</year>
            </mixed-citation>
         </ref>
         <ref id="d18845e1725a1310">
            <mixed-citation id="d18845e1729" publication-type="journal">
Mundorf, Norbert, Dolf Zilmann and Dan Drew (1991), "Effects of
Disturbing Televised Events on the Acquisition of Informa-
tion from Subsequently Presented Commercials," Journal of
Advertising, 20 (1), 46-53.<person-group>
                  <string-name>
                     <surname>Mundorf</surname>
                  </string-name>
               </person-group>
               <issue>1</issue>
               <fpage>46</fpage>
               <volume>20</volume>
               <source>Journal of Advertising</source>
               <year>1991</year>
            </mixed-citation>
         </ref>
         <ref id="d18845e1770a1310">
            <mixed-citation id="d18845e1774" publication-type="journal">
Nebenzahl, Israel D. and Eugene Secunda (1993), "Consumers'
Attitudes toward Product Placement in Movies," International
Journal of Advertising, 12 (1) 1-11.<person-group>
                  <string-name>
                     <surname>Nebenzahl</surname>
                  </string-name>
               </person-group>
               <issue>1</issue>
               <fpage>1</fpage>
               <volume>12</volume>
               <source>International Journal of Advertising</source>
               <year>1993</year>
            </mixed-citation>
         </ref>
         <ref id="d18845e1812a1310">
            <mixed-citation id="d18845e1816" publication-type="journal">
Ong, Beng Soo and David Meri (1994), "Should Product Placement
in Movies be Banned?" Journal of Promotion Management, 2
(3/4), 159-175.<person-group>
                  <string-name>
                     <surname>Ong</surname>
                  </string-name>
               </person-group>
               <issue>3</issue>
               <fpage>159</fpage>
               <volume>2</volume>
               <source>Journal of Promotion Management</source>
               <year>1994</year>
            </mixed-citation>
         </ref>
         <ref id="d18845e1854a1310">
            <mixed-citation id="d18845e1858" publication-type="journal">
Rawwas, Mohammed Y.A. (1996), "Consumer Ethics: An Empiri-
cal Investigation of the Ethical Beliefs of Austrian Consum-
ers," Journal of Business Ethics, 15 (September), 1009-1019.<person-group>
                  <string-name>
                     <surname>Rawwas</surname>
                  </string-name>
               </person-group>
               <issue>September</issue>
               <fpage>1009</fpage>
               <volume>15</volume>
               <source>Journal of Business Ethics</source>
               <year>1996</year>
            </mixed-citation>
         </ref>
         <ref id="d18845e1896a1310">
            <mixed-citation id="d18845e1900" publication-type="journal">
Rothenberg, Randall (1991), "Critics Seek F.T.C. Action on Prod-
ucts as Movie Stars," New York Times, 140 (May 31), D1.<person-group>
                  <string-name>
                     <surname>Rothenberg</surname>
                  </string-name>
               </person-group>
               <issue>May 31</issue>
               <fpage>D1</fpage>
               <volume>140</volume>
               <source>New York Times</source>
               <year>1991</year>
            </mixed-citation>
         </ref>
         <ref id="d18845e1935a1310">
            <mixed-citation id="d18845e1939" publication-type="book">
Russell, Cristel A. (1998), 'Toward a Framework of Product Place-
ment: Theoretical Propositions," in Advances in Consumer
Research, Vol. 25, Joseph W. Alba and J. Wesley Hutchinson,
eds., Provo, UT: Association for Consumer Research, 357-362.<person-group>
                  <string-name>
                     <surname>Russell</surname>
                  </string-name>
               </person-group>
               <comment content-type="section">Toward a Framework of Product Placement: Theoretical Propositions</comment>
               <fpage>357</fpage>
               <volume>25</volume>
               <source>Advances in Consumer Research</source>
               <year>1998</year>
            </mixed-citation>
         </ref>
         <ref id="d18845e1981a1310">
            <mixed-citation id="d18845e1985" publication-type="journal">
Saimee, Saeed and Nicholas Athanassiou (1998), "International
Strategy Research: Cross-Cultural Methodology Implications,"
Journal of Business Research, 43 (October), 79-96.<person-group>
                  <string-name>
                     <surname>Saimee</surname>
                  </string-name>
               </person-group>
               <issue>October</issue>
               <fpage>79</fpage>
               <volume>43</volume>
               <source>Journal of Business Research</source>
               <year>1998</year>
            </mixed-citation>
         </ref>
         <ref id="d18845e2023a1310">
            <mixed-citation id="d18845e2027" publication-type="book">
Sapolsky, Barry S. and Lance Kinney (1994), "You Oughta Be in
Pictures: Product Placements in the Top-Grossing Films of
1991," in Proceedings of the 1994 Conference of the American
Academy of Advertising, Karen Whitehill King, ed., Athens,
GA: American Academy of Advertising, 89.<person-group>
                  <string-name>
                     <surname>Sapolsky</surname>
                  </string-name>
               </person-group>
               <comment content-type="section">You Oughta Be in Pictures: Product Placements in the Top-Grossing Films of 1991</comment>
               <fpage>89</fpage>
               <source>Proceedings of the 1994 Conference of the American Academy of Advertising</source>
               <year>1994</year>
            </mixed-citation>
         </ref>
         <ref id="d18845e2068a1310">
            <mixed-citation id="d18845e2072" publication-type="journal">
Schlegelmilch, Bodo ?. and Diana C. Robertson (1995), 'The Influ-
ence of Country and Industry on Ethical Perceptions of Senior
Executives in the U.S. and Europe," Journal of International
Business Studies, 26 (Fourth Quarter), 859-881.<object-id pub-id-type="jstor">10.2307/155302</object-id>
               <fpage>859</fpage>
            </mixed-citation>
         </ref>
         <ref id="d18845e2095a1310">
            <mixed-citation id="d18845e2099" publication-type="journal">
Schuster, Camille P. and Michael J. Copeland (1999), "Global Busi-
ness Exchanges-Similarities and Differences Around the
World," Journal of International Marketing, 7(2), 63-80.<person-group>
                  <string-name>
                     <surname>Schuster</surname>
                  </string-name>
               </person-group>
               <issue>2</issue>
               <fpage>63</fpage>
               <volume>7</volume>
               <source>Journal of International Marketing</source>
               <year>1999</year>
            </mixed-citation>
         </ref>
         <ref id="d18845e2137a1310">
            <mixed-citation id="d18845e2141" publication-type="journal">
Seitz, Victoria A. and J. S. (Vic) Johar (1993), "Advertising Prac-
tices for Self-image Projective Products in the New Europe: A
Print Advertising Content Analysis," Journal of Consumer
Marketing, 10 (4), 15-26.<person-group>
                  <string-name>
                     <surname>Seitz</surname>
                  </string-name>
               </person-group>
               <issue>4</issue>
               <fpage>15</fpage>
               <volume>10</volume>
               <source>Journal of Consumer Marketing</source>
               <year>1993</year>
            </mixed-citation>
         </ref>
         <ref id="d18845e2182a1310">
            <mixed-citation id="d18845e2186" publication-type="journal">
Shao, Alan T. and John S. Hill (1994), "Global Television Advertis-
ing Restrictions: The Case of Socially Sensitive Products,"
International Journal of Advertising, 13 (4), 347-366.<person-group>
                  <string-name>
                     <surname>Shao</surname>
                  </string-name>
               </person-group>
               <issue>4</issue>
               <fpage>347</fpage>
               <volume>13</volume>
               <source>International Journal of Advertising</source>
               <year>1994</year>
            </mixed-citation>
         </ref>
         <ref id="d18845e2225a1310">
            <mixed-citation id="d18845e2229" publication-type="journal">
Simpson, Penny M., Gene Brown and Robert E. Widing II (1998),
'The Association of Ethical Judgment of Advertising and Se-
lected Advertising Effectiveness Response Variables," Jour-
nal of Business Ethics, 17 (January II), 125-136.<person-group>
                  <string-name>
                     <surname>Simpson</surname>
                  </string-name>
               </person-group>
               <issue>January II</issue>
               <fpage>125</fpage>
               <volume>17</volume>
               <source>Journal of Business Ethics</source>
               <year>1998</year>
            </mixed-citation>
         </ref>
         <ref id="d18845e2270a1310">
            <mixed-citation id="d18845e2274" publication-type="book">
Tabachnick, Barbara G. and Linda S. Fidell (1983), Using
Univariate Statistics, New York: Harper &amp; Row.<person-group>
                  <string-name>
                     <surname>Tabachnick</surname>
                  </string-name>
               </person-group>
               <source>Using Univariate Statistics</source>
               <year>1983</year>
            </mixed-citation>
         </ref>
         <ref id="d18845e2299a1310">
            <mixed-citation id="d18845e2303" publication-type="book">
Taylor, Charles R., Gordon E. Miracle and Kyu Yeol Chang (1994), 'The
Difficulty of Standardizing International Advertising: Some Propo-
sitions and Evidence from Japanese, Korean, and U.S. Television
Advertising," in Global and Multinational Advertising, Basil G.
Englis, ed., Hillsdale, NJ: Lawrence Erlbaum, 171-191.<person-group>
                  <string-name>
                     <surname>Taylor</surname>
                  </string-name>
               </person-group>
               <comment content-type="section">The Difficulty of Standardizing International Advertising: Some Propositions and Evidence from Japanese, Korean, and U.S. Television Advertising</comment>
               <fpage>171</fpage>
               <source>Global and Multinational Advertising</source>
               <year>1994</year>
            </mixed-citation>
         </ref>
         <ref id="d18845e2344a1310">
            <mixed-citation id="d18845e2348" publication-type="journal">
Taylor, Ronald E., Mariea Grubbs Hoy and Eric Haley (1996),
"How French Advertising Professionals Develop Creative Strat-
egy," Journal of Advertising, 25 (Spring), 1-14.<person-group>
                  <string-name>
                     <surname>Taylor</surname>
                  </string-name>
               </person-group>
               <issue>Spring</issue>
               <fpage>1</fpage>
               <volume>25</volume>
               <source>Journal of Advertising</source>
               <year>1996</year>
            </mixed-citation>
         </ref>
         <ref id="d18845e2386a1310">
            <mixed-citation id="d18845e2390" publication-type="journal">
Tinkham, Spencer F. and Ruth Ann Weaver-Lariscy (1994), "Ethi-
cal Judgments of Political Television Commercials as Predic-
tors of Attitude Toward the Ad," Journal of Advertising, 23
(September), 43-58.<person-group>
                  <string-name>
                     <surname>Tinkham</surname>
                  </string-name>
               </person-group>
               <issue>September</issue>
               <fpage>43</fpage>
               <volume>23</volume>
               <source>Journal of Advertising</source>
               <year>1994</year>
            </mixed-citation>
         </ref>
         <ref id="d18845e2431a1310">
            <mixed-citation id="d18845e2435" publication-type="journal">
van Roosmalen, Erica H. and Susan A. McDaniel (1992), "Adoles-
cent Smoking Intentions: Gender Differences in Peer Con-
text," Adolescence, 27 (Spring), 87-105.<person-group>
                  <string-name>
                     <surname>van Roosmalen</surname>
                  </string-name>
               </person-group>
               <issue>Spring</issue>
               <fpage>87</fpage>
               <volume>27</volume>
               <source>Adolescence</source>
               <year>1992</year>
            </mixed-citation>
         </ref>
         <ref id="d18845e2474a1310">
            <mixed-citation id="d18845e2478" publication-type="journal">
Vitell, Scott J., Saviour L. Nwachukwu and James H. Barnes (1993),
"The Effects of Culture on Ethical Decision-Making: An Ap-
plication of Hofstede's Typology," Journal of Business Ethics,
12 (October), 753-760.<person-group>
                  <string-name>
                     <surname>Vitell</surname>
                  </string-name>
               </person-group>
               <issue>October</issue>
               <fpage>753</fpage>
               <volume>12</volume>
               <source>Journal of Business Ethics</source>
               <year>1993</year>
            </mixed-citation>
         </ref>
         <ref id="d18845e2519a1310">
            <mixed-citation id="d18845e2523" publication-type="book">
Vollmers, Stacy and Richard Mizerski (1994), "A Review and In-
vestigation into the Effectiveness of Product Placements in
Films," in Proceedings of the 1994 Conference of the American
Academy of Advertising, Karen Whitehall King, ed., Athens,
GA: American Academy of Advertising, 97-102.<person-group>
                  <string-name>
                     <surname>Vollmers</surname>
                  </string-name>
               </person-group>
               <comment content-type="section">A Review and Investigation into the Effectiveness of Product Placements in Films</comment>
               <fpage>97</fpage>
               <source>Proceedings of the 1994 Conference of the American Academy of Advertising</source>
               <year>1994</year>
            </mixed-citation>
         </ref>
         <ref id="d18845e2564a1310">
            <mixed-citation id="d18845e2568" publication-type="journal">
Wang, Cheng Lu (1996), 'The Degree of Standardization: A Con-
tingency Framework for Global Marketing Strategy Develop-
ment," Journal of Global Marketing, 10 (1), 89-107.<person-group>
                  <string-name>
                     <surname>Wang</surname>
                  </string-name>
               </person-group>
               <issue>1</issue>
               <fpage>89</fpage>
               <volume>10</volume>
               <source>Journal of Global Marketing</source>
               <year>1996</year>
            </mixed-citation>
         </ref>
         <ref id="d18845e2606a1310">
            <mixed-citation id="d18845e2610" publication-type="journal">
Whitelock, Jeryl and Djamila Chung (1989), "Cross-Cultural Ad-
vertising: An Empirical Study," International Journal of Ad-
vertising, 8 (3), 291-310.<person-group>
                  <string-name>
                     <surname>Whitelock</surname>
                  </string-name>
               </person-group>
               <issue>3</issue>
               <fpage>291</fpage>
               <volume>8</volume>
               <source>International Journal of Advertising</source>
               <year>1989</year>
            </mixed-citation>
         </ref>
         <ref id="d18845e2648a1310">
            <mixed-citation id="d18845e2652" publication-type="journal">
Zandpour, Fred, Cypress Chang and Joëlle Catalano (1992), "Sto-
ries, Symbols, and Straight Talk: A Comparative Analysis of
French, Taiwanese and U.S. TV Commercials," Journal of
Advertising Research, 32, 25-38.<person-group>
                  <string-name>
                     <surname>Zandpour</surname>
                  </string-name>
               </person-group>
               <fpage>25</fpage>
               <volume>32</volume>
               <source>Journal of Advertising Research</source>
               <year>1992</year>
            </mixed-citation>
         </ref>
         <ref id="d18845e2690a1310">
            <mixed-citation id="d18845e2694" publication-type="journal">
Zhang, Yung and Betsy D. Gelb (1996), "Matching Advertising
Appeals to Culture: The Influence of Products' Use Condi-
tion," Journal of Advertising, 25 (Fall), 29-46.<person-group>
                  <string-name>
                     <surname>Zhang</surname>
                  </string-name>
               </person-group>
               <issue>Fall</issue>
               <fpage>29</fpage>
               <volume>25</volume>
               <source>Journal of Advertising</source>
               <year>1996</year>
            </mixed-citation>
         </ref>
      </ref-list>
   </back>
</article>
