<article xmlns:xsi="http://www.w3.org/2001/XMLSchema-instance"
         xmlns:xlink="http://www.w3.org/1999/xlink"
         xmlns:mml="http://www.w3.org/1998/Math/MathML"
         dtd-version="1.0"
         article-type="research-article">
   <front>
      <journal-meta>
         <journal-id journal-id-type="jstor">jadve</journal-id>
         <journal-id journal-id-type="jstor">jadve</journal-id>
         <journal-id journal-id-type="jstor">j101355</journal-id>
         <journal-title-group>
            <journal-title>Journal of Advertising</journal-title>
         </journal-title-group>
         <publisher>
            <publisher-name>Board of Directors, American Academy of Advertising</publisher-name>
         </publisher>
         <issn pub-type="ppub">00913367</issn>
         <issn pub-type="epub">15577805</issn>
      </journal-meta>
      <article-meta>
         <article-id pub-id-type="jstor">4189169</article-id>
         <title-group>
            <article-title>Effective Consumer Protection or Benign Neglect? A Model of Television Infomercial Clearance</article-title>
         </title-group>
         <contrib-group>
            <contrib contrib-type="author">
               <string-name>Jan LeBlanc Wicks</string-name>
            </contrib>
            <contrib contrib-type="author">
               <string-name>Avery M. Abernethy</string-name>
            </contrib>
         </contrib-group>
         <pub-date>
            <day>1</day>
            <month>4</month>
            <year>2001</year>
         </pub-date>
         <volume>30</volume>
         <issue>1</issue>
         <issue-id>i394111</issue-id>
         <fpage>41</fpage>
         <lpage>54</lpage>
         <page-range>41-54</page-range>
         <permissions>
            <copyright-statement>Copyright 2001 American Academy of Advertising</copyright-statement>
         </permissions>
         <self-uri xlink:href="http://www.jstor.org/stable/4189169"/>
         <abstract>
            <p>Although infomercials are becoming a much more common type of television advertising with gross sales of products exceeding one billion dollars in 1996, there have been no studies examining the interactive influences of different station policies, market environments and management beliefs on infomercial clearance decisions. A national survey of television stations with responses from over 350 stations was used to build and assess a model of infomercial clearance decision making. Results suggest there is great variation in the infomercial review process and clearance outcomes between stations. Some stations routinely accept ads that could harm consumers. Thus, policy recommendations based on these results are made.</p>
         </abstract>
         <custom-meta-group>
            <custom-meta>
               <meta-name>lang</meta-name>
               <meta-value>eng</meta-value>
            </custom-meta>
         </custom-meta-group>
      </article-meta>
   </front>
   <back>
      <ref-list>
         <title>References</title>
         <ref id="d12038e142a1310">
            <mixed-citation id="d12038e146" publication-type="journal">
Abernethy, Avery (1993), &amp;quot;Advertising Clearance Practices of Ra-
dio Stations: A Model of Advertising Self-Regulation,&amp;quot; Jour-
nal of Advertising, 22 (September), 15-26.<person-group>
                  <string-name>
                     <surname>Abernethy</surname>
                  </string-name>
               </person-group>
               <issue>September</issue>
               <fpage>15</fpage>
               <volume>22</volume>
               <source>Journal of Advertising</source>
               <year>1993</year>
            </mixed-citation>
         </ref>
         <ref id="d12038e184a1310">
            <mixed-citation id="d12038e188" publication-type="journal">
- and George Franke (1996), &amp;quot;The Information Con-
tent of Advertising: A Meta-Analysis,&amp;quot; Journal of Advertis-
ing, 25 (Summer), 1-17.<person-group>
                  <string-name>
                     <surname>Abernethy</surname>
                  </string-name>
               </person-group>
               <issue>Summer</issue>
               <fpage>1</fpage>
               <volume>25</volume>
               <source>Journal of Advertising</source>
               <year>1996</year>
            </mixed-citation>
         </ref>
         <ref id="d12038e226a1310">
            <mixed-citation id="d12038e230" publication-type="journal">
Arlen, Gary (1997), &amp;quot;DRTV: Beyond the Fringe!&amp;quot; Marketing Tools,
(October), 36.<person-group>
                  <string-name>
                     <surname>Arlen</surname>
                  </string-name>
               </person-group>
               <issue>October</issue>
               <fpage>36</fpage>
               <source>Marketing Tools</source>
               <year>1997</year>
            </mixed-citation>
         </ref>
         <ref id="d12038e262a1310">
            <mixed-citation id="d12038e266" publication-type="journal">
Armstrong, J. Scott and Terry S. Overton (1977), &amp;quot;Estimating
Nonresponse Bias in Mail Surveys,&amp;quot; Journal of Marketing
Research, 14 (August), 396-402.<object-id pub-id-type="doi">10.2307/3150783</object-id>
               <fpage>396</fpage>
            </mixed-citation>
         </ref>
         <ref id="d12038e286a1310">
            <mixed-citation id="d12038e290" publication-type="journal">
Bentley, Rick (1999), &amp;quot;Channel 59 Hit Hard from Loss of
Infomercials,&amp;quot; Fresno Bee, (May 6), Fashion, Style &amp;amp; Living: 1.<person-group>
                  <string-name>
                     <surname>Bentley</surname>
                  </string-name>
               </person-group>
               <issue>May 6</issue>
               <fpage>1</fpage>
               <source>Fresno Bee</source>
               <year>1999</year>
            </mixed-citation>
         </ref>
         <ref id="d12038e322a1310">
            <mixed-citation id="d12038e326" publication-type="journal">
Blake, Kevin (1996), &amp;quot;What&amp;apos;s Wrong With Infomercials?&amp;quot; Consum-
ers&amp;apos; Research Magazine, 79 (April), 10.<person-group>
                  <string-name>
                     <surname>Blake</surname>
                  </string-name>
               </person-group>
               <issue>April</issue>
               <fpage>10</fpage>
               <volume>79</volume>
               <source>Consumers&amp;apos; Research Magazine</source>
               <year>1996</year>
            </mixed-citation>
         </ref>
         <ref id="d12038e361a1310">
            <mixed-citation id="d12038e365" publication-type="journal">
Blau, Peter (1970), &amp;quot;A Formal Theory of Differentiation in Organi-
zations,&amp;quot; American Sociological Review, 35, 201-18.<object-id pub-id-type="doi">10.2307/2093199</object-id>
               <fpage>201</fpage>
            </mixed-citation>
         </ref>
         <ref id="d12038e381a1310">
            <mixed-citation id="d12038e385" publication-type="book">
- (1974), On the Nature of Organizations, New York:
John Wiley &amp;amp; Sons.<person-group>
                  <string-name>
                     <surname>Blau</surname>
                  </string-name>
               </person-group>
               <source>On the Nature of Organizations</source>
               <year>1974</year>
            </mixed-citation>
         </ref>
         <ref id="d12038e410a1310">
            <mixed-citation id="d12038e414" publication-type="book">
Broadcasting &amp;amp; Cable Yearbook (1996), New Providence, NJ:
Bowker.<source>Broadcasting &amp;amp; Cable Yearbook</source>
               <year>1996</year>
            </mixed-citation>
         </ref>
         <ref id="d12038e430a1310">
            <mixed-citation id="d12038e434" publication-type="journal">
Catanese, Sam (1999), &amp;quot;IMS Top 100 Infomercials of 1999,&amp;quot; Re-
sponse, (December), 34.<person-group>
                  <string-name>
                     <surname>Catanese</surname>
                  </string-name>
               </person-group>
               <issue>December</issue>
               <fpage>34</fpage>
               <source>Response</source>
               <year>1999</year>
            </mixed-citation>
         </ref>
         <ref id="d12038e467a1310">
            <mixed-citation id="d12038e471" publication-type="other">
Consumer Protection and Infomercial Advertising (1990), &amp;quot;Joint
Hearing of Small Business Subcommittee on Export, Tax Policy
and Special Problems and Small Business Subcommittee on
Regulation, Business Opportunities and Energy, House of
Representatives,&amp;quot; Washington, DC: U.S. Government Print-
ing Office.</mixed-citation>
         </ref>
         <ref id="d12038e494a1310">
            <mixed-citation id="d12038e498" publication-type="journal">
Cutler, Barry (1997), &amp;quot;Beware the Pitfalls of Unsubstantiated
Claims,&amp;quot; DM News, (March 17), 15.<person-group>
                  <string-name>
                     <surname>Cutler</surname>
                  </string-name>
               </person-group>
               <issue>March 17</issue>
               <fpage>15</fpage>
               <source>DM News</source>
               <year>1997</year>
            </mixed-citation>
         </ref>
         <ref id="d12038e530a1310">
            <mixed-citation id="d12038e534" publication-type="book">
Dillman, Don (1978), Mail and Telephone Surveys, New York: John
Wiley &amp;amp; Sons.<person-group>
                  <string-name>
                     <surname>Dillman</surname>
                  </string-name>
               </person-group>
               <source>Mail and Telephone Surveys</source>
               <year>1978</year>
            </mixed-citation>
         </ref>
         <ref id="d12038e559a1310">
            <mixed-citation id="d12038e563" publication-type="book">
DMA Statistical Fact Book 1998(1998), New York: Direct Market-
ing Association.<source>DMA Statistical Fact Book 1998</source>
               <year>1998</year>
            </mixed-citation>
         </ref>
         <ref id="d12038e579a1310">
            <mixed-citation id="d12038e583" publication-type="book">
Dominick, Joseph, Barry Sherman and Gary Copeland (1996), Broad-
casting/Cable and Beyond, 3d ed., New York: McGraw-Hill.<person-group>
                  <string-name>
                     <surname>Dominick</surname>
                  </string-name>
               </person-group>
               <edition>3</edition>
               <source>Broadcasting/Cable and Beyond</source>
               <year>1996</year>
            </mixed-citation>
         </ref>
         <ref id="d12038e612a1310">
            <mixed-citation id="d12038e616" publication-type="journal">
Donthu, Naveen and David Gilliland (1996), &amp;quot;Observations: The
Infomercial Shopper,&amp;quot; Journal of Advertising Research, 36
(March/April), 69-76.<person-group>
                  <string-name>
                     <surname>Donthu</surname>
                  </string-name>
               </person-group>
               <issue>March</issue>
               <fpage>69</fpage>
               <volume>36</volume>
               <source>Journal of Advertising Research</source>
               <year>1996</year>
            </mixed-citation>
         </ref>
         <ref id="d12038e655a1310">
            <mixed-citation id="d12038e659" publication-type="journal">
Dretzka, Gary (1999), &amp;apos;The Infomercial: Little Prestige, But, Oh, The
Money,&amp;quot; The Chicago Tribune, (March 3), Tempo Section: 1.<person-group>
                  <string-name>
                     <surname>Dretzka</surname>
                  </string-name>
               </person-group>
               <issue>March 3</issue>
               <fpage>1</fpage>
               <source>The Chicago Tribune</source>
               <year>1999</year>
            </mixed-citation>
         </ref>
         <ref id="d12038e691a1310">
            <mixed-citation id="d12038e695" publication-type="book">
Dubin, Robert (1958), The World of Work, Englewood Cliffs, NJ:
Prentice Hall.<person-group>
                  <string-name>
                     <surname>Dubin</surname>
                  </string-name>
               </person-group>
               <source>The World of Work</source>
               <year>1958</year>
            </mixed-citation>
         </ref>
         <ref id="d12038e720a1310">
            <mixed-citation id="d12038e724" publication-type="other">
Elimination of Unnecessary Broadcast Regulation (1985), 50 Fed.
Reg. 5583.</mixed-citation>
         </ref>
         <ref id="d12038e734a1310">
            <mixed-citation id="d12038e738" publication-type="journal">
Elliott, Michael and Pamela Lockard (1996), &amp;quot;An Analysis of the
Information Content in Infomercial Programs,&amp;quot; Journal of
Direct Marketing, 10 (Spring), 44-55.<person-group>
                  <string-name>
                     <surname>Elliott</surname>
                  </string-name>
               </person-group>
               <issue>Spring</issue>
               <fpage>44</fpage>
               <volume>10</volume>
               <source>Journal of Direct Marketing</source>
               <year>1996</year>
            </mixed-citation>
         </ref>
         <ref id="d12038e776a1310">
            <mixed-citation id="d12038e780" publication-type="journal">
Enforma Natural Products (2000). FTC v. Enforma Natural Prod-
ucts, Andrew Grey and Fred Zinos (April 25), http://
www.ftc.gov/os/2000/04/enformacmp.htm<person-group>
                  <string-name>
                     <surname>Enforma Natural Products</surname>
                  </string-name>
               </person-group>
               <issue>April 25</issue>
               <source>FTC v. Enforma Natural Products, Andrew Grey and Fred Zinos</source>
               <year>2000</year>
            </mixed-citation>
            <mixed-citation id="d12038e811" publication-type="other">
&amp;quot;Market-
ers of &amp;apos;The Enforma System&amp;apos; Settle FTC Charges of Deceptive
Advertising for the Weight Loss Products,&amp;quot; FTC News Re-
lease, http://www.ftc.gov/opa/2000/04/enforma.htm</mixed-citation>
         </ref>
         <ref id="d12038e827a1310">
            <mixed-citation id="d12038e831" publication-type="journal">
Finney, Daniel (1999), &amp;quot;WOI-TV Signals Possible Sale—Infomer-
cial Play Instead of ABC Programming Can Boost Profit Line,&amp;quot;
Des Moines Register (January 29), Business: 1.<person-group>
                  <string-name>
                     <surname>Finney</surname>
                  </string-name>
               </person-group>
               <issue>January 29</issue>
               <fpage>1</fpage>
               <source>Des Moines Register</source>
               <year>1999</year>
            </mixed-citation>
         </ref>
         <ref id="d12038e867a1310">
            <mixed-citation id="d12038e871" publication-type="other">
FTC Infomercial Cases (May 2000), Federal Trade Commission
Infomercial Cases Table (revised May 2000) outlining the
name, defendants, complaint allegations and outcomes of all
infomercial cases prosecuted by the FTC up to May of 2000.
Internal FTC document.</mixed-citation>
         </ref>
         <ref id="d12038e890a1310">
            <mixed-citation id="d12038e894" publication-type="other">
FTC&amp;apos;s Pitofsky Plans to Hold Steady on National Advertising Enforce-
ment Program (1996), Federal Trade Commission on-line news
release (March 14,1996), http://www.ftc.gov/opa/9603/amer.htm</mixed-citation>
         </ref>
         <ref id="d12038e907a1310">
            <mixed-citation id="d12038e911" publication-type="journal">
Hawthorne, Timothy (1998), &amp;quot;When &amp;amp; Why to Consider
Infomercials,&amp;quot; Target Marketing, 21 (2), 52.<person-group>
                  <string-name>
                     <surname>Hawthorne</surname>
                  </string-name>
               </person-group>
               <issue>2</issue>
               <fpage>52</fpage>
               <volume>21</volume>
               <source>Target Marketing</source>
               <year>1998</year>
            </mixed-citation>
         </ref>
         <ref id="d12038e946a1310">
            <mixed-citation id="d12038e950" publication-type="book">
Hayes, Rader and Herbert Rotfeld (1988), &amp;quot;The Perils of Infomercials
and Cable Network Clearance,&amp;quot; in Proceedings of the 34th
Annual Conference of the American Council on Consumer In-
terests, V.L. Hampton, ed., Columbia, MO: American Council
on Consumer Interests, 206-212.<person-group>
                  <string-name>
                     <surname>Hayes</surname>
                  </string-name>
               </person-group>
               <comment content-type="section">The Perils of Infomercials and Cable Network Clearance</comment>
               <fpage>206</fpage>
               <source>Proceedings of the 34th Annual Conference of the American Council on Consumer Interests</source>
               <year>1988</year>
            </mixed-citation>
         </ref>
         <ref id="d12038e991a1310">
            <mixed-citation id="d12038e995" publication-type="journal">
- (1989), &amp;quot;Infomercials and Cable Network Program-
ming,&amp;quot; Advancing the Consumer Interest, 1, 17-22.<person-group>
                  <string-name>
                     <surname>Hayes</surname>
                  </string-name>
               </person-group>
               <fpage>17</fpage>
               <volume>1</volume>
               <source>Advancing the Consumer Interest</source>
               <year>1989</year>
            </mixed-citation>
         </ref>
         <ref id="d12038e1027a1310">
            <mixed-citation id="d12038e1031" publication-type="other">
Infomercials: Marketing Government Small Business Loan and Grant
Programs for Profit (1989), Hearing Before the Subcommittee on
Exports, Tax Policy &amp;amp; Special Problems of the Committee on Small
Business, House of Representatives, 101st Congress, 1st Session,
Washington, DC: U.S. Government Printing Office.</mixed-citation>
         </ref>
         <ref id="d12038e1051a1310">
            <mixed-citation id="d12038e1055" publication-type="journal">
Lockard, Meredith (1997), &amp;quot;Selling on the Television,&amp;quot; Target Marketing-
, 20 (December), 54.<person-group>
                  <string-name>
                     <surname>Lockard</surname>
                  </string-name>
               </person-group>
               <issue>December</issue>
               <fpage>54</fpage>
               <volume>20</volume>
               <source>Target Marketing</source>
               <year>1997</year>
            </mixed-citation>
         </ref>
         <ref id="d12038e1090a1310">
            <mixed-citation id="d12038e1094" publication-type="journal">
Mermigas, Diane (1999), &amp;quot;Affiliates Face Big Trouble Ahead,&amp;quot; Elec-
tronic Media, (May 31), Finance: 21.<person-group>
                  <string-name>
                     <surname>Mermigas</surname>
                  </string-name>
               </person-group>
               <issue>May 31</issue>
               <fpage>21</fpage>
               <source>Electronic Media</source>
               <year>1999</year>
            </mixed-citation>
         </ref>
         <ref id="d12038e1126a1310">
            <mixed-citation id="d12038e1130" publication-type="journal">
Myers, Elissa M. (1999), &amp;quot;Self-Regulation Key to ?-Retail Legiti-
macy,&amp;quot; Brandweek, 40 (April 19), 40, 42.<person-group>
                  <string-name>
                     <surname>Myers</surname>
                  </string-name>
               </person-group>
               <issue>April 19</issue>
               <fpage>40</fpage>
               <volume>40</volume>
               <source>Brandweek</source>
               <year>1999</year>
            </mixed-citation>
         </ref>
         <ref id="d12038e1165a1310">
            <mixed-citation id="d12038e1169" publication-type="book">
NAB Television Code (1981), Broadcasting Cable Yearbook 1981,
Washington, DC: Broadcasting Publications Inc., D-15-D-20.<person-group>
                  <string-name>
                     <surname>NAB Television Code</surname>
                  </string-name>
               </person-group>
               <fpage>D-15</fpage>
               <source>Broadcasting Cable Yearbook 1981</source>
               <year>1981</year>
            </mixed-citation>
         </ref>
         <ref id="d12038e1198a1310">
            <mixed-citation id="d12038e1202" publication-type="other">
National Media Corporation (1993), 58 Fed. Reg. 41095.</mixed-citation>
         </ref>
         <ref id="d12038e1209a1310">
            <mixed-citation id="d12038e1213" publication-type="other">
NBC Broadcast Standards &amp;amp; Practices Department—Advertising
Standards, Procedures, Policies and Guidelines (1996), New
York: National Broadcasting Company.</mixed-citation>
         </ref>
         <ref id="d12038e1227a1310">
            <mixed-citation id="d12038e1231" publication-type="journal">
Parsons, Patrick and Herbert Rotfeld (1990), &amp;quot;Infomercials and
Television Station Clearance Practices,&amp;quot; Journal of Public
Policy &amp;amp; Marketing, 9, 62-72.<person-group>
                  <string-name>
                     <surname>Parsons</surname>
                  </string-name>
               </person-group>
               <fpage>62</fpage>
               <volume>9</volume>
               <source>Journal of Public Policy &amp;amp; Marketing</source>
               <year>1990</year>
            </mixed-citation>
         </ref>
         <ref id="d12038e1266a1310">
            <mixed-citation id="d12038e1270" publication-type="journal">
Parvin, E. (1999), &amp;quot;Holiday Shopping Gives 4Q Media Billings a
Boost,&amp;quot; Response, (April), 12-14.<person-group>
                  <string-name>
                     <surname>Parvin</surname>
                  </string-name>
               </person-group>
               <issue>April</issue>
               <fpage>12</fpage>
               <source>Response</source>
               <year>1999</year>
            </mixed-citation>
         </ref>
         <ref id="d12038e1302a1310">
            <mixed-citation id="d12038e1306" publication-type="other">
Program-Length Commercials (1973), 39 FCC 2d 1062.</mixed-citation>
         </ref>
         <ref id="d12038e1313a1310">
            <mixed-citation id="d12038e1317" publication-type="journal">
Resnik, Alan and Bruce Stern (1977), &amp;quot;An Analysis of Information
Content in Television Advertising,&amp;quot; Journal of Marketing, 41
(1), 50-53.<object-id pub-id-type="doi">10.2307/1250490</object-id>
               <fpage>50</fpage>
            </mixed-citation>
         </ref>
         <ref id="d12038e1336a1310">
            <mixed-citation id="d12038e1340" publication-type="other">
Revision of Programming and Commercialization Policies, Ascer-
tainment Requirements and Program Log Requirements for
Commercial Television Stations (1984), 98 FCC 2d 1076.</mixed-citation>
         </ref>
         <ref id="d12038e1353a1310">
            <mixed-citation id="d12038e1357" publication-type="book">
Rotfeld, Herbert, Avery Abernethy and Daniel Butler (1990), &amp;quot;Ac-
ceptance of Products for Television,&amp;quot; in Proceedings of the
American Council on Consumer Interests, M. Carsky, ed., West
Hartford, CT: University of Hartford, 299-304.<person-group>
                  <string-name>
                     <surname>Rotfeld</surname>
                  </string-name>
               </person-group>
               <comment content-type="section">Acceptance of Products for Television</comment>
               <fpage>299</fpage>
               <source>Proceedings of the American Council on Consumer Interests</source>
               <year>1990</year>
            </mixed-citation>
         </ref>
         <ref id="d12038e1396a1310">
            <mixed-citation id="d12038e1400" publication-type="journal">
- f-and p. Parsons (1990), &amp;quot;Self-Regulation
and Television Advertising,&amp;quot; Journal of Advertising, 19 (4), 18-26.<person-group>
                  <string-name>
                     <surname>Rotfeld</surname>
                  </string-name>
               </person-group>
               <issue>4</issue>
               <fpage>18</fpage>
               <volume>19</volume>
               <source>Journal of Advertising</source>
               <year>1990</year>
            </mixed-citation>
         </ref>
         <ref id="d12038e1435a1310">
            <mixed-citation id="d12038e1439" publication-type="book">
Rushing, William (1980), &amp;quot;Organization Size, Rules and Surveil-
lance,&amp;quot; in Organizations: Structure and Behavior, 3d ed., J.A.
Litterer, ed., New York: John Wiley &amp;amp; Sons, 396-99, 404.<person-group>
                  <string-name>
                     <surname>Rushing</surname>
                  </string-name>
               </person-group>
               <edition>3</edition>
               <comment content-type="section">Organization Size, Rules and Surveillance</comment>
               <fpage>396</fpage>
               <source>Organizations: Structure and Behavior</source>
               <year>1980</year>
            </mixed-citation>
         </ref>
         <ref id="d12038e1477a1310">
            <mixed-citation id="d12038e1481" publication-type="other">
Screening Advertisements: A Guide for the Media (1998), http://
www.ftc.gov/bcp/conline/pubs/buspubs/adscreen.htm.</mixed-citation>
         </ref>
         <ref id="d12038e1491a1310">
            <mixed-citation id="d12038e1495" publication-type="other">
Twin Star Productions (1990), 55 Fed. Reg. 45656.</mixed-citation>
         </ref>
         <ref id="d12038e1502a1310">
            <mixed-citation id="d12038e1506" publication-type="other">
United States v. National Association of Broadcasters (1982), 536
F.Supp. 149 (D.C. Cir.).</mixed-citation>
         </ref>
         <ref id="d12038e1516a1310">
            <mixed-citation id="d12038e1520" publication-type="journal">
Wicks, Jan LeBlanc (1991a), &amp;quot;An Exploratory Study of Television
Advertising Practices: Do Profitability and Organization Size
Affect Clearance Formality?&amp;quot; Journal of Advertising, 20 (Sep-
tember), 57-68.<person-group>
                  <string-name>
                     <surname>Wicks</surname>
                  </string-name>
               </person-group>
               <issue>September</issue>
               <fpage>57</fpage>
               <volume>20</volume>
               <source>Journal of Advertising</source>
               <year>1991</year>
            </mixed-citation>
         </ref>
         <ref id="d12038e1562a1310">
            <mixed-citation id="d12038e1566" publication-type="journal">
- (1991b), &amp;quot;Varying Commercialization and Clutter
Levels to Enhance Television Airtime Attractiveness in Early
Fringe,&amp;quot; Journal of Media Economics, 4 (Summer), 3-18.<person-group>
                  <string-name>
                     <surname>Wicks</surname>
                  </string-name>
               </person-group>
               <issue>Summer</issue>
               <fpage>3</fpage>
               <volume>4</volume>
               <source>Journal of Media Economics</source>
               <year>1991</year>
            </mixed-citation>
         </ref>
         <ref id="d12038e1604a1310">
            <mixed-citation id="d12038e1608" publication-type="book">
(1993), &amp;quot;Do Managerial Factors Contribute to Viewer
Complaints About Infomercials?&amp;apos; in The Proceedings of the 1993
Conference of the American Academy of Advertising, E. Thorson,
ed., Columbia, MO: University of Missouri-Columbia, 93-102<person-group>
                  <string-name>
                     <surname>Wicks</surname>
                  </string-name>
               </person-group>
               <comment content-type="section">Do Managerial Factors Contribute to Viewer Complaints About Infomercials?</comment>
               <fpage>93</fpage>
               <source>The Proceedings of the 1993 Conference of the American Academy of Advertising</source>
               <year>1993</year>
            </mixed-citation>
         </ref>
         <ref id="d12038e1646a1310">
            <mixed-citation id="d12038e1650" publication-type="journal">
(1994), &amp;quot;Does Infomercial Clearance Vary by Mana-
gerial, Organizational and Market Factors?&amp;quot; Journal of Broad-
casting &amp;amp; Electronic Media, 38 (Spring), 229-239.<person-group>
                  <string-name>
                     <surname>Wicks</surname>
                  </string-name>
               </person-group>
               <issue>Spring</issue>
               <fpage>229</fpage>
               <volume>38</volume>
               <source>Journal of Broadcasting &amp;amp; Electronic Media</source>
               <year>1994</year>
            </mixed-citation>
         </ref>
         <ref id="d12038e1688a1310">
            <mixed-citation id="d12038e1692" publication-type="journal">
(1997), &amp;quot;Which Factors Primarily Influence the Num-
ber of Infomercial Hours a Commercial Television Station
Airs?&amp;quot; Journal of Media Economics, 10 (1), 29-38.<person-group>
                  <string-name>
                     <surname>Wicks</surname>
                  </string-name>
               </person-group>
               <issue>1</issue>
               <fpage>29</fpage>
               <volume>10</volume>
               <source>Journal of Media Economics</source>
               <year>1997</year>
            </mixed-citation>
         </ref>
      </ref-list>
   </back>
</article>
