<article xmlns:xsi="http://www.w3.org/2001/XMLSchema-instance"
         xmlns:xlink="http://www.w3.org/1999/xlink"
         xmlns:mml="http://www.w3.org/1998/Math/MathML"
         dtd-version="1.0"
         article-type="research-article">
   <front>
      <journal-meta>
         <journal-id journal-id-type="jstor">jadve</journal-id>
         <journal-id journal-id-type="jstor">jadve</journal-id>
         <journal-id journal-id-type="jstor">j101355</journal-id>
         <journal-title-group>
            <journal-title>Journal of Advertising</journal-title>
         </journal-title-group>
         <publisher>
            <publisher-name>Board of Directors, American Academy of Advertising</publisher-name>
         </publisher>
         <issn pub-type="ppub">00913367</issn>
         <issn pub-type="epub">15577805</issn>
      </journal-meta>
      <article-meta>
         <article-id pub-id-type="jstor">4189035</article-id>
         <title-group>
            <article-title>Thinking into It: Consumer Interpretation of Complex Advertising Images</article-title>
         </title-group>
         <contrib-group>
            <contrib contrib-type="author">
               <string-name>Barbara J. Phillips</string-name>
            </contrib>
         </contrib-group>
         <pub-date>
            <day>1</day>
            <month>7</month>
            <year>1997</year>
         </pub-date>
         <volume>26</volume>
         <issue>2</issue>
         <issue-id>i394096</issue-id>
         <fpage>77</fpage>
         <lpage>87</lpage>
         <page-range>77-87</page-range>
         <permissions>
            <copyright-statement>Copyright 1997 American Academy of Advertising</copyright-statement>
         </permissions>
         <self-uri xlink:href="http://www.jstor.org/stable/4189035"/>
         <abstract>
            <p>The qualitative study reported is based on a new conceptualization that characterizes complex advertising images as figures of rhetoric from which consumers infer advertising messages. Informants interpreted the meanings of six ads containing pictorial metaphors. The interpretations indicated that shared strong implicatures as well as multiple weak implicatures were drawn from images in the ads. In general, consumers' interpretations matched the intentions of the ads' producers. Informant responses also suggested that consumers use cultural, product, and advertising knowledge to infer meaning from advertising images.</p>
         </abstract>
         <custom-meta-group>
            <custom-meta>
               <meta-name>lang</meta-name>
               <meta-value>eng</meta-value>
            </custom-meta>
         </custom-meta-group>
      </article-meta>
   </front>
   <back>
      <ref-list>
         <title>References</title>
         <ref id="d3874e173a1310">
            <mixed-citation id="d3874e177" publication-type="book">
Black, Max (1979), "More about Metaphor," in Metaphor and
Thought, Andrew Ortony, ed., Cambridge, UK: Cambridge
University Press, 19-34.<person-group>
                  <string-name>
                     <surname>Black</surname>
                  </string-name>
               </person-group>
               <comment content-type="section">More about Metaphor</comment>
               <fpage>19</fpage>
               <source>Metaphor and Thought</source>
               <year>1979</year>
            </mixed-citation>
         </ref>
         <ref id="d3874e212a1310">
            <mixed-citation id="d3874e216" publication-type="book">
Dyer, Gillian (1982), Advertising as Communication, New York:
Routledge.<person-group>
                  <string-name>
                     <surname>Dyer</surname>
                  </string-name>
               </person-group>
               <source>Advertising as Communication</source>
               <year>1982</year>
            </mixed-citation>
         </ref>
         <ref id="d3874e241a1310">
            <mixed-citation id="d3874e245" publication-type="other">
Forceville, Charles (1994), "Pictorial Metaphor in Advertising,"
doctoral dissertation, Vrije University of Amsterdam, Nether-
lands.</mixed-citation>
         </ref>
         <ref id="d3874e258a1310">
            <mixed-citation id="d3874e262" publication-type="journal">
—(1995), "IBM is a Tuning Fork: Degrees of Freedom
in the Interpretation of Pictorial Metaphors," Poetics, 23,189-
218.<person-group>
                  <string-name>
                     <surname>Forceville</surname>
                  </string-name>
               </person-group>
               <fpage>189</fpage>
               <volume>23</volume>
               <source>Poetics</source>
               <year>1995</year>
            </mixed-citation>
         </ref>
         <ref id="d3874e298a1310">
            <mixed-citation id="d3874e302" publication-type="journal">
Friestad, Marian and Peter Wright (1994), "The Persuasion Knowl-
edge Model: How People Cope With Persuasion Attempts,"
Journal of Consumer Research, 21 (June), 1-31.<object-id pub-id-type="jstor">10.2307/2489738</object-id>
               <fpage>1</fpage>
            </mixed-citation>
         </ref>
         <ref id="d3874e321a1310">
            <mixed-citation id="d3874e325" publication-type="journal">
Houston, Michael J., Terry L. Childers, and Susan E. Heckler
(1987), "Picture-Word Consistency and the Elaborative Pro-
cessing of Advertisements," Journal of Marketing Research,
24 (November), 359-369.<object-id pub-id-type="doi">10.2307/3151383</object-id>
               <fpage>359</fpage>
            </mixed-citation>
         </ref>
         <ref id="d3874e348a1310">
            <mixed-citation id="d3874e352" publication-type="journal">
Kardes, Frank R. (1988), "Spontaneous Inference Processing in
Advertising: The Effects of Conclusion Omission and Involve-
ment on Persuasion," Journal of Consumer Research, 15 (Sep-
tember), 225-233.<object-id pub-id-type="jstor">10.2307/2489527</object-id>
               <fpage>225</fpage>
            </mixed-citation>
         </ref>
         <ref id="d3874e375a1310">
            <mixed-citation id="d3874e379" publication-type="book">
— (1993), "Consumer Inference: Determinants, Con-
sequences, and Implications for Advertising," in Advertising
Exposure, Memory, and Choice, Andrew A. Mitchell, ed.,
Hillsdale, NJ: Lawrence Erlbaum Associates, 163-191.<person-group>
                  <string-name>
                     <surname>Kardes</surname>
                  </string-name>
               </person-group>
               <comment content-type="section">Consumer Inference: Determinants, Consequences, and Implications for Advertising</comment>
               <fpage>163</fpage>
               <source>Advertising Exposure, Memory, and Choice</source>
               <year>1993</year>
            </mixed-citation>
         </ref>
         <ref id="d3874e417a1310">
            <mixed-citation id="d3874e421" publication-type="journal">
Kover, Arthur J. (1995), "Copywriters' Implicit Theories of Com-
munication: An Exploration," Journal of Consumer Research,
21 (March), 596-611.<object-id pub-id-type="jstor">10.2307/2489718</object-id>
               <fpage>596</fpage>
            </mixed-citation>
         </ref>
         <ref id="d3874e440a1310">
            <mixed-citation id="d3874e444" publication-type="journal">
McCracken, Grant (1986), "Culture and Consumption: A Theoreti-
cal Account of the Structure and Movement of the Cultural
Meaning of Consumer Goods," Journal of Consumer Research,
13 (June), 71-84.<object-id pub-id-type="jstor">10.2307/2489287</object-id>
               <fpage>71</fpage>
            </mixed-citation>
         </ref>
         <ref id="d3874e468a1310">
            <mixed-citation id="d3874e472" publication-type="journal">
McQuarrie, Edward F. and David Glen Mick (1992), "On Reso-
nance: A Critical Pluralistic Inquiry into Advertising Rheto-
ric," Journal of Consumer Research, 19 (September), 180-197.<object-id pub-id-type="jstor">10.2307/2489327</object-id>
               <fpage>180</fpage>
            </mixed-citation>
         </ref>
         <ref id="d3874e491a1310">
            <mixed-citation id="d3874e495" publication-type="journal">
-and- (1996), "Figures of Rhetoric in Ad-
vertising Language," Journal of Consumer Research, 22
(March), 424-438.<object-id pub-id-type="jstor">10.2307/2489791</object-id>
               <fpage>424</fpage>
            </mixed-citation>
         </ref>
         <ref id="d3874e514a1310">
            <mixed-citation id="d3874e518" publication-type="journal">
Mick, David Glen and Claus Buhl (1992), "A Meaning-based Model
of Advertising Experiences," Journal of Consumer Research,
19 (December), 317-338.<object-id pub-id-type="jstor">10.2307/2489392</object-id>
               <fpage>317</fpage>
            </mixed-citation>
         </ref>
         <ref id="d3874e537a1310">
            <mixed-citation id="d3874e541" publication-type="book">
— and Laura G. Politi (1989), "Consumers' Interpre-
tations of Advertising Imagery: A Visit to the Hell of Connota-
tion," in Interpretive Consumer Research, Elizabeth
Hirschman, ed., Provo, UT: Association for Consumer Re-
search, 85-96.<person-group>
                  <string-name>
                     <surname>Mick</surname>
                  </string-name>
               </person-group>
               <comment content-type="section">Consumers' Interpretations of Advertising Imagery: A Visit to the Hell of Connotation</comment>
               <fpage>85</fpage>
               <source>Interpretive Consumer Research</source>
               <year>1989</year>
            </mixed-citation>
         </ref>
         <ref id="d3874e582a1310">
            <mixed-citation id="d3874e586" publication-type="book">
Ong, Walter J. (1982), Orality and Literacy: The Technologizing of
the Word, New York: Methuen &amp; Co.<person-group>
                  <string-name>
                     <surname>Ong</surname>
                  </string-name>
               </person-group>
               <source>Orality and Literacy: The Technologizing of the Word</source>
               <year>1982</year>
            </mixed-citation>
         </ref>
         <ref id="d3874e611a1310">
            <mixed-citation id="d3874e615" publication-type="book">
Phillips, Barbara J. (1996), "The Role of Trade Characters in Form-
ing Product Perceptions," in Proceeding of the 1996 Confer-
ence of the American Academy of Advertising, Gary B. Wilcox,
ed., Austin, TX: The University of Texas at Austin, 171-178.<person-group>
                  <string-name>
                     <surname>Phillips</surname>
                  </string-name>
               </person-group>
               <comment content-type="section">The Role of Trade Characters in Forming Product Perceptions</comment>
               <fpage>171</fpage>
               <source>Proceeding of the 1996 Conference of the American Academy of Advertising</source>
               <year>1996</year>
            </mixed-citation>
         </ref>
         <ref id="d3874e654a1310">
            <mixed-citation id="d3874e658" publication-type="book">
Pieters, Rik G. M., Edward Rosbergen, and Michel Hartog (1996),
"Visual attention to advertising: The impact of motivation
and repetition," Advances in Consumer Research, Vol. 23,
Kim P. Corfman and John Lynch, eds., Provo, UT: Association
for Consumer Research, 242-248.<person-group>
                  <string-name>
                     <surname>Pieters</surname>
                  </string-name>
               </person-group>
               <comment content-type="section">Visual attention to advertising: The impact of motivation and repetition</comment>
               <fpage>242</fpage>
               <volume>23</volume>
               <source>Advances in Consumer Research</source>
               <year>1996</year>
            </mixed-citation>
         </ref>
         <ref id="d3874e702a1310">
            <mixed-citation id="d3874e706" publication-type="book">
Salomon, Gavriel (1979), Interaction of Media, Cognition, and Learn-
ing: An Exploration of How Symbolic Forms Cultivate Mental
Skills and Affect Knowledge Acquisition, San Francisco: Jossey-
Bass Publishers.<person-group>
                  <string-name>
                     <surname>Salomon</surname>
                  </string-name>
               </person-group>
               <source>Interaction of Media, Cognition, and Learning: An Exploration of How Symbolic Forms Cultivate Mental Skills and Affect Knowledge Acquisition</source>
               <year>1979</year>
            </mixed-citation>
         </ref>
         <ref id="d3874e738a1310">
            <mixed-citation id="d3874e742" publication-type="journal">
Scott, Linda M. (1993), "Spectacular Vernacular: Literacy and Com-
mercial Culture in the Postmodern Age," International Jour-
nal of Research in Marketing, 10 (3), 251-275.<person-group>
                  <string-name>
                     <surname>Scott</surname>
                  </string-name>
               </person-group>
               <issue>3</issue>
               <fpage>251</fpage>
               <volume>10</volume>
               <source>International Journal of Research in Marketing</source>
               <year>1993</year>
            </mixed-citation>
         </ref>
         <ref id="d3874e780a1310">
            <mixed-citation id="d3874e784" publication-type="journal">
- (1994a), "Image in Advertising: The Need for a
Theory of Visual Rhetoric," Journal of Consumer Research, 21
(September), 252-273.<object-id pub-id-type="jstor">10.2307/2489819</object-id>
               <fpage>252</fpage>
            </mixed-citation>
         </ref>
         <ref id="d3874e803a1310">
            <mixed-citation id="d3874e807" publication-type="journal">
(1994b), "The Bridge from Text to Mind: Adapting
Reader-Response Theory to Consumer Research," Journal of
Consumer Research, 21 (December), 461-480.<object-id pub-id-type="jstor">10.2307/2489686</object-id>
               <fpage>461</fpage>
            </mixed-citation>
         </ref>
         <ref id="d3874e826a1310">
            <mixed-citation id="d3874e830" publication-type="book">
Sperber, Dan and Deirdre Wilson (1986), Relevance: Communica-
tion and Cognition, Oxford, UK: Blackwell.<person-group>
                  <string-name>
                     <surname>Sperber</surname>
                  </string-name>
               </person-group>
               <source>Relevance: Communication and Cognition</source>
               <year>1986</year>
            </mixed-citation>
         </ref>
         <ref id="d3874e856a1310">
            <mixed-citation id="d3874e860" publication-type="book">
Stern, Barbara ?. (1990), "Beauty and Joy in Metaphorical Adver-
tising: The Poetic Dimension," in Advances in Consumer Re-
search, Vol. 17, Marvin E. Goldberg, Gerald Gorn, and Rich-
ard W. Pollay, eds., Provo, UT: Association for Consumer
Research, 71-77.<person-group>
                  <string-name>
                     <surname>Stern</surname>
                  </string-name>
               </person-group>
               <comment content-type="section">Beauty and Joy in Metaphorical Advertising: The Poetic Dimension</comment>
               <fpage>71</fpage>
               <volume>17</volume>
               <source>Advances in Consumer Research</source>
               <year>1990</year>
            </mixed-citation>
         </ref>
         <ref id="d3874e904a1310">
            <mixed-citation id="d3874e908" publication-type="book">
Strauss, Anselm and Juliet Corbin (1990), Basics of Qualitative
Research: Grounded Theory Procedures and Techniques,
Newbury Park, CA: Sage Publications.<person-group>
                  <string-name>
                     <surname>Strauss</surname>
                  </string-name>
               </person-group>
               <source>Basics of Qualitative Research: Grounded Theory Procedures and Techniques</source>
               <year>1990</year>
            </mixed-citation>
         </ref>
         <ref id="d3874e937a1310">
            <mixed-citation id="d3874e941" publication-type="book">
Tanaka, Keiko (1994), Advertising Language: A Pragmatic Ap-
proach to Advertisements in Britain and Japan, London:
Routledge.<person-group>
                  <string-name>
                     <surname>Tanaka</surname>
                  </string-name>
               </person-group>
               <source>Advertising Language: A Pragmatic Approach to Advertisements in Britain and Japan</source>
               <year>1994</year>
            </mixed-citation>
         </ref>
         <ref id="d3874e970a1310">
            <mixed-citation id="d3874e974" publication-type="book">
Thorson, Ester (1990), "Consumer Processing of Advertising," in
Current Issues and Research in Advertising, Janis H. Leigh
and Claude Martin, Jr., eds., Ann Arbor, MI: University of
Michigan School of Business, 197-230.<person-group>
                  <string-name>
                     <surname>Thorson</surname>
                  </string-name>
               </person-group>
               <comment content-type="section">Consumer Processing of Advertising</comment>
               <fpage>197</fpage>
               <source>Current Issues and Research in Advertising</source>
               <year>1990</year>
            </mixed-citation>
         </ref>
         <ref id="d3874e1012a1310">
            <mixed-citation id="d3874e1016" publication-type="book">
Ward, James and William Gaidis (1990), "Metaphor in Promo-
tional Communication: A Review of Research on Metaphor
Comprehension and Quality," Advances in Consumer Research,
Vol. 17, Marvin E. Goldberg, Gerald Gorn, and Richard W.
Pollay, eds., Provo, UT: Association for Consumer Research,
636-642.<person-group>
                  <string-name>
                     <surname>Ward</surname>
                  </string-name>
               </person-group>
               <comment content-type="section">Metaphor in Promotional Communication: A Review of Research on Metaphor Comprehension and Quality</comment>
               <fpage>636</fpage>
               <volume>17</volume>
               <source>Advances in Consumer Research</source>
               <year>1990</year>
            </mixed-citation>
         </ref>
      </ref-list>
   </back>
</article>
