<article xmlns:xsi="http://www.w3.org/2001/XMLSchema-instance"
         xmlns:xlink="http://www.w3.org/1999/xlink"
         xmlns:mml="http://www.w3.org/1998/Math/MathML"
         dtd-version="1.0"
         article-type="research-article">
   <front>
      <journal-meta>
         <journal-id journal-id-type="jstor">jadve</journal-id>
         <journal-id journal-id-type="jstor">jadve</journal-id>
         <journal-id journal-id-type="jstor">j101355</journal-id>
         <journal-title-group>
            <journal-title>Journal of Advertising</journal-title>
         </journal-title-group>
         <publisher>
            <publisher-name>Board of Directors, American Academy of Advertising</publisher-name>
         </publisher>
         <issn pub-type="ppub">00913367</issn>
         <issn pub-type="epub">15577805</issn>
      </journal-meta>
      <article-meta>
         <article-id pub-id-type="jstor">4189097</article-id>
         <title-group>
            <article-title>I Can't Believe It's Not Bakhtin!: Literary Theory, Postmodern Advertising, and the Gender Agenda</article-title>
         </title-group>
         <contrib-group>
            <contrib contrib-type="author">
               <string-name>
                  <given-names>Stephen</given-names>
                  <surname>Brown</surname>
               </string-name>
            </contrib>
            <contrib contrib-type="author">
               <string-name>Lorna Stevens</string-name>
            </contrib>
            <contrib contrib-type="author">
               <string-name>
                  <given-names>Pauline</given-names>
                  <surname>Maclaran</surname>
               </string-name>
            </contrib>
         </contrib-group>
         <pub-date>
            <day>1</day>
            <month>4</month>
            <year>1999</year>
         </pub-date>
         <volume>28</volume>
         <issue>1</issue>
         <issue-id>i394103</issue-id>
         <fpage>11</fpage>
         <lpage>24</lpage>
         <page-range>11-24</page-range>
         <permissions>
            <copyright-statement>Copyright 1999 American Academy of Advertising</copyright-statement>
         </permissions>
         <self-uri xlink:href="http://www.jstor.org/stable/4189097"/>
         <abstract>
            <p> Taking the literary theories of Mikhail Bakhtin as a starting point, the authors offer three gendered readings of a postmodern advertisement for Moët &amp; Chandon champagne. They commence with a discussion of the influence of gender on textual interpretation; continue with an outline of Bakhtin's key concepts, with particular reference to gender; present three contrasting readings of Moët's postmodern advertisement; and conclude with a discussion of their interpretations together with some reflexive reflections on the gender agenda. Though not claiming to offer a comprehensive introduction to Bakhtin, they do try to exemplify, in a quasicarnivalesque mode of exposition, something of the character of that supremely gifted thinker and to demonstrate the insights his concepts provide in relation to gendered readings of advertising texts. </p>
         </abstract>
         <custom-meta-group>
            <custom-meta>
               <meta-name>lang</meta-name>
               <meta-value>eng</meta-value>
            </custom-meta>
         </custom-meta-group>
      </article-meta>
   </front>
   <back>
      <ref-list>
         <title>References</title>
         <ref id="d39475e166a1310">
            <mixed-citation id="d39475e170" publication-type="book">
Ashley, Kathleen, Leigh Gilmore, and Gerald Peters (1994), Auto-
biography and Postmodernism, Amherst: University of Mas-
sachusetts Press.<person-group>
                  <string-name>
                     <surname>Ashley</surname>
                  </string-name>
               </person-group>
               <source>Autobiography and Postmodernism</source>
               <year>1994</year>
            </mixed-citation>
         </ref>
         <ref id="d39475e199a1310">
            <mixed-citation id="d39475e203" publication-type="book">
Bakhtin, Mikhail (1981a [1937-8]), "Forms of Time and Chronotope
in the Novel," in The Dialogic Imagination: Four Essays,
Mikhail Bakhtin, trans. Caryl Emerson and Michael Holquist,
Austin: University of Texas Press, 84-258.<person-group>
                  <string-name>
                     <surname>Bakhtin</surname>
                  </string-name>
               </person-group>
               <comment content-type="section">Forms of Time and Chronotope in the Novel</comment>
               <fpage>84</fpage>
               <source>The Dialogic Imagination: Four Essays</source>
               <year>1981</year>
            </mixed-citation>
         </ref>
         <ref id="d39475e241a1310">
            <mixed-citation id="d39475e245" publication-type="book">
— (1981b [1934-5]), "Discourse in the Novel," in The
Dialogic Imagination: Four Essays, Mikhail Bakhtin, trans.
Caryl Emerson and Michael Holquist, Austin: University of
Texas Press, 259-422.<person-group>
                  <string-name>
                     <surname>Bakhtin</surname>
                  </string-name>
               </person-group>
               <comment content-type="section">Discourse in the Novel</comment>
               <fpage>259</fpage>
               <source>The Dialogic Imagination: Four Essays</source>
               <year>1981</year>
            </mixed-citation>
         </ref>
         <ref id="d39475e283a1310">
            <mixed-citation id="d39475e287" publication-type="book">
(1984 [1965]),Rabelais and His World, trans. Helene
Iswolsky, Bloomington: Indiana University Press.<person-group>
                  <string-name>
                     <surname>Bakhtin</surname>
                  </string-name>
               </person-group>
               <source>Rabelais and His World</source>
               <year>1984</year>
            </mixed-citation>
         </ref>
         <ref id="d39475e313a1310">
            <mixed-citation id="d39475e317" publication-type="book">
Bauer, Dale (1993), "Gender in Bakhtin's Carnival/' in Feminisms:
An Anthology of Literary Theory and Criticism, Robyn R.
Warhol and Diane Price Herndl, eds., New Brunswick, NJ:
Rutgers University Press, 671-684.<person-group>
                  <string-name>
                     <surname>Bauer</surname>
                  </string-name>
               </person-group>
               <comment content-type="section">Gender in Bakhtin's Carnival</comment>
               <fpage>671</fpage>
               <source>Feminisms: An Anthology of Literary Theory and Criticism</source>
               <year>1993</year>
            </mixed-citation>
         </ref>
         <ref id="d39475e355a1310">
            <mixed-citation id="d39475e359" publication-type="book">
Belk, Russell W. (1994), "Carnival, Control and Corporate Culture
in Contemporary Halloween Celebrations," in Halloween and
Other Festivals of Death and Life, Jack Santino ed., Knox-
ville: University of Tennessee Press, 105-132.<person-group>
                  <string-name>
                     <surname>Belk</surname>
                  </string-name>
               </person-group>
               <comment content-type="section">Carnival, Control and Corporate Culture in Contemporary Halloween Celebrations</comment>
               <fpage>105</fpage>
               <source>Halloween and Other Festivals of Death and Life</source>
               <year>1994</year>
            </mixed-citation>
         </ref>
         <ref id="d39475e397a1310">
            <mixed-citation id="d39475e401" publication-type="book">
Bleich, David (1988), "Gender Interests in Reading and Language,"
in Gender and Reading; Essays on Readers, Texts, and Con-
texts, Elizabeth A. Flynn and Patrocinio P. Schweickart, eds.,
Baltimore: Johns Hopkins University Press, 234-266.<person-group>
                  <string-name>
                     <surname>Bleich</surname>
                  </string-name>
               </person-group>
               <comment content-type="section">Gender Interests in Reading and Language</comment>
               <fpage>234</fpage>
               <source>Gender and Reading; Essays on Readers, Texts, and Contexts</source>
               <year>1988</year>
            </mixed-citation>
         </ref>
         <ref id="d39475e439a1310">
            <mixed-citation id="d39475e443" publication-type="book">
Bloom, Harold (1975), A Map of Misreading, New York: Oxford
University Press.<person-group>
                  <string-name>
                     <surname>Bloom</surname>
                  </string-name>
               </person-group>
               <source>A Map of Misreading</source>
               <year>1975</year>
            </mixed-citation>
         </ref>
         <ref id="d39475e468a1310">
            <mixed-citation id="d39475e472" publication-type="journal">
Brandist, Craig (1996), "The Official and the Popular in Gramsci
and Bakhtin," Theory, Culture and Society, 13 (2), 59-74.<person-group>
                  <string-name>
                     <surname>Brandist</surname>
                  </string-name>
               </person-group>
               <issue>2</issue>
               <fpage>59</fpage>
               <volume>13</volume>
               <source>Theory, Culture and Society</source>
               <year>1996</year>
            </mixed-citation>
         </ref>
         <ref id="d39475e507a1310">
            <mixed-citation id="d39475e511" publication-type="book">
Bristol, Michael D. (1989), Carnival and Theater, New York: Routledge.<person-group>
                  <string-name>
                     <surname>Bristol</surname>
                  </string-name>
               </person-group>
               <source>Carnival and Theater</source>
               <year>1989</year>
            </mixed-citation>
         </ref>
         <ref id="d39475e534a1310">
            <mixed-citation id="d39475e538" publication-type="book">
Brown, Stephen (1995), Postmodern Marketing, London: Routledge.<person-group>
                  <string-name>
                     <surname>Brown</surname>
                  </string-name>
               </person-group>
               <source>Postmodern Marketing</source>
               <year>1995</year>
            </mixed-citation>
         </ref>
         <ref id="d39475e560a1310">
            <mixed-citation id="d39475e564" publication-type="book">
— (1997), Postmodern Marketing Two: Telling Tales,
London: ITBP.<person-group>
                  <string-name>
                     <surname>Brown</surname>
                  </string-name>
               </person-group>
               <source>Postmodern Marketing Two: Telling Tales</source>
               <year>1997</year>
            </mixed-citation>
         </ref>
         <ref id="d39475e589a1310">
            <mixed-citation id="d39475e593" publication-type="book">
(1998), "Literary Theory, Autobiographical Criti-
cism and Subjective Personal Introspection," in Advances in
Consumer Research, Vol. 25, Joseph W. Alba and J. Wesley
Hutchinson, eds., Provo, UT: Association for Consumer Re-
search, 25-30.<person-group>
                  <string-name>
                     <surname>Brown</surname>
                  </string-name>
               </person-group>
               <comment content-type="section">Literary Theory, Autobiographical Criticism and Subjective Personal Introspection</comment>
               <fpage>25</fpage>
               <volume>25</volume>
               <source>Advances in Consumer Research</source>
               <year>1998</year>
            </mixed-citation>
         </ref>
         <ref id="d39475e637a1310">
            <mixed-citation id="d39475e641" publication-type="book">
Budge, Belinda (1988), "Joan Collins and the Wilder Side of Women:
Exploring Pleasure and Representation," in The Female Gaze:
Women as Viewers of Popular Culture, Lorraine Gammon and
Margaret Marshment, eds., London: The Women's Press, 102-111.<person-group>
                  <string-name>
                     <surname>Budge</surname>
                  </string-name>
               </person-group>
               <comment content-type="section">Joan Collins and the Wilder Side of Women: Exploring Pleasure and Representation</comment>
               <fpage>102</fpage>
               <source>The Female Gaze: Women as Viewers of Popular Culture</source>
               <year>1988</year>
            </mixed-citation>
         </ref>
         <ref id="d39475e679a1310">
            <mixed-citation id="d39475e683" publication-type="book">
Clark, Katerina and Michael Holquist (1984), Mikhail Bakhtin,
Cambridge, MA: Belknap.<person-group>
                  <string-name>
                     <surname>Clark</surname>
                  </string-name>
               </person-group>
               <source>Mikhail Bakhtin</source>
               <year>1984</year>
            </mixed-citation>
         </ref>
         <ref id="d39475e708a1310">
            <mixed-citation id="d39475e712" publication-type="book">
Cook, Guy (1992), The Discourse of Advertising, London: Routledge.<person-group>
                  <string-name>
                     <surname>Cook</surname>
                  </string-name>
               </person-group>
               <source>The Discourse of Advertising</source>
               <year>1992</year>
            </mixed-citation>
         </ref>
         <ref id="d39475e735a1310">
            <mixed-citation id="d39475e739" publication-type="book">
Costa, Janeen Arnold, ed. (1994), Gender Issues and Consumer
Behavior, Thousand Oaks, CA: Sage.<person-group>
                  <string-name>
                     <surname>Costa</surname>
                  </string-name>
               </person-group>
               <source>Gender Issues and Consumer Behavior</source>
               <year>1994</year>
            </mixed-citation>
         </ref>
         <ref id="d39475e764a1310">
            <mixed-citation id="d39475e768" publication-type="book">
Dentith, Simon (1995), Bakhtinian Thought: An Introductory
Reader, London: Routledge.<person-group>
                  <string-name>
                     <surname>Dentith</surname>
                  </string-name>
               </person-group>
               <source>Bakhtinian Thought: An Introductory Reader</source>
               <year>1995</year>
            </mixed-citation>
         </ref>
         <ref id="d39475e793a1310">
            <mixed-citation id="d39475e797" publication-type="book">
Denzin, Norman K. (1997), Interpretive Ethnography: Ethnographic
Practices for the 21st Century, Thousand Oaks, CA: Sage.<person-group>
                  <string-name>
                     <surname>Denzin</surname>
                  </string-name>
               </person-group>
               <source>Interpretive Ethnography: Ethnographic Practices for the 21st Century</source>
               <year>1997</year>
            </mixed-citation>
         </ref>
         <ref id="d39475e822a1310">
            <mixed-citation id="d39475e826" publication-type="book">
Derrida, Jacques (1978), Writing and Difference, trans. Alan Bass,
Chicago: University of Chicago Press.<person-group>
                  <string-name>
                     <surname>Derrida</surname>
                  </string-name>
               </person-group>
               <source>Writing and Difference</source>
               <year>1978</year>
            </mixed-citation>
         </ref>
         <ref id="d39475e851a1310">
            <mixed-citation id="d39475e855" publication-type="book">
Docker, John (1994), Postmodernism and Popular Culture: A Cul-
tural History, Cambridge: Cambridge University Press.<person-group>
                  <string-name>
                     <surname>Docker</surname>
                  </string-name>
               </person-group>
               <source>Postmodernism and Popular Culture: A Cultural History</source>
               <year>1994</year>
            </mixed-citation>
         </ref>
         <ref id="d39475e880a1310">
            <mixed-citation id="d39475e884" publication-type="book">
Dowling, Linda (1986), Language and Decadence in the Victorian
Fin de Siècle, Princeton, NJ: Princeton University Press.<person-group>
                  <string-name>
                     <surname>Dowling</surname>
                  </string-name>
               </person-group>
               <source>Language and Decadence in the Victorian Fin de Siècle</source>
               <year>1986</year>
            </mixed-citation>
         </ref>
         <ref id="d39475e910a1310">
            <mixed-citation id="d39475e914" publication-type="book">
Duncan, Alastair (1994), Art Nouveau, London: Thames and Hudson.<person-group>
                  <string-name>
                     <surname>Duncan</surname>
                  </string-name>
               </person-group>
               <source>Art Nouveau</source>
               <year>1994</year>
            </mixed-citation>
         </ref>
         <ref id="d39475e936a1310">
            <mixed-citation id="d39475e940" publication-type="book">
Eagleton, Mary, ed. (1996), Feminist Literary Theory: A Reader,
Oxford: Blackwell.<person-group>
                  <string-name>
                     <surname>Eagleton</surname>
                  </string-name>
               </person-group>
               <source>Feminist Literary Theory: A Reader</source>
               <year>1996</year>
            </mixed-citation>
         </ref>
         <ref id="d39475e965a1310">
            <mixed-citation id="d39475e969" publication-type="book">
Eagleton, Terry (1991), Ideology: An Introduction, London: Verso.<person-group>
                  <string-name>
                     <surname>Eagleton</surname>
                  </string-name>
               </person-group>
               <source>Ideology: An Introduction</source>
               <year>1991</year>
            </mixed-citation>
         </ref>
         <ref id="d39475e991a1310">
            <mixed-citation id="d39475e995" publication-type="book">
— (1994), Ideology, London: Longman.<person-group>
                  <string-name>
                     <surname>Eagleton</surname>
                  </string-name>
               </person-group>
               <source>Ideology</source>
               <year>1994</year>
            </mixed-citation>
         </ref>
         <ref id="d39475e1017a1310">
            <mixed-citation id="d39475e1021" publication-type="book">
— (1995), "The Flight to the Real," in Cultural Politics
at the Fin de Siècle, Sally Ledger and Scott McCracken, eds.,
Cambridge: Cambridge University Press, 11-21.<person-group>
                  <string-name>
                     <surname>Eagleton</surname>
                  </string-name>
               </person-group>
               <comment content-type="section">The Flight to the Real</comment>
               <fpage>11</fpage>
               <source>Cultural Politics at the Fin de Siècle</source>
               <year>1995</year>
            </mixed-citation>
         </ref>
         <ref id="d39475e1056a1310">
            <mixed-citation id="d39475e1060" publication-type="book">
Elliott, Richard and Mark Ritson (1997), "Post-structuralism and
the Dialectics of Advertising: Discourse, Ideology, Resistance,"
in Consumer Research: Postcards from the Edge, Stephen
Brown and Darach Turley, eds., London: Routledge, 190-219.<person-group>
                  <string-name>
                     <surname>Elliott</surname>
                  </string-name>
               </person-group>
               <comment content-type="section">Post-structuralism and the Dialectics of Advertising: Discourse, Ideology, Resistance</comment>
               <fpage>190</fpage>
               <source>Consumer Research: Postcards from the Edge</source>
               <year>1997</year>
            </mixed-citation>
         </ref>
         <ref id="d39475e1099a1310">
            <mixed-citation id="d39475e1103" publication-type="book">
Ellridge, Arthur (1992), Mucha: The Triumph of Art Nouveau,
Paris: Terrail.<person-group>
                  <string-name>
                     <surname>Ellridge</surname>
                  </string-name>
               </person-group>
               <source>Mucha: The Triumph of Art Nouveau</source>
               <year>1992</year>
            </mixed-citation>
         </ref>
         <ref id="d39475e1128a1310">
            <mixed-citation id="d39475e1132" publication-type="book">
Emerson, Caryl (1997), The First Hundred Years of Mikhail
Bakhtin, Princeton, NJ: Princeton University Press.<person-group>
                  <string-name>
                     <surname>Emerson</surname>
                  </string-name>
               </person-group>
               <source>The First Hundred Years of Mikhail Bakhtin</source>
               <year>1997</year>
            </mixed-citation>
         </ref>
         <ref id="d39475e1157a1310">
            <mixed-citation id="d39475e1161" publication-type="book">
Estés, Clarissa Pinkola (1993), Women Who Run With the Wolves:
Contacting the Power of the Wild Woman, London: Rider.<person-group>
                  <string-name>
                     <surname>Estés</surname>
                  </string-name>
               </person-group>
               <source>Women Who Run With the Wolves: Contacting the Power of the Wild Woman</source>
               <year>1993</year>
            </mixed-citation>
         </ref>
         <ref id="d39475e1186a1310">
            <mixed-citation id="d39475e1190" publication-type="book">
Flax, Jane (1990), Thinking Fragments: Psychoanalysis, Femi-
nism, Postmodernism in the Contemporary West, Berkeley:
University of California Press.<person-group>
                  <string-name>
                     <surname>Flax</surname>
                  </string-name>
               </person-group>
               <source>Thinking Fragments: Psychoanalysis, Feminism, Postmodernism in the Contemporary West</source>
               <year>1990</year>
            </mixed-citation>
         </ref>
         <ref id="d39475e1219a1310">
            <mixed-citation id="d39475e1223" publication-type="book">
Featherstone, Mike (1991), Postmodernism and Consumer Cul-
ture, London: Sage.<person-group>
                  <string-name>
                     <surname>Featherstone</surname>
                  </string-name>
               </person-group>
               <source>Postmodernism and Consumer Culture</source>
               <year>1991</year>
            </mixed-citation>
         </ref>
         <ref id="d39475e1248a1310">
            <mixed-citation id="d39475e1252" publication-type="book">
Flynn, Elizabeth A. (1986), "Gender and Reading," in Gender and
Reading: Essays on Readers, Texts, and Contexts, Elizabeth
A. Flynn and Patrocinio P. Schweickart, eds., Baltimore: The
John Hopkins University Press, 267-288.<person-group>
                  <string-name>
                     <surname>Flynn</surname>
                  </string-name>
               </person-group>
               <comment content-type="section">Gender and Reading</comment>
               <fpage>267</fpage>
               <source>Gender and Reading: Essays on Readers, Texts, and Contexts</source>
               <year>1986</year>
            </mixed-citation>
         </ref>
         <ref id="d39475e1291a1310">
            <mixed-citation id="d39475e1295" publication-type="book">
Foucault, Michel (1979 [1976]), The History of Sexuality Volume 1: An
Introduction, trans. Robert Hurley, Harmondsworth: Penguin.<person-group>
                  <string-name>
                     <surname>Foucault</surname>
                  </string-name>
               </person-group>
               <source>The History of Sexuality Volume 1: An Introduction</source>
               <year>1979</year>
            </mixed-citation>
         </ref>
         <ref id="d39475e1320a1310">
            <mixed-citation id="d39475e1324" publication-type="book">
Gardiner, Michael (1992a), The Dialogics of Critique: Mikhail
Bakhtin and the Theory of Ideology, London: Routledge.<person-group>
                  <string-name>
                     <surname>Gardiner</surname>
                  </string-name>
               </person-group>
               <source>The Dialogics of Critique: Mikhail Bakhtin and the Theory of Ideology</source>
               <year>1992</year>
            </mixed-citation>
         </ref>
         <ref id="d39475e1349a1310">
            <mixed-citation id="d39475e1353" publication-type="journal">
— (1992b), "Bakhtin's Carnival: Utopia as Critique,"
Utopian Studies, 3 (2), 21-50.<person-group>
                  <string-name>
                     <surname>Gardiner</surname>
                  </string-name>
               </person-group>
               <issue>2</issue>
               <fpage>21</fpage>
               <volume>3</volume>
               <source>Utopian Studies</source>
               <year>1992</year>
            </mixed-citation>
         </ref>
         <ref id="d39475e1388a1310">
            <mixed-citation id="d39475e1392" publication-type="book">
Gatens, Moira (1991), Feminism and Philosophy: Perspectives on
Difference and Equality, Cambridge: Polity Press.<person-group>
                  <string-name>
                     <surname>Gatens</surname>
                  </string-name>
               </person-group>
               <source>Feminism and Philosophy: Perspectives on Difference and Equality</source>
               <year>1991</year>
            </mixed-citation>
         </ref>
         <ref id="d39475e1417a1310">
            <mixed-citation id="d39475e1421" publication-type="book">
Gilbert, Sandra M. (1996), "Rider Haggard's Heart of Darkness,"
in Reading Fin de Siècle Fictions, Lyn Pykett, ed., Harlow:
Longman, 39-46.<person-group>
                  <string-name>
                     <surname>Gilbert</surname>
                  </string-name>
               </person-group>
               <comment content-type="section">Rider Haggard's Heart of Darkness</comment>
               <fpage>39</fpage>
               <source>Reading Fin de Siècle Fictions</source>
               <year>1996</year>
            </mixed-citation>
         </ref>
         <ref id="d39475e1456a1310">
            <mixed-citation id="d39475e1460" publication-type="book">
Ginsburg, Ruth (1991), The Pregnant Text. Bakhtin's UR-
chronotope: The Womb," in Bakhtin, Carnival and Other
Subjects, David Shepherd, ed., Amsterdam: Rodopi, 165-176.<person-group>
                  <string-name>
                     <surname>Ginsburg</surname>
                  </string-name>
               </person-group>
               <comment content-type="section">The Pregnant Text. Bakhtin's UR-chronotope: The Womb</comment>
               <fpage>165</fpage>
               <source>Bakhtin, Carnival and Other Subjects</source>
               <year>1991</year>
            </mixed-citation>
         </ref>
         <ref id="d39475e1496a1310">
            <mixed-citation id="d39475e1500" publication-type="book">
Goddard, Angela (1998), The Language of Advertising: Written
Texts, London: Routledge.<person-group>
                  <string-name>
                     <surname>Goddard</surname>
                  </string-name>
               </person-group>
               <source>The Language of Advertising: Written Texts</source>
               <year>1998</year>
            </mixed-citation>
         </ref>
         <ref id="d39475e1525a1310">
            <mixed-citation id="d39475e1529" publication-type="book">
Goldman, Robert and Stephen Papeon (1994), "The Postmodernism
that Failed," mPostmodernism and Social Theory, David R. Dickens
and Andrea Fontana, eds, London: UCL Press, 224-253.<person-group>
                  <string-name>
                     <surname>Goldman</surname>
                  </string-name>
               </person-group>
               <comment content-type="section">The Postmodernism that Failed</comment>
               <fpage>224</fpage>
               <source>Postmodernism and Social Theory</source>
               <year>1994</year>
            </mixed-citation>
         </ref>
         <ref id="d39475e1564a1310">
            <mixed-citation id="d39475e1568" publication-type="book">
Gross, Elizabeth (1994), "What Is Feminist Theory?" in Knowing
Women: Feminist Knowledge, Helen Crowley and Susan
Himmelweit, eds., Cambridge: Polity Press, 355-369.<person-group>
                  <string-name>
                     <surname>Gross</surname>
                  </string-name>
               </person-group>
               <comment content-type="section">What Is Feminist Theory?</comment>
               <fpage>355</fpage>
               <source>Knowing Women: Feminist Knowledge</source>
               <year>1994</year>
            </mixed-citation>
         </ref>
         <ref id="d39475e1603a1310">
            <mixed-citation id="d39475e1607" publication-type="book">
Harding, Sandra (1994), "The Instability of the Analytical Catego-
ries of Feminist Theory," in Knowing Women: Feminist Knowl-
edge, Helen Crowley and Susan Himmelweit, eds., Cambridge:
Polity Press, 338-354.<person-group>
                  <string-name>
                     <surname>Harding</surname>
                  </string-name>
               </person-group>
               <comment content-type="section">The Instability of the Analytical Categories of Feminist Theory</comment>
               <fpage>338</fpage>
               <source>Knowing Women: Feminist Knowledge</source>
               <year>1994</year>
            </mixed-citation>
         </ref>
         <ref id="d39475e1645a1310">
            <mixed-citation id="d39475e1649" publication-type="book">
Hirsch, Eric D. (1976), The Aims of Interpretation, Chicago: Uni-
versity of Chicago Press.<person-group>
                  <string-name>
                     <surname>Hirsch</surname>
                  </string-name>
               </person-group>
               <source>The Aims of Interpretation</source>
               <year>1976</year>
            </mixed-citation>
         </ref>
         <ref id="d39475e1674a1310">
            <mixed-citation id="d39475e1678" publication-type="book">
Hirschkop, Ken (1989), "Introduction: Bakhtin and Cultural Theory," in
Bakhtin and Cultural Theory, Ken Hirschkop and David Shep-
herd, eds., Manchester Manchester University Press, 1-38.<person-group>
                  <string-name>
                     <surname>Hirschkop</surname>
                  </string-name>
               </person-group>
               <comment content-type="section">Introduction: Bakhtin and Cultural Theory</comment>
               <fpage>1</fpage>
               <source>Bakhtin and Cultural Theory</source>
               <year>1989</year>
            </mixed-citation>
         </ref>
         <ref id="d39475e1714a1310">
            <mixed-citation id="d39475e1718" publication-type="journal">
Hirschman, Elizabeth C. (1998), "When Expert Consumers Interpret
Textual Products: Applying Reader-Response Theory to Televi-
sion Programmes," Culture, Markets, Consumption, in press.<person-group>
                  <string-name>
                     <surname>Hirschman</surname>
                  </string-name>
               </person-group>
               <source>Culture, Markets, Consumption</source>
               <year>1998</year>
            </mixed-citation>
         </ref>
         <ref id="d39475e1747a1310">
            <mixed-citation id="d39475e1751" publication-type="book">
— and Morris B. Holbrook (1992), Postmodern Con-
sumer Research, Newbury Park, CA: Sage.<person-group>
                  <string-name>
                     <surname>Hirschman</surname>
                  </string-name>
               </person-group>
               <source>Postmodern Consumer Research</source>
               <year>1992</year>
            </mixed-citation>
         </ref>
         <ref id="d39475e1776a1310">
            <mixed-citation id="d39475e1780" publication-type="book">
Holbrook, Morris B. (1995), Consumer Research, Thousand Oaks,
CA: Sage.<person-group>
                  <string-name>
                     <surname>Holbrook</surname>
                  </string-name>
               </person-group>
               <source>Consumer Research</source>
               <year>1995</year>
            </mixed-citation>
         </ref>
         <ref id="d39475e1805a1310">
            <mixed-citation id="d39475e1809" publication-type="book">
Holquist, Michael (1990), Dialogism: Bakhtin and his World, Lon-
don: Routledge.<person-group>
                  <string-name>
                     <surname>Holquist</surname>
                  </string-name>
               </person-group>
               <source>Dialogism: Bakhtin and his World</source>
               <year>1990</year>
            </mixed-citation>
         </ref>
         <ref id="d39475e1834a1310">
            <mixed-citation id="d39475e1838" publication-type="book">
Hughes-Hallett, Lucy (1990), Cleopatra: Histories, Dreams and
Distortions, London: Pimlico.<person-group>
                  <string-name>
                     <surname>Hughes-Hallett</surname>
                  </string-name>
               </person-group>
               <source>Cleopatra: Histories, Dreams and Distortions</source>
               <year>1990</year>
            </mixed-citation>
         </ref>
         <ref id="d39475e1863a1310">
            <mixed-citation id="d39475e1867" publication-type="book">
Itzin, Catherine (1995), "The Gender Culture in Organizations," in
Gender, Culture and Organizational Change, Catherine Itzin
and Janet Newman, eds., London: Routledge, 30-53.<person-group>
                  <string-name>
                     <surname>Itzin</surname>
                  </string-name>
               </person-group>
               <comment content-type="section">The Gender Culture in Organizations</comment>
               <fpage>30</fpage>
               <source>Culture and Organizational Change</source>
               <year>1995</year>
            </mixed-citation>
         </ref>
         <ref id="d39475e1903a1310">
            <mixed-citation id="d39475e1907" publication-type="book">
Joki, Ilkka (1993), "David Mamet's Drama: The Dialogicality of
Grotesque Realism," in Bakhtin, Carnival and Other Sub-
jects, David Shepherd, ed., Amsterdam: Rodopi, 80-98.<person-group>
                  <string-name>
                     <surname>Joki</surname>
                  </string-name>
               </person-group>
               <comment content-type="section">David Mamet's Drama: The Dialogicality of Grotesque Realism</comment>
               <fpage>80</fpage>
               <source>Bakhtin, Carnival and Other Subjects</source>
               <year>1993</year>
            </mixed-citation>
         </ref>
         <ref id="d39475e1942a1310">
            <mixed-citation id="d39475e1946" publication-type="book">
Jones, Ann Rosalind (1993), "Writing the Body: Toward a Under-
standing of l'Ecriture Feminine," in Feminisms: An Anthology
of Literary Theory and Criticism, Robyn R. Warhol and Diane
Price Herndl, eds., New Brunswick, NJ: Rutgers University
Press, 357-370.<person-group>
                  <string-name>
                     <surname>Jones</surname>
                  </string-name>
               </person-group>
               <comment content-type="section">Writing the Body: Toward a Understanding of l'Ecriture Feminine</comment>
               <fpage>357</fpage>
               <source>Feminisms: An Anthology of Literary Theory and Criticism</source>
               <year>1993</year>
            </mixed-citation>
         </ref>
         <ref id="d39475e1987a1310">
            <mixed-citation id="d39475e1991" publication-type="book">
Lears, Jackson (1994), Fables of Abundance: A Cultural History of
Advertising in America, New York: Basic Books.<person-group>
                  <string-name>
                     <surname>Lears</surname>
                  </string-name>
               </person-group>
               <source>Fables of Abundance: A Cultural History of Advertising in America</source>
               <year>1994</year>
            </mixed-citation>
         </ref>
         <ref id="d39475e2016a1310">
            <mixed-citation id="d39475e2020" publication-type="book">
Ledger, Sally and Scott McCracken (1995), "Introduction," in Cultural
Politics at the Fin de Siècle, Sally Ledger and Scott McCracken,
eds, Cambridge: Cambridge University Press, 1-10.<person-group>
                  <string-name>
                     <surname>Ledger</surname>
                  </string-name>
               </person-group>
               <comment content-type="section">Introduction</comment>
               <fpage>1</fpage>
               <source>Cultural Politics at the Fin de Siècle</source>
               <year>1995</year>
            </mixed-citation>
         </ref>
         <ref id="d39475e2055a1310">
            <mixed-citation id="d39475e2059" publication-type="book">
Lodge, David (1990), "After Bakhtin," in After Bakhtin: Essays on
Fiction and Criticism, David Lodge, London: Routledge, 87-99.<person-group>
                  <string-name>
                     <surname>Lodge</surname>
                  </string-name>
               </person-group>
               <comment content-type="section">After Bakhtin</comment>
               <fpage>87</fpage>
               <source>After Bakhtin: Essays on Fiction and Criticism</source>
               <year>1990</year>
            </mixed-citation>
         </ref>
         <ref id="d39475e2091a1310">
            <mixed-citation id="d39475e2095" publication-type="journal">
McQuarrie, Edward F. and David G. Mick (1992), "On Resonance:
A Critical Pluralist Inquiry," Journal of Consumer Research,
19 (September), 180-197.<object-id pub-id-type="jstor">10.2307/2489327</object-id>
               <fpage>180</fpage>
            </mixed-citation>
         </ref>
         <ref id="d39475e2115a1310">
            <mixed-citation id="d39475e2119" publication-type="book">
Mestrovic, Stjepan G. (1991), The Coming Fin de Siècle, London:
Routledge.<person-group>
                  <string-name>
                     <surname>Mestrovic</surname>
                  </string-name>
               </person-group>
               <source>The Coming Fin de Siècle</source>
               <year>1991</year>
            </mixed-citation>
         </ref>
         <ref id="d39475e2144a1310">
            <mixed-citation id="d39475e2148" publication-type="book">
Mick, David G. (1997), "Semiotics in Marketing and Consumer
Research: Balderdash, Verity, Pleas," in Consumer Research:
Postcards from the Edge, Stephen Brown and Darach Turley,
eds., London: Routledge, 249-262.<person-group>
                  <string-name>
                     <surname>Mick</surname>
                  </string-name>
               </person-group>
               <comment content-type="section">Semiotics in Marketing and Consumer Research: Balderdash, Verity, Pleas</comment>
               <fpage>249</fpage>
               <source>Consumer Research: Postcards from the Edge</source>
               <year>1997</year>
            </mixed-citation>
         </ref>
         <ref id="d39475e2186a1310">
            <mixed-citation id="d39475e2190" publication-type="book">
— and Laura G. Politi (1989), "Consumers' Interpreta-
tions of Advertising Imagery: A Visit to the Hell of Connota-
tion," in Interpretive Consumer Research, Elizabeth C.
Hirschman, ed., Provo, UT: Association for Consumer Re-
search, 85-96.<person-group>
                  <string-name>
                     <surname>Mick</surname>
                  </string-name>
               </person-group>
               <comment content-type="section">Consumers' Interpretations of Advertising Imagery: A Visit to the Hell of Connotation</comment>
               <fpage>85</fpage>
               <source>Interpretive Consumer Research</source>
               <year>1989</year>
            </mixed-citation>
         </ref>
         <ref id="d39475e2231a1310">
            <mixed-citation id="d39475e2235" publication-type="book">
Miller, Jane (1990), Seductions: Studies in Reading and Culture,
London: Virago.<person-group>
                  <string-name>
                     <surname>Miller</surname>
                  </string-name>
               </person-group>
               <source>Seductions: Studies in Reading and Culture</source>
               <year>1990</year>
            </mixed-citation>
         </ref>
         <ref id="d39475e2260a1310">
            <mixed-citation id="d39475e2264" publication-type="book">
Mills, Sara (1994) Gendering the Reader, Hemel Hempstead, Har-
vester Wheatsheaf.<person-group>
                  <string-name>
                     <surname>Mills</surname>
                  </string-name>
               </person-group>
               <source>Gendering the Reader</source>
               <year>1994</year>
            </mixed-citation>
         </ref>
         <ref id="d39475e2289a1310">
            <mixed-citation id="d39475e2293" publication-type="book">
— and Lynne Pearce (1996), Feminist Readings: Femi-
nist Reading, Hemel Hempstead: Harvester Wheatsheaf.<person-group>
                  <string-name>
                     <surname>Mills</surname>
                  </string-name>
               </person-group>
               <source>Feminist Readings: Feminist Reading</source>
               <year>1996</year>
            </mixed-citation>
         </ref>
         <ref id="d39475e2319a1310">
            <mixed-citation id="d39475e2323" publication-type="book">
Morris, Pam (1994), The Bakhtin Reader: Selected Writings of
Bakhtin, Medvedev, Voloshinov, London: Arnold.<person-group>
                  <string-name>
                     <surname>Morris</surname>
                  </string-name>
               </person-group>
               <source>The Bakhtin Reader: Selected Writings of Bakhtin, Medvedev, Voloshinov</source>
               <year>1994</year>
            </mixed-citation>
         </ref>
         <ref id="d39475e2348a1310">
            <mixed-citation id="d39475e2352" publication-type="book">
Myers, Greg (1994), Words in Ads, London: Arnold.<person-group>
                  <string-name>
                     <surname>Myers</surname>
                  </string-name>
               </person-group>
               <source>Words in Ads</source>
               <year>1994</year>
            </mixed-citation>
         </ref>
         <ref id="d39475e2374a1310">
            <mixed-citation id="d39475e2378" publication-type="book">
Paglia, Camille (1992), Sexual Personae, Art and Decadence from
Nefertiti to Emily Dickinson, London: Penguin Books.<person-group>
                  <string-name>
                     <surname>Paglia</surname>
                  </string-name>
               </person-group>
               <source>Sexual Personae, Art and Decadence from Nefertiti to Emily Dickinson</source>
               <year>1992</year>
            </mixed-citation>
         </ref>
         <ref id="d39475e2403a1310">
            <mixed-citation id="d39475e2407" publication-type="book">
Pearce, Lynne (1997), Feminism and the Politics of Reading, Lon-
don: Arnold.<person-group>
                  <string-name>
                     <surname>Pearce</surname>
                  </string-name>
               </person-group>
               <source>Feminism and the Politics of Reading</source>
               <year>1997</year>
            </mixed-citation>
         </ref>
         <ref id="d39475e2432a1310">
            <mixed-citation id="d39475e2436" publication-type="book">
— and Jackie Stacey, eds. (1995), Romance Revisited,
London: Lawrence and Wiehart.<person-group>
                  <string-name>
                     <surname>Pearce</surname>
                  </string-name>
               </person-group>
               <source>Romance Revisited</source>
               <year>1995</year>
            </mixed-citation>
         </ref>
         <ref id="d39475e2461a1310">
            <mixed-citation id="d39475e2465" publication-type="book">
Place, Janey (1980), "Women in Film Noir," in Women in Film
Noir, E. Ann Kaplan, ed., London: BFI, 35-60.<person-group>
                  <string-name>
                     <surname>Place</surname>
                  </string-name>
               </person-group>
               <comment content-type="section">Women in Film Noir</comment>
               <fpage>35</fpage>
               <source>Women in Film Noir</source>
               <year>1980</year>
            </mixed-citation>
         </ref>
         <ref id="d39475e2498a1310">
            <mixed-citation id="d39475e2502" publication-type="book">
Pollock, Mary S. (1991), "What Is Left Out: Bakhtin, Feminism and
the Culture of Boundaries," in Bakhtin, Carnival and Other
Subjects, David Shepherd, ed., Amsterdam: Rodopi, 229-241.<person-group>
                  <string-name>
                     <surname>Pollock</surname>
                  </string-name>
               </person-group>
               <comment content-type="section">What Is Left Out: Bakhtin, Feminism and the Culture of Boundaries</comment>
               <fpage>229</fpage>
               <source>Bakhtin, Carnival and Other Subjects</source>
               <year>1991</year>
            </mixed-citation>
         </ref>
         <ref id="d39475e2537a1310">
            <mixed-citation id="d39475e2541" publication-type="book">
Power, Paul and Barbara B. Stern (1998), "Advertising Illumina-
tion: Romantic Roots of Postmodern Promises," in Romanc-
ing the Market, Stephen Brown, Anne Marie Doherty, and
Bill Clarke, eds., London: Routledge, 202-215.<person-group>
                  <string-name>
                     <surname>Power</surname>
                  </string-name>
               </person-group>
               <comment content-type="section">Advertising Illumination: Romantic Roots of Postmodern Promises</comment>
               <fpage>202</fpage>
               <source>Romancing the Market</source>
               <year>1998</year>
            </mixed-citation>
         </ref>
         <ref id="d39475e2579a1310">
            <mixed-citation id="d39475e2583" publication-type="book">
Pykett, Lyn (1996), "Introduction," in Reading Fin de Siècle Fic-
tions, Lyn Pykett, ed., Harlow: Longman, 1-21.<person-group>
                  <string-name>
                     <surname>Pykett</surname>
                  </string-name>
               </person-group>
               <comment content-type="section">Introduction</comment>
               <fpage>1</fpage>
               <source>Reading Fin de Siècle Fictions</source>
               <year>1996</year>
            </mixed-citation>
         </ref>
         <ref id="d39475e2615a1310">
            <mixed-citation id="d39475e2619" publication-type="book">
Randazzo, Sal (1993), Mythmaking on Madison Avenue: How Ad-
vertisers Apply the Power of Myth and Leadership to Create
Leadership Brands, Chicago: Probus.<person-group>
                  <string-name>
                     <surname>Randazzo</surname>
                  </string-name>
               </person-group>
               <source>Mythmaking on Madison Avenue: How Advertisers Apply the Power of Myth and Leadership to Create Leadership Brands</source>
               <year>1993</year>
            </mixed-citation>
         </ref>
         <ref id="d39475e2648a1310">
            <mixed-citation id="d39475e2652" publication-type="book">
Rennert, Jack (1998), "Would Mucha Have Made It on Madison
Avenue?" in Alphonse Mucha: The Spirit of Art Nouveau,
Victor Arwas et al., eds., Alexandria, VA: Arts Services Inter-
national, 54-61.<person-group>
                  <string-name>
                     <surname>Rennert</surname>
                  </string-name>
               </person-group>
               <comment content-type="section">Would Mucha Have Made It on Madison Avenue?</comment>
               <fpage>54</fpage>
               <source>Alphonse Mucha: The Spirit of Art Nouveau</source>
               <year>1998</year>
            </mixed-citation>
         </ref>
         <ref id="d39475e2690a1310">
            <mixed-citation id="d39475e2694" publication-type="book">
Rivkin, Julie and Michael Ryan (1998), "Introduction: Feminist
Paradigms," in Literary Theory: An Anthology, Julie Rivkin
and Michael Ryan, eds., Oxford: Blackwell, 527-532.<person-group>
                  <string-name>
                     <surname>Rivkin</surname>
                  </string-name>
               </person-group>
               <comment content-type="section">Introduction: Feminist Paradigms</comment>
               <fpage>527</fpage>
               <source>Literary Theory: An Anthology</source>
               <year>1998</year>
            </mixed-citation>
         </ref>
         <ref id="d39475e2730a1310">
            <mixed-citation id="d39475e2734" publication-type="book">
Rosenblatt, Louise M. (1983), The Reader, the Text, the Poem: The
Transactional Theory of the Literary Work, Carbondale: South-
ern Illinois University Press.<person-group>
                  <string-name>
                     <surname>Rosenblatt</surname>
                  </string-name>
               </person-group>
               <source>The Reader, the Text, the Poem: The Transactional Theory of the Literary Work</source>
               <year>1983</year>
            </mixed-citation>
         </ref>
         <ref id="d39475e2763a1310">
            <mixed-citation id="d39475e2767" publication-type="book">
Said, Edward W. (1978), Orientalism: Western Conceptions of the
Orient, Harmondsworth: Penguin.<person-group>
                  <string-name>
                     <surname>Said</surname>
                  </string-name>
               </person-group>
               <source>Orientalism: Western Conceptions of the Orient</source>
               <year>1978</year>
            </mixed-citation>
         </ref>
         <ref id="d39475e2792a1310">
            <mixed-citation id="d39475e2796" publication-type="book">
Schorske, Carl E. (1980), Fin de Siècle Vienna: Politics and Cul-
ture, New York: Knopf.<person-group>
                  <string-name>
                     <surname>Schorske</surname>
                  </string-name>
               </person-group>
               <source>Fin de Siècle Vienna: Politics and Culture</source>
               <year>1980</year>
            </mixed-citation>
         </ref>
         <ref id="d39475e2821a1310">
            <mixed-citation id="d39475e2825" publication-type="book">
Schweik, Robert C. (1987), "Oscar Wilde's Salomé, the Salomé
Theme in Western Art and a Problem of Method in Cultural
History," in Twilight of Dawn: Studies in English Literature
in Translation, Oliver M. Brack, ed., Tucson: University of
Arizona Press, 123-136.<person-group>
                  <string-name>
                     <surname>Schweik</surname>
                  </string-name>
               </person-group>
               <comment content-type="section">Oscar Wilde's Salomé, the Salomé Theme in Western Art and a Problem of Method in Cultural History</comment>
               <fpage>123</fpage>
               <source>Twilight of Dawn: Studies in English Literature in Translation</source>
               <year>1987</year>
            </mixed-citation>
         </ref>
         <ref id="d39475e2866a1310">
            <mixed-citation id="d39475e2870" publication-type="journal">
Scott, Linda M. (1990), "Understanding Jingles and Needledrop: A
Rhetorical Approach to Music in Advertising," Journal of Con-
sumer Research, 17 (September), 223-236.<object-id pub-id-type="jstor">10.2307/2626814</object-id>
               <fpage>223</fpage>
            </mixed-citation>
         </ref>
         <ref id="d39475e2889a1310">
            <mixed-citation id="d39475e2893" publication-type="book">
— (1992), "Playing With Pictures: Postmodernism,
Poststructuralism and Advertising Visuals," in Advances in
Consumer Research, Vol. 19, John F. Sherry and Brian
Sternthal, eds., Provo, UT: Association for Consumer Re-
search, 596-612.<person-group>
                  <string-name>
                     <surname>Scott</surname>
                  </string-name>
               </person-group>
               <comment content-type="section">Playing With Pictures: Postmodernism, Poststructuralism and Advertising Visuals</comment>
               <fpage>596</fpage>
               <volume>19</volume>
               <source>Advances in Consumer Research</source>
               <year>1992</year>
            </mixed-citation>
         </ref>
         <ref id="d39475e2938a1310">
            <mixed-citation id="d39475e2942" publication-type="journal">
(1993), "Spectacular Vernacular: Literacy and Com-
mercial Culture in the Postmodern Age," International Jour-
nal of Research in Marketing, 10 (3), 251-275.<person-group>
                  <string-name>
                     <surname>Scott</surname>
                  </string-name>
               </person-group>
               <issue>3</issue>
               <fpage>251</fpage>
               <volume>10</volume>
               <source>International Journal of Research in Marketing</source>
               <year>1993</year>
            </mixed-citation>
         </ref>
         <ref id="d39475e2980a1310">
            <mixed-citation id="d39475e2984" publication-type="journal">
(1994), "The Bridge From Text to Mind: Adapting
Reader-Response Theory to Consumer Research," Journal of
Consumer Research, 21 (December), 461-480.<object-id pub-id-type="jstor">10.2307/2489686</object-id>
               <fpage>461</fpage>
            </mixed-citation>
         </ref>
         <ref id="d39475e3003a1310">
            <mixed-citation id="d39475e3007" publication-type="book">
Sherry, John F. (1991), "Postmodern Alternatives: The Interpre-
tive Turn in Consumer Research," in Handbook of Consumer
Research, Thomas S. Robertson and Harold H. Kassarjian,
eds., Englewood Cliffs, NJ: Prentice Hall, 548-591.<person-group>
                  <string-name>
                     <surname>Sherry</surname>
                  </string-name>
               </person-group>
               <comment content-type="section">Postmodern Alternatives: The Interpretive Turn in Consumer Research</comment>
               <fpage>548</fpage>
               <source>Handbook of Consumer Research</source>
               <year>1991</year>
            </mixed-citation>
         </ref>
         <ref id="d39475e3045a1310">
            <mixed-citation id="d39475e3049" publication-type="book">
Showalter, Elaine (1991), Sexual Anarchy: Gender and Culture at
the Fin de Siècle, London: Bloomsbury.<person-group>
                  <string-name>
                     <surname>Showalter</surname>
                  </string-name>
               </person-group>
               <source>Sexual Anarchy: Gender and Culture at the Fin de Siècle</source>
               <year>1991</year>
            </mixed-citation>
         </ref>
         <ref id="d39475e3074a1310">
            <mixed-citation id="d39475e3078" publication-type="book">
— (1993), "Introduction," in Daughters of Decadence:
Women Writers of the Fin de Siècle, Elaine Showalter, ed.,
London: Virago, vii-xx.<person-group>
                  <string-name>
                     <surname>Showalter</surname>
                  </string-name>
               </person-group>
               <comment content-type="section">Introduction</comment>
               <fpage>vii</fpage>
               <source>Daughters of Decadence: Women Writers of the Fin de Siècle</source>
               <year>1993</year>
            </mixed-citation>
         </ref>
         <ref id="d39475e3113a1310">
            <mixed-citation id="d39475e3117" publication-type="book">
Simpson, David (1995), The Academic Postmodern and the Rule of
Literature: A Report on Half-Knowledge, Chicago: University
of Chicago Press.<person-group>
                  <string-name>
                     <surname>Simpson</surname>
                  </string-name>
               </person-group>
               <source>The Academic Postmodern and the Rule of Literature: A Report on Half-Knowledge</source>
               <year>1995</year>
            </mixed-citation>
         </ref>
         <ref id="d39475e3147a1310">
            <mixed-citation id="d39475e3151" publication-type="book">
Stallybrass, Peter and Allon White (1986), The Politics and Poetics
of Transgression, London: Methuen.<person-group>
                  <string-name>
                     <surname>Stallybrass</surname>
                  </string-name>
               </person-group>
               <source>The Politics and Poetics of Transgression</source>
               <year>1986</year>
            </mixed-citation>
         </ref>
         <ref id="d39475e3176a1310">
            <mixed-citation id="d39475e3180" publication-type="book">
Stanley, Liz and Sue Wise (1993), Breaking Out Again: Feminist
Ontology and Epistemology, London: Routledge.<person-group>
                  <string-name>
                     <surname>Stanley</surname>
                  </string-name>
               </person-group>
               <source>Breaking Out Again: Feminist Ontology and Epistemology</source>
               <year>1993</year>
            </mixed-citation>
         </ref>
         <ref id="d39475e3205a1310">
            <mixed-citation id="d39475e3209" publication-type="journal">
Stern, Barbara B. (1989a), "Literary Criticism and Consumer Re-
search: Overview and Illustrative Analysis," Journal of Con-
sumer Research, 16 (December), 322-334.<object-id pub-id-type="jstor">10.2307/2489513</object-id>
               <fpage>322</fpage>
            </mixed-citation>
         </ref>
         <ref id="d39475e3228a1310">
            <mixed-citation id="d39475e3232" publication-type="book">
— (1989b), "Literary Explication: A Methodology for
Consumer Research," in Interpretive Consumer Research, E.
C. Hirschman, ed., Provo, UT: Association for Consumer
Research, 48-59.<person-group>
                  <string-name>
                     <surname>Stern</surname>
                  </string-name>
               </person-group>
               <comment content-type="section">Literary Explication: A Methodology for Consumer Research</comment>
               <fpage>48</fpage>
               <source>Interpretive Consumer Research</source>
               <year>1989</year>
            </mixed-citation>
         </ref>
         <ref id="d39475e3270a1310">
            <mixed-citation id="d39475e3274" publication-type="book">
(1990), "Pleasure and Persuasion in Advertising: Rhe-
torical Irony as a Humor Technique," in Current Issues and Re-
search in Advertising, Vol. 12, James H. Leigh and Claude R.
Martin, eds., Ann Arbor. University of Michigan, 25-42.<person-group>
                  <string-name>
                     <surname>Stern</surname>
                  </string-name>
               </person-group>
               <comment content-type="section">Pleasure and Persuasion in Advertising: Rhetorical Irony as a Humor Technique</comment>
               <fpage>25</fpage>
               <volume>12</volume>
               <source>Current Issues and Research in Advertising</source>
               <year>1990</year>
            </mixed-citation>
         </ref>
         <ref id="d39475e3315a1310">
            <mixed-citation id="d39475e3319" publication-type="book">
(1991), "Two Pornographies: A Feminist View of
Sex in Advertising," in Advances in Consumer Research, Vol.
18, Rebecca H. Holman and Michael R. Solomon, eds., Provo,
UT: Association for Consumer Research, 384-391.<person-group>
                  <string-name>
                     <surname>Stern</surname>
                  </string-name>
               </person-group>
               <comment content-type="section">Two Pornographies: A Feminist View of Sex in Advertising</comment>
               <fpage>384</fpage>
               <volume>18</volume>
               <source>Advances in Consumer Research</source>
               <year>1991</year>
            </mixed-citation>
         </ref>
         <ref id="d39475e3361a1310">
            <mixed-citation id="d39475e3365" publication-type="journal">
(1993), "Feminist Literary Criticism and the
Deconstruction of Ads: A Postmodern View of Advertising
and Consumer Responses," Journal of Consumer Research, 19
(March), 556-566.<object-id pub-id-type="jstor">10.2307/2489440</object-id>
               <fpage>556</fpage>
            </mixed-citation>
         </ref>
         <ref id="d39475e3388a1310">
            <mixed-citation id="d39475e3392" publication-type="journal">
(1995), "Consumer Myths: Frye's Taxonomy and
the Structural Analysis of Consumption Text," Journal of
Consumer Research, 22 (September), 165-185.<object-id pub-id-type="jstor">10.2307/2489810</object-id>
               <fpage>165</fpage>
            </mixed-citation>
         </ref>
         <ref id="d39475e3411a1310">
            <mixed-citation id="d39475e3415" publication-type="journal">
(1996a), "Deconstructive Strategy and Consumer
Research: Concepts and Illustrative Exemplar," Journal of
Consumer Research, 23 (September), 136-147.<object-id pub-id-type="jstor">10.2307/2489710</object-id>
               <fpage>136</fpage>
            </mixed-citation>
         </ref>
         <ref id="d39475e3434a1310">
            <mixed-citation id="d39475e3438" publication-type="journal">
(1996b), "Advertising Comedy in Electronic Drama:
The Construct, Theory and Taxonomy," European Journal of
Marketing, 30 (9), 37-59.<person-group>
                  <string-name>
                     <surname>Stern</surname>
                  </string-name>
               </person-group>
               <issue>9</issue>
               <fpage>37</fpage>
               <volume>30</volume>
               <source>European Journal of Marketing</source>
               <year>1996</year>
            </mixed-citation>
         </ref>
         <ref id="d39475e3476a1310">
            <mixed-citation id="d39475e3480" publication-type="book">
(1998), "Introduction: The Problematics of Repre-
sentation," in Representing Consumers: Voices, Views and
Visions, Barbara B. Stern, ed., London, Routledge, 1-23.<person-group>
                  <string-name>
                     <surname>Stern</surname>
                  </string-name>
               </person-group>
               <comment content-type="section">Introduction: The Problematics of Representation</comment>
               <fpage>1</fpage>
               <source>Representing Consumers: Voices, Views and Visions</source>
               <year>1998</year>
            </mixed-citation>
         </ref>
         <ref id="d39475e3515a1310">
            <mixed-citation id="d39475e3519" publication-type="book">
and Morris B. Holbrook (1994), "Gender and Genre
in the Interpretation of Advertising Text," in Gender Issues
and Consumer Behavior, Janeen A. Costa, ed., Thousand Oaks,
CA: Sage, 11-41.<person-group>
                  <string-name>
                     <surname>Stern</surname>
                  </string-name>
               </person-group>
               <comment content-type="section">Gender and Genre in the Interpretation of Advertising Text</comment>
               <fpage>11</fpage>
               <source>Gender Issues and Consumer Behavior</source>
               <year>1994</year>
            </mixed-citation>
         </ref>
         <ref id="d39475e3558a1310">
            <mixed-citation id="d39475e3562" publication-type="book">
Stevens, Lorna, Stephen Brown, and Pauline Maclaran (1998),
"Images of Ireland: Gender, Post-Colonialism and the Neo-
Celtic Revival" in Gender, Marketing and Consumer Behav-
ior: Fourth Conference Proceedings, Eileen Fischer and Daniel
L. Wardlow, eds., San Francisco: Association for Consumer
Research and San Francisco State University, 13-26.<person-group>
                  <string-name>
                     <surname>Stevens</surname>
                  </string-name>
               </person-group>
               <comment content-type="section">Images of Ireland: Gender, Post-Colonialism and the Neo-Celtic Revival</comment>
               <fpage>13</fpage>
               <source>Gender, Marketing and Consumer Behavior: Fourth Conference Proceedings</source>
               <year>1998</year>
            </mixed-citation>
         </ref>
         <ref id="d39475e3606a1310">
            <mixed-citation id="d39475e3610" publication-type="book">
Suleiman, Susan R. (1980), "Introduction," in The Reader in the
Text: Essays on Audience and Interpretation, Susan R.
Suleiman and Inge Crosman, eds., Princeton, NJ: Princeton
University Press, 10-45.<person-group>
                  <string-name>
                     <surname>Suleiman</surname>
                  </string-name>
               </person-group>
               <comment content-type="section">Introduction</comment>
               <fpage>10</fpage>
               <source>The Reader in the Text: Essays on Audience and Interpretation</source>
               <year>1980</year>
            </mixed-citation>
         </ref>
         <ref id="d39475e3648a1310">
            <mixed-citation id="d39475e3652" publication-type="book">
— and Inge Crosman, eds. (1980), The Reader in the
Text: Essays on Audience and Interpretation, Princeton, NJ:
Princeton University Press.<person-group>
                  <string-name>
                     <surname>Suleiman</surname>
                  </string-name>
               </person-group>
               <source>The Reader in the Text: Essays on Audience and Interpretation</source>
               <year>1980</year>
            </mixed-citation>
         </ref>
         <ref id="d39475e3681a1310">
            <mixed-citation id="d39475e3685" publication-type="book">
Thomson, Clive (1991), "Judith Butler's Gender Trouble," in
Bakhtin, Carnival and Other Subjects, David Shepherd, ed.,
Amsterdam: Rodopi, 210-228.<person-group>
                  <string-name>
                     <surname>Thomson</surname>
                  </string-name>
               </person-group>
               <comment content-type="section">Judith Butler's Gender Trouble</comment>
               <fpage>210</fpage>
               <source>Bakhtin, Carnival and Other Subjects</source>
               <year>1991</year>
            </mixed-citation>
         </ref>
         <ref id="d39475e3720a1310">
            <mixed-citation id="d39475e3724" publication-type="book">
Turner, Victor (1974), The Ritual Process: Structure and Anti-
Structure, Harmondsworth: Penguin.<person-group>
                  <string-name>
                     <surname>Turner</surname>
                  </string-name>
               </person-group>
               <source>The Ritual Process: Structure and Anti-Structure</source>
               <year>1974</year>
            </mixed-citation>
         </ref>
         <ref id="d39475e3749a1310">
            <mixed-citation id="d39475e3753" publication-type="book">
Ulmer, Renate (1994), Alfons Mucha, Bonn: Benedikt Taschen.<person-group>
                  <string-name>
                     <surname>Ulmer</surname>
                  </string-name>
               </person-group>
               <source>Alfons Mucha</source>
               <year>1994</year>
            </mixed-citation>
         </ref>
         <ref id="d39475e3776a1310">
            <mixed-citation id="d39475e3780" publication-type="book">
Vice, Sue ( 1995), "Addicted to Love," in Romance Revisited, Lynne Pearce
and Jackie Stacey, eds., London: Lawrence and Wishart, 117-127.<person-group>
                  <string-name>
                     <surname>Vice</surname>
                  </string-name>
               </person-group>
               <comment content-type="section">Addicted to Love</comment>
               <fpage>117</fpage>
               <source>Romance Revisited</source>
               <year>1995</year>
            </mixed-citation>
         </ref>
         <ref id="d39475e3812a1310">
            <mixed-citation id="d39475e3816" publication-type="journal">
Wallendorf, Mellanie and Merrie Brücke (1993), "Introspection in
Consumer Research: Implementation and Implications," Jour-
nal of Consumer Research, 19 (December), 339-359.<object-id pub-id-type="jstor">10.2307/2489352</object-id>
               <fpage>339</fpage>
            </mixed-citation>
         </ref>
         <ref id="d39475e3835a1310">
            <mixed-citation id="d39475e3839" publication-type="book">
Warhol, Robyn R. and Diane Price Herndl, eds. (1997), Feminisms:
An Anthology of Literary Theory and Criticism, Basingstoke:
Macmillan.<person-group>
                  <string-name>
                     <surname>Warhol</surname>
                  </string-name>
               </person-group>
               <source>Feminisms: An Anthology of Literary Theory and Criticism</source>
               <year>1997</year>
            </mixed-citation>
         </ref>
         <ref id="d39475e3868a1310">
            <mixed-citation id="d39475e3872" publication-type="book">
Whitford, Margaret (1991), Luce Irigaray: Philosophy in the Femi-
nine, London: Routledge.<person-group>
                  <string-name>
                     <surname>Whitford</surname>
                  </string-name>
               </person-group>
               <source>Luce Irigaray: Philosophy in the Feminine</source>
               <year>1991</year>
            </mixed-citation>
         </ref>
         <ref id="d39475e3897a1310">
            <mixed-citation id="d39475e3901" publication-type="book">
Williams, Raymond (1985), "Ideology," in Keywords: A Vocabulary
of Culture and Society, Raymond Williams, New York: Oxford
University Press, 153-157.<person-group>
                  <string-name>
                     <surname>Williams</surname>
                  </string-name>
               </person-group>
               <comment content-type="section">Ideology</comment>
               <fpage>153</fpage>
               <source>Keywords: A Vocabulary of Culture and Society</source>
               <year>1985</year>
            </mixed-citation>
         </ref>
         <ref id="d39475e3936a1310">
            <mixed-citation id="d39475e3940" publication-type="book">
Williamson, Judith (1978), Decoding Advertisements, London:
Marion Boyers.<person-group>
                  <string-name>
                     <surname>Williamson</surname>
                  </string-name>
               </person-group>
               <source>Decoding Advertisements</source>
               <year>1978</year>
            </mixed-citation>
         </ref>
      </ref-list>
   </back>
</article>
