<article xmlns:xsi="http://www.w3.org/2001/XMLSchema-instance"
         xmlns:xlink="http://www.w3.org/1999/xlink"
         xmlns:mml="http://www.w3.org/1998/Math/MathML"
         dtd-version="1.0"
         article-type="research-article">
   <front>
      <journal-meta>
         <journal-id journal-id-type="jstor">jadve</journal-id>
         <journal-id journal-id-type="jstor">jadve</journal-id>
         <journal-id journal-id-type="jstor">j101355</journal-id>
         <journal-title-group>
            <journal-title>Journal of Advertising</journal-title>
         </journal-title-group>
         <publisher>
            <publisher-name>M. E. Sharpe, Inc.</publisher-name>
         </publisher>
         <issn pub-type="ppub">00913367</issn>
         <issn pub-type="epub">15577805</issn>
      </journal-meta>
      <article-meta>
         <article-id pub-id-type="jstor">4189268</article-id>
         <title-group>
            <article-title>Do Not Wait to Reveal the Brand Name: The Effect of Brand-Name Placement on Television Advertising Effectiveness</article-title>
         </title-group>
         <contrib-group>
            <contrib contrib-type="author">
               <string-name>
                  <given-names>William E.</given-names>
                  <surname>Baker</surname>
               </string-name>
            </contrib>
            <contrib contrib-type="author">
               <string-name>Heather Honea</string-name>
            </contrib>
            <contrib contrib-type="author">
               <string-name>
                  <given-names>Cristel Antonia</given-names>
                  <surname>Russell</surname>
               </string-name>
            </contrib>
         </contrib-group>
         <pub-date>
            <day>1</day>
            <month>10</month>
            <year>2004</year>
         </pub-date>
         <volume>33</volume>
         <issue>3</issue>
         <issue-id>i394121</issue-id>
         <fpage>77</fpage>
         <lpage>85</lpage>
         <page-range>77-85</page-range>
         <permissions>
            <copyright-statement>Copyright 2004 American Academy of Advertising</copyright-statement>
         </permissions>
         <self-uri xlink:href="http://www.jstor.org/stable/4189268"/>
         <abstract>
            <p>Is advertising more effective when the advertised brand name is revealed at the onset of an advertising message or when it is withheld until the end of the message? Given the propensity of advertising to withhold the brand name, advertisers apparently presume the latter, perhaps because they believe that the practice sustains attention to the advertisement. The network model of memory and related theories of associative learning imply superior advertising effectiveness when the brand name is presented at the beginning of an advertisement. An experiment was conducted to test this proposition. Several award-winning television advertisements were remastered to reveal the brand name either at the beginning or at the end of the spot. The results support the prediction that advertising is more effective when the brand name appears at the beginning of the advertisement. Evidence is consistent with the conclusion that the effect was caused by strengthening the memory association between the brand name and the evaluative implications of advertising content, not by any effect of brand-name placement on advertising liking, memory for the brand name, or accessibility to advertisement content.</p>
         </abstract>
         <custom-meta-group>
            <custom-meta>
               <meta-name>lang</meta-name>
               <meta-value>eng</meta-value>
            </custom-meta>
         </custom-meta-group>
      </article-meta>
   </front>
   <back>
      <ref-list>
         <title>References</title>
         <ref id="d3949e151a1310">
            <mixed-citation id="d3949e155" publication-type="journal">
Alba, Joseph W., and J. Wesley Hutchinson (1987), "Dimen-
sions of Consumer Expertise," Journal of Consumer Research,
14 (March), 411-455.<object-id pub-id-type="jstor">10.2307/2489367</object-id>
               <fpage>411</fpage>
            </mixed-citation>
         </ref>
         <ref id="d3949e174a1310">
            <mixed-citation id="d3949e178" publication-type="book">
-,-, and John G Lynch (1991), "Memory and De-
cision Making," in Handbook of Consumer Behavior, Thomas
S. Robertson and Harold H. Kassarjian, eds., Englewood
Cliffs, NJ: Prentice-Hall, 1-49.<person-group>
                  <string-name>
                     <surname>Alba</surname>
                  </string-name>
               </person-group>
               <comment content-type="section">Memory and Decision Making</comment>
               <fpage>1</fpage>
               <source>Handbook of Consumer Behavior</source>
               <year>1991</year>
            </mixed-citation>
         </ref>
         <ref id="d3949e216a1310">
            <mixed-citation id="d3949e220" publication-type="journal">
Anderson, John R. (1983), "A Spreading Activation Theory of
Memory," Journal of Verbal Learning and Verbal Behavior,
22 (June), 261-295.<person-group>
                  <string-name>
                     <surname>Anderson</surname>
                  </string-name>
               </person-group>
               <issue>June</issue>
               <fpage>261</fpage>
               <volume>22</volume>
               <source>Journal of Verbal Learning and Verbal Behavior</source>
               <year>1983</year>
            </mixed-citation>
         </ref>
         <ref id="d3949e258a1310">
            <mixed-citation id="d3949e262" publication-type="book">
-, and Gordon Bower (1980), Human Associative Memory,
Hillsdale, NJ: Lawrence Erlbaum.<person-group>
                  <string-name>
                     <surname>Anderson</surname>
                  </string-name>
               </person-group>
               <source>Human Associative Memory</source>
               <year>1980</year>
            </mixed-citation>
         </ref>
         <ref id="d3949e288a1310">
            <mixed-citation id="d3949e292" publication-type="journal">
Baker, William E. (2003), "Does Brand Name Imprinting in
Memory Increase Brand Information Retention?" Psychol-
ogy and Marketing, 20 (December), 1119-1135.<person-group>
                  <string-name>
                     <surname>Baker</surname>
                  </string-name>
               </person-group>
               <issue>December</issue>
               <fpage>1119</fpage>
               <volume>20</volume>
               <source>Psychology and Marketing</source>
               <year>2003</year>
            </mixed-citation>
         </ref>
         <ref id="d3949e330a1310">
            <mixed-citation id="d3949e334" publication-type="journal">
-, and Richard J. Lutz (2000), "An Empirical Test of an
Updated Relevance-Accessibility Model of Advertising Ef-
fectiveness," Journal of Advertising, 29 (Spring), 1-14.<person-group>
                  <string-name>
                     <surname>Baker</surname>
                  </string-name>
               </person-group>
               <issue>Spring</issue>
               <fpage>1</fpage>
               <volume>29</volume>
               <source>Journal of Advertising</source>
               <year>2000</year>
            </mixed-citation>
         </ref>
         <ref id="d3949e372a1310">
            <mixed-citation id="d3949e378" publication-type="book">
Bargh, John (1984), "Automatic and Conscious Processing of
Social Information," in Handbook of Social Cognition, vol. 3,
Robert S. Wyer and Thomas K. Srull, eds., Hillsdale, NJ:
Lawrence Erlbaum, 1-43.<person-group>
                  <string-name>
                     <surname>Bargh</surname>
                  </string-name>
               </person-group>
               <comment content-type="section">Automatic and Conscious Processing of Social Information</comment>
               <fpage>1</fpage>
               <volume>3</volume>
               <source>Handbook of Social Cognition</source>
               <year>1984</year>
            </mixed-citation>
         </ref>
         <ref id="d3949e419a1310">
            <mixed-citation id="d3949e423" publication-type="journal">
Belch, George E. (1982), "The Effects of Television Commercial
Repetition on Cognitive Response and Message Accep-
tance," Journal of Consumer Research, 9 (June), 56-65.<object-id pub-id-type="jstor">10.2307/2488937</object-id>
               <fpage>56</fpage>
            </mixed-citation>
         </ref>
         <ref id="d3949e442a1310">
            <mixed-citation id="d3949e446" publication-type="book">
-, and Michael Belch (2001), Advertising and Promotion:
An Integrated Marketing Communications Perspective, New York:
MacGraw Hill.<person-group>
                  <string-name>
                     <surname>Belch</surname>
                  </string-name>
               </person-group>
               <source>Advertising and Promotion: An Integrated Marketing Communications Perspective</source>
               <year>2001</year>
            </mixed-citation>
         </ref>
         <ref id="d3949e475a1310">
            <mixed-citation id="d3949e479" publication-type="journal">
Bower, Gordon H. (1981), "Mood and Memory," American Psy-
chologist, 36, 129-148.<person-group>
                  <string-name>
                     <surname>Bower</surname>
                  </string-name>
               </person-group>
               <fpage>129</fpage>
               <volume>36</volume>
               <source>American Psychologist</source>
               <year>1981</year>
            </mixed-citation>
         </ref>
         <ref id="d3949e512a1310">
            <mixed-citation id="d3949e516" publication-type="journal">
Burke, Raymond R., and Thomas K. Srull (1988), "Competitive
Interference and Consumer Memory for Advertising," Jour-
nal of Consumer Research, 15 (June), 55-68.<object-id pub-id-type="jstor">10.2307/2489172</object-id>
               <fpage>55</fpage>
            </mixed-citation>
         </ref>
         <ref id="d3949e535a1310">
            <mixed-citation id="d3949e539" publication-type="book">
Centre for Integrated Marketing Communication Research Brief
(2004), "Brand Placement Strategies in Advertising," Brief
#100-03, San Diego State University.<person-group>
                  <string-name>
                     <surname>Centre for Integrated Marketing Communication Research Brief</surname>
                  </string-name>
               </person-group>
               <source>Brand Placement Strategies in Advertising</source>
               <year>2004</year>
            </mixed-citation>
         </ref>
         <ref id="d3949e568a1310">
            <mixed-citation id="d3949e572" publication-type="book">
Fazio, Russell H. (1986), "How Do Attitudes Guide Behavior,"
in Handbook of Motivation and Cognition, Richard M.
Sorrentino and E. Tory Higgins, eds., New York: Guilford
Press, 204-243.<person-group>
                  <string-name>
                     <surname>Fazio</surname>
                  </string-name>
               </person-group>
               <comment content-type="section">How Do Attitudes Guide Behavior</comment>
               <fpage>204</fpage>
               <source>Handbook of Motivation and Cognition</source>
               <year>1986</year>
            </mixed-citation>
         </ref>
         <ref id="d3949e610a1310">
            <mixed-citation id="d3949e614" publication-type="journal">
Gardner, Meryl Paula, Andrew A. Mitchell, and J. Edward Russo
(1985), "Low Involvement Strategies for Processing Ad-
vertisements," Journal of Advertising, 14(2), 4-14.<person-group>
                  <string-name>
                     <surname>Gardner</surname>
                  </string-name>
               </person-group>
               <issue>2</issue>
               <fpage>4</fpage>
               <volume>14</volume>
               <source>Journal of Advertising</source>
               <year>1985</year>
            </mixed-citation>
         </ref>
         <ref id="d3949e652a1310">
            <mixed-citation id="d3949e656" publication-type="book">
Garner, Wendell R. (1974), The Processing of Information and Struc-
ture, Potomac, MD: Lawrence Erlbaum.<person-group>
                  <string-name>
                     <surname>Garner</surname>
                  </string-name>
               </person-group>
               <source>The Processing of Information and Structure</source>
               <year>1974</year>
            </mixed-citation>
         </ref>
         <ref id="d3949e681a1310">
            <mixed-citation id="d3949e685" publication-type="journal">
Greenwald, Anthony G, and Clark Leavitt (1984), "Audience
Involvement in Advertising: Four Levels," Journal of Con-
sumer Research, 9 (1), 581-593.<object-id pub-id-type="jstor">10.2307/2489145</object-id>
               <fpage>581</fpage>
            </mixed-citation>
         </ref>
         <ref id="d3949e705a1310">
            <mixed-citation id="d3949e709" publication-type="journal">
Grossman, Randi P., and Brian D. Till (1998), "The Persistence
of Classically Conditioned Brand Attitudes," Journal of
Advertising, 27(1), 23-31.<person-group>
                  <string-name>
                     <surname>Grossman</surname>
                  </string-name>
               </person-group>
               <issue>1</issue>
               <fpage>23</fpage>
               <volume>27</volume>
               <source>Journal of Advertising</source>
               <year>1998</year>
            </mixed-citation>
         </ref>
         <ref id="d3949e747a1310">
            <mixed-citation id="d3949e751" publication-type="journal">
Haugtvedt, Curtis P., and Duane T. Wegener (1994), "Message
Order Effects in Persuasion: An Attitude Strength Perspec-
tive," Journal of Consumer Research, 21 ( 1 ), 205-218.<object-id pub-id-type="jstor">10.2307/2489751</object-id>
               <fpage>205</fpage>
            </mixed-citation>
         </ref>
         <ref id="d3949e770a1310">
            <mixed-citation id="d3949e774" publication-type="journal">
Hogarth, R. M., and Einhorn, H. J. (1992), "Order Effects in
Belief: Updating the Belief Adjustment Model," Cognitive
Psychology, 24 (January), 1-55.<person-group>
                  <string-name>
                     <surname>Hogarth</surname>
                  </string-name>
               </person-group>
               <issue>January</issue>
               <fpage>1</fpage>
               <volume>24</volume>
               <source>Cognitive Psychology</source>
               <year>1992</year>
            </mixed-citation>
         </ref>
         <ref id="d3949e812a1310">
            <mixed-citation id="d3949e816" publication-type="journal">
Jacoby, Jacob, and Wayne D. Hoyer (1989), "The Comprehen-
sion/Miscomprehension of Print Communication: Selected
Findings "Journal of Consumer Research, 15 (March), 434-443.<object-id pub-id-type="jstor">10.2307/2489540</object-id>
               <fpage>434</fpage>
            </mixed-citation>
         </ref>
         <ref id="d3949e835a1310">
            <mixed-citation id="d3949e839" publication-type="journal">
Kardes, Frank R. (1986), "Effects of Initial Product Judgments
on Subsequent Memory-Based Judgments," Journal of Con-
sumer Research, 13 (June), 1-11.<object-id pub-id-type="jstor">10.2307/2489282</object-id>
               <fpage>1</fpage>
            </mixed-citation>
         </ref>
         <ref id="d3949e858a1310">
            <mixed-citation id="d3949e862" publication-type="journal">
Keller, Kevin Lane (1987), "Memory Factors in Advertising: The
Effect of Advertising Retrieval Cues on Brand Evaluation,"
Journal of Consumer Research, 14 (December), 316-333.<object-id pub-id-type="jstor">10.2307/2489494</object-id>
               <fpage>316</fpage>
            </mixed-citation>
         </ref>
         <ref id="d3949e882a1310">
            <mixed-citation id="d3949e886" publication-type="journal">
-(1991), "Memory and Evaluation Effects in Competi-
tive Advertising Environments "Journal of Consumer Research,
17 (March), 463-477.<object-id pub-id-type="jstor">10.2307/2626840</object-id>
               <fpage>463</fpage>
            </mixed-citation>
         </ref>
         <ref id="d3949e905a1310">
            <mixed-citation id="d3949e909" publication-type="journal">
Kent, Robert J., and Chris T. Allen (1994), "Competitive Inter-
ference Effects in Consumer Memory for Advertising: The
Role of Brand Familiarity," Journal of Marketing, 58 (July),
97-106.<object-id pub-id-type="doi">10.2307/1252313</object-id>
               <fpage>97</fpage>
            </mixed-citation>
         </ref>
         <ref id="d3949e932a1310">
            <mixed-citation id="d3949e936" publication-type="journal">
Krugman, Herbert E. (1965), "The Impact of Television Adver-
tising: Learning without Involvement," Public Opinion Quar-
terly, 29 (Fall), 349-356.<object-id pub-id-type="jstor">10.2307/2746936</object-id>
               <fpage>349</fpage>
            </mixed-citation>
         </ref>
         <ref id="d3949e955a1310">
            <mixed-citation id="d3949e959" publication-type="journal">
Leigh, James H. (1992), "Modality Congruence, Multiple Re-
source Theory and Intermedia Broadcast Comparisons: An
Elaboration," Journal of Advertising, 21 (2), 55-62.<person-group>
                  <string-name>
                     <surname>Leigh</surname>
                  </string-name>
               </person-group>
               <issue>2</issue>
               <fpage>55</fpage>
               <volume>21</volume>
               <source>Journal of Advertising</source>
               <year>1992</year>
            </mixed-citation>
         </ref>
         <ref id="d3949e997a1310">
            <mixed-citation id="d3949e1001" publication-type="journal">
Loewenstein, George (1994), "The Psychology of Curiosity: A
Review and Reinterpretation," Psychological Bulletin, 116(1),
75-98.<person-group>
                  <string-name>
                     <surname>Loewenstein</surname>
                  </string-name>
               </person-group>
               <issue>1</issue>
               <fpage>75</fpage>
               <volume>116</volume>
               <source>Psychological Bulletin</source>
               <year>1994</year>
            </mixed-citation>
         </ref>
         <ref id="d3949e1039a1310">
            <mixed-citation id="d3949e1043" publication-type="book">
Lutz, Richard J. (1985), "Affective and Cognitive Antecedents
of Attitude Toward the Ad: A Conceptual Framework," in
Psychological Processes and Advertising Effects: Theory, Research,
and Application, Linda F. Alwitt and Andrew A. Mitchell,
eds., Hillsdale, NJ: Lawrence Erlbaum.<person-group>
                  <string-name>
                     <surname>Lutz</surname>
                  </string-name>
               </person-group>
               <comment content-type="section">Affective and Cognitive Antecedents of Attitude Toward the Ad: A Conceptual Framework</comment>
               <source>Psychological Processes and Advertising Effects: Theory, Research, and Application</source>
               <year>1985</year>
            </mixed-citation>
         </ref>
         <ref id="d3949e1082a1310">
            <mixed-citation id="d3949e1086" publication-type="journal">
MacKenzie, Scott B., Richard J. Lutz, and George E. Belch
(1986), "The Role of Attitude Toward the Ad as a Media-
tor of Advertising Effectiveness: A Test of Competing Ex-
planations," Journal of Marketing Research, 23 (May),
130-143.<object-id pub-id-type="doi">10.2307/3151660</object-id>
               <fpage>130</fpage>
            </mixed-citation>
         </ref>
         <ref id="d3949e1112a1310">
            <mixed-citation id="d3949e1116" publication-type="journal">
MacLachlan, James, and Pradeep Jalan (1985), "The Effect of
Pre-Questions on Advertising Recall," Journal of Advertis-
ing, 14 (1), 18-24.<person-group>
                  <string-name>
                     <surname>MacLachlan</surname>
                  </string-name>
               </person-group>
               <issue>1</issue>
               <fpage>18</fpage>
               <volume>14</volume>
               <source>Journal of Advertising</source>
               <year>1985</year>
            </mixed-citation>
         </ref>
         <ref id="d3949e1154a1310">
            <mixed-citation id="d3949e1158" publication-type="book">
Mandler, George (1967), "Organization and Memory," in The
Psychology of Learning and Motivation, vol. 1, Kenneth W.
Spence and Janet T. Spence, eds., New York: Academic
Press.<person-group>
                  <string-name>
                     <surname>Mandler</surname>
                  </string-name>
               </person-group>
               <comment content-type="section">Organization and Memory</comment>
               <volume>1</volume>
               <source>The Psychology of Learning and Motivation</source>
               <year>1967</year>
            </mixed-citation>
         </ref>
         <ref id="d3949e1196a1310">
            <mixed-citation id="d3949e1200" publication-type="book">
-(1979), "Organization and Repetition: Organizational
Principles with Special Reference to Rote Learning," in
Perspectives on Memory Research, LarsGoeran Nilsson, ed.,
Hillsdale, NJ: Lawrence Erlbaum, 293-327.<person-group>
                  <string-name>
                     <surname>Mandler</surname>
                  </string-name>
               </person-group>
               <comment content-type="section">Organization and Repetition: Organizational Principles with Special Reference to Rote Learning</comment>
               <fpage>293</fpage>
               <source>Perspectives on Memory Research</source>
               <year>1979</year>
            </mixed-citation>
         </ref>
         <ref id="d3949e1238a1310">
            <mixed-citation id="d3949e1242" publication-type="book">
Mandler, Jean M. (1984), Stories, Scripts, and Scenes: Aspects of Schema
Theory, Hillsdale, NJ: Lawrence Erlbaum.<person-group>
                  <string-name>
                     <surname>Mandler</surname>
                  </string-name>
               </person-group>
               <source>Stories, Scripts, and Scenes: Aspects of Schema Theory</source>
               <year>1984</year>
            </mixed-citation>
         </ref>
         <ref id="d3949e1267a1310">
            <mixed-citation id="d3949e1271" publication-type="journal">
Menon, Satya, and Dilip Soman (2002), "Managing the Power
of Curiosity for Effective Web Advertising Strategies," Jour-
nal of Advertising, 31 (3), 1-14.<person-group>
                  <string-name>
                     <surname>Menon</surname>
                  </string-name>
               </person-group>
               <issue>3</issue>
               <fpage>1</fpage>
               <volume>31</volume>
               <source>Journal of Advertising</source>
               <year>2002</year>
            </mixed-citation>
         </ref>
         <ref id="d3949e1310a1310">
            <mixed-citation id="d3949e1316" publication-type="journal">
Meyers-Levy, Joan (1989), "The Influence of a Brand Name's
Association Set Size and Word Frequency on Brand
Memory,"Journal of Consumer Research, 16 (September), 197-
108.<object-id pub-id-type="jstor">10.2307/2489318</object-id>
               <fpage>197</fpage>
            </mixed-citation>
         </ref>
         <ref id="d3949e1339a1310">
            <mixed-citation id="d3949e1343" publication-type="journal">
Sengupta, Jaideep, Ronald C. Goodstein, and David S. Boninger
(1997), "All Cues Are Not Created Equal: Obtaining Atti-
tude Persistence Under Low-Involvement Conditions/'Jour-
nal of Consumer Research, 23 (March), 351-362.<object-id pub-id-type="jstor">10.2307/2489570</object-id>
               <fpage>351</fpage>
            </mixed-citation>
         </ref>
         <ref id="d3949e1366a1310">
            <mixed-citation id="d3949e1370" publication-type="journal">
Stewart, David W, and David H. Furse (2000), "Analysis of the Im-
pact of Executional Factors on Advertising Performance," Jour-
nal of Advertising Research, 40 (November/December), 85-89.<person-group>
                  <string-name>
                     <surname>Stewart</surname>
                  </string-name>
               </person-group>
               <issue>November</issue>
               <fpage>85</fpage>
               <volume>40</volume>
               <source>Journal of Advertising Research</source>
               <year>2000</year>
            </mixed-citation>
         </ref>
         <ref id="d3949e1408a1310">
            <mixed-citation id="d3949e1412" publication-type="book">
-, and-(1986), Effective Television Advertising: A
Study of 1000 Commercials, Lexington, MA: Lexington Books.<person-group>
                  <string-name>
                     <surname>Stewart</surname>
                  </string-name>
               </person-group>
               <source>Effective Television Advertising: A Study of 1000 Commercials</source>
               <year>1986</year>
            </mixed-citation>
         </ref>
         <ref id="d3949e1437a1310">
            <mixed-citation id="d3949e1441" publication-type="journal">
-, and Scott Koslow (1989), "Executional Factors and
Advertising Effectiveness: A Replication," Journal of Ad-
vertising, 18(3), 21-32.<person-group>
                  <string-name>
                     <surname>Stewart</surname>
                  </string-name>
               </person-group>
               <issue>3</issue>
               <fpage>21</fpage>
               <volume>18</volume>
               <source>Journal of Advertising</source>
               <year>1989</year>
            </mixed-citation>
         </ref>
         <ref id="d3949e1479a1310">
            <mixed-citation id="d3949e1483" publication-type="journal">
Stuart, Elnora W., Terence A. Shimp, and Randall W. Engle
(1987), "Classical Conditioning of Consumer Attitudes:
Four Experiments in an Advertising Context," Journal of
Consumer Research, 14 (December), 334-351.<object-id pub-id-type="jstor">10.2307/2489495</object-id>
               <fpage>334</fpage>
            </mixed-citation>
         </ref>
         <ref id="d3949e1507a1310">
            <mixed-citation id="d3949e1511" publication-type="journal">
Sujan, Mita (1985), "Consumer Knowledge: Effects on Evalua-
tion Strategies Mediating Consumer Judgments," Journal
of Consumer Research, 12 (June), 31-46.<object-id pub-id-type="jstor">10.2307/2489379</object-id>
               <fpage>31</fpage>
            </mixed-citation>
         </ref>
         <ref id="d3949e1530a1310">
            <mixed-citation id="d3949e1534" publication-type="journal">
Unnava, H. Rao, and Robert E. Burnkrant (1991), "Effects of
Repeating Varied Ad Executions on Brand Name Memory,"
Journal of Marketing Research, 28 (November), 406-417.<object-id pub-id-type="doi">10.2307/3172781</object-id>
               <fpage>406</fpage>
            </mixed-citation>
         </ref>
         <ref id="d3949e1553a1310">
            <mixed-citation id="d3949e1557" publication-type="journal">
-&gt;-f and Sunil Erevelles (1994), "Effects of Presenta-
tion Order and Communication Modality on Recall and At-
titude," Journal of Consumer Research, 21 (December),
481-490.<object-id pub-id-type="jstor">10.2307/2489687</object-id>
               <fpage>481</fpage>
            </mixed-citation>
         </ref>
         <ref id="d3949e1580a1310">
            <mixed-citation id="d3949e1584" publication-type="journal">
Wright, Peter L. (1980), "Message-Evoked Thoughts: Persua-
sion Research Using Thought Verbalizations," Journal of
Consumer Research, 7 (September), 151-175.<object-id pub-id-type="jstor">10.2307/2489082</object-id>
               <fpage>151</fpage>
            </mixed-citation>
         </ref>
         <ref id="d3949e1603a1310">
            <mixed-citation id="d3949e1607" publication-type="journal">
Wyer, Robert S., Jr., and Thomas Srull (1986), "Human Cogni-
tion in Its Social Context," Psychological Review, 93 (July),
322-359.<person-group>
                  <string-name>
                     <surname>Wyer</surname>
                  </string-name>
               </person-group>
               <issue>July</issue>
               <fpage>322</fpage>
               <volume>93</volume>
               <source>Psychological Review</source>
               <year>1986</year>
            </mixed-citation>
         </ref>
      </ref-list>
   </back>
</article>
