<article xmlns:xsi="http://www.w3.org/2001/XMLSchema-instance"
         xmlns:xlink="http://www.w3.org/1999/xlink"
         xmlns:mml="http://www.w3.org/1998/Math/MathML"
         dtd-version="1.0"
         article-type="research-article">
   <front>
      <journal-meta>
         <journal-id journal-id-type="jstor">jadve</journal-id>
         <journal-id journal-id-type="jstor">jadve</journal-id>
         <journal-id journal-id-type="jstor">j101355</journal-id>
         <journal-title-group>
            <journal-title>Journal of Advertising</journal-title>
         </journal-title-group>
         <publisher>
            <publisher-name>M. E. Sharpe, Inc.</publisher-name>
         </publisher>
         <issn pub-type="ppub">00913367</issn>
         <issn pub-type="epub">15577805</issn>
      </journal-meta>
      <article-meta>
         <article-id pub-id-type="jstor">4189317</article-id>
         <title-group>
            <article-title>The Brand Capability Value of Integrated Marketing Communication (IMC)</article-title>
         </title-group>
         <contrib-group>
            <contrib contrib-type="author">
               <string-name>Janek Ratnatunga</string-name>
            </contrib>
            <contrib contrib-type="author">
               <string-name>Michael T. Ewing</string-name>
            </contrib>
         </contrib-group>
         <pub-date>
            <day>1</day>
            <month>12</month>
            <year>2005</year>
         </pub-date>
         <volume>34</volume>
         <issue>4</issue>
         <issue-id>i394126</issue-id>
         <fpage>25</fpage>
         <lpage>40</lpage>
         <page-range>25-40</page-range>
         <permissions>
            <copyright-statement>Copyright 2005 American Academy of Advertising</copyright-statement>
         </permissions>
         <self-uri xlink:href="http://www.jstor.org/stable/4189317"/>
         <abstract>
            <p>Practitioners perpetually question whether they are spending the right amount of money on the right marketing activities to optimize sales, profitability, brand equity, and shareholder value. This perennial problem is perhaps even more salient today, as organizations increasingly begin to recognize the value of intangible assets and question the extent to which marketing should be viewed as an investment (as opposed to an expense). This paper introduces the notion of brand capability within a tangible--intangible asset valuation framework. Specifically, a model is developed to assess the impact of integrated marketing communication on brand equity by leveraging capability-enhancing marketing expenses to economic values through the use of specific combinations of expense-leveraged value indices.</p>
         </abstract>
         <custom-meta-group>
            <custom-meta>
               <meta-name>lang</meta-name>
               <meta-value>eng</meta-value>
            </custom-meta>
         </custom-meta-group>
      </article-meta>
   </front>
   <back>
      <ref-list>
         <title>References</title>
         <ref id="d34294e142a1310">
            <mixed-citation id="d34294e146" publication-type="journal">
Almquist, Eric, and Gordon Wyner (2001), "Boost Your Mar-
keting ROI with Experimental Design," Harvard Business
Review, 79 (9), 135-141.<person-group>
                  <string-name>
                     <surname>Almquist</surname>
                  </string-name>
               </person-group>
               <issue>9</issue>
               <fpage>135</fpage>
               <volume>79</volume>
               <source>Harvard Business Review</source>
               <year>2001</year>
            </mixed-citation>
         </ref>
         <ref id="d34294e184a1310">
            <mixed-citation id="d34294e188" publication-type="book">
Ambler, Tim (2000), Marketing and the Bottom Line, London:
Pearson Education.<person-group>
                  <string-name>
                     <surname>Ambler</surname>
                  </string-name>
               </person-group>
               <source>Marketing and the Bottom Line</source>
               <year>2000</year>
            </mixed-citation>
         </ref>
         <ref id="d34294e213a1310">
            <mixed-citation id="d34294e217" publication-type="book">
Baker, Susan, and Helen Mitchell (2000), "Integrated Market-
ing Communication: Implications for Managers," paper
presented at the European Society for Opinion and Mar-
keting Research conference, "Reinventing Advertising,"
Rio, Brazil, November.<person-group>
                  <string-name>
                     <surname>Baker</surname>
                  </string-name>
               </person-group>
               <comment content-type="section">Integrated Marketing Communication: Implications for Managers</comment>
               <source>European Society for Opinion and Marketing Research conference, "Reinventing Advertising," Rio, Brazil, November</source>
               <year>2000</year>
            </mixed-citation>
         </ref>
         <ref id="d34294e255a1310">
            <mixed-citation id="d34294e259" publication-type="journal">
Barsky, Noah P., and Garry Marchant (2000), "Measuring and
Managing Intellectual Capital," Strategic Finance, 81 (8),
59-62.<person-group>
                  <string-name>
                     <surname>Barsky</surname>
                  </string-name>
               </person-group>
               <issue>8</issue>
               <fpage>59</fpage>
               <volume>81</volume>
               <source>Strategic Finance</source>
               <year>2000</year>
            </mixed-citation>
         </ref>
         <ref id="d34294e298a1310">
            <mixed-citation id="d34294e302" publication-type="journal">
Blattberg, Robert, and John Deighton (1996), "Manage Mar-
keting by the Customer Equity Test," Harvard Business Re-
view, 74 (4), 5-14.<person-group>
                  <string-name>
                     <surname>Blattberg</surname>
                  </string-name>
               </person-group>
               <issue>4</issue>
               <fpage>5</fpage>
               <volume>74</volume>
               <source>Harvard Business Review</source>
               <year>1996</year>
            </mixed-citation>
         </ref>
         <ref id="d34294e340a1310">
            <mixed-citation id="d34294e344" publication-type="journal">
Cornelissen, Joep P. (2000), "Integrated Marketing Communi-
cations and the Language of Market Development," Inter-
national Journal of Advertising, 20 (4), 483-499.<person-group>
                  <string-name>
                     <surname>Cornelissen</surname>
                  </string-name>
               </person-group>
               <issue>4</issue>
               <fpage>483</fpage>
               <volume>20</volume>
               <source>International Journal of Advertising</source>
               <year>2000</year>
            </mixed-citation>
         </ref>
         <ref id="d34294e382a1310">
            <mixed-citation id="d34294e386" publication-type="book">
Damodaran, Ashwath (2002), Investment Valuation, 2nd ed., New
York: John Wiley.<person-group>
                  <string-name>
                     <surname>Damodaran</surname>
                  </string-name>
               </person-group>
               <edition>2</edition>
               <source>Investment Valuation</source>
               <year>2002</year>
            </mixed-citation>
         </ref>
         <ref id="d34294e415a1310">
            <mixed-citation id="d34294e419" publication-type="journal">
Eagle, Lynne, and Phillip Kitchen (2000), "IMC, Brand Com-
munications and Corporate Cultures," European Journal of
Marketing, 35 (5/6), 677-686.<person-group>
                  <string-name>
                     <surname>Eagle</surname>
                  </string-name>
               </person-group>
               <issue>5</issue>
               <fpage>677</fpage>
               <volume>35</volume>
               <source>European Journal of Marketing</source>
               <year>2000</year>
            </mixed-citation>
         </ref>
         <ref id="d34294e457a1310">
            <mixed-citation id="d34294e461" publication-type="journal">
Ewing, Michael T., Nigel de Bussy, and Albert Caruana (2000),
"Perceived Agency Politics and Conflicts of Interest as Po-
tential Barriers to IMC Implementation," Journal of Mar-
keting Communications, 6 (2), 107-120.<person-group>
                  <string-name>
                     <surname>Ewing</surname>
                  </string-name>
               </person-group>
               <issue>2</issue>
               <fpage>107</fpage>
               <volume>6</volume>
               <source>Journal of Marketing Communications</source>
               <year>2000</year>
            </mixed-citation>
         </ref>
         <ref id="d34294e502a1310">
            <mixed-citation id="d34294e506" publication-type="book">
Fortini-Campbell, Lisa (1994), "Brand Contacts," in Integrated
Marketing Communications Symposium, R. Kaatz, ed., Lincoln-
wood, IL: NTC Business Books, 1-5.<person-group>
                  <string-name>
                     <surname>Fortini-Campbell</surname>
                  </string-name>
               </person-group>
               <comment content-type="section">Brand Contacts</comment>
               <fpage>1</fpage>
               <source>Integrated Marketing Communications Symposium</source>
               <year>1994</year>
            </mixed-citation>
         </ref>
         <ref id="d34294e542a1310">
            <mixed-citation id="d34294e546" publication-type="book">
Jones, John Philip (2005), How to Turn Advertising Expenses into
Investments, Singapore: Pearson Education.<person-group>
                  <string-name>
                     <surname>Jones</surname>
                  </string-name>
               </person-group>
               <source>How to Turn Advertising Expenses into Investments</source>
               <year>2005</year>
            </mixed-citation>
         </ref>
         <ref id="d34294e571a1310">
            <mixed-citation id="d34294e575" publication-type="journal">
Kaplan, Robert S., and David P. Norton (1992), "The Balanced
Scorecard-Measures That Drive Performance," Harvard
Business Review, 70 (1), 71-79.<person-group>
                  <string-name>
                     <surname>Kaplan</surname>
                  </string-name>
               </person-group>
               <issue>1</issue>
               <fpage>71</fpage>
               <volume>70</volume>
               <source>Harvard Business Review</source>
               <year>1992</year>
            </mixed-citation>
         </ref>
         <ref id="d34294e613a1310">
            <mixed-citation id="d34294e617" publication-type="book">
Keller, Joyce (2003), "The Evolving Business Reporting Model
and Use of Performance Measurement Methodology," The
CPA Letter/Education (AICPA; American Institute of Certi-
fied Public Accountants) (April), G2-3.<person-group>
                  <string-name>
                     <surname>Keller</surname>
                  </string-name>
               </person-group>
               <comment content-type="section">The Evolving Business Reporting Model and Use of Performance Measurement Methodology</comment>
               <fpage>G2</fpage>
               <source>The CPA Letter/Education</source>
               <year>2003</year>
            </mixed-citation>
         </ref>
         <ref id="d34294e655a1310">
            <mixed-citation id="d34294e659" publication-type="book">
Lave, Jean, and Etienne Wenger (1991), Situated Learning: Le-
gitimate Peripheral Participation, Cambridge: Cambridge Uni-
versity Press.<person-group>
                  <string-name>
                     <surname>Lave</surname>
                  </string-name>
               </person-group>
               <source>Situated Learning: Legitimate Peripheral Participation</source>
               <year>1991</year>
            </mixed-citation>
         </ref>
         <ref id="d34294e688a1310">
            <mixed-citation id="d34294e692" publication-type="book">
Leadbeater, Charles (2000), New Measures for the Economy, Lon-
don: Centre for Business Performance, Institute of Char-
tered Accountants of England and Wales.<person-group>
                  <string-name>
                     <surname>Leadbeater</surname>
                  </string-name>
               </person-group>
               <source>New Measures for the Economy</source>
               <year>2000</year>
            </mixed-citation>
         </ref>
         <ref id="d34294e721a1310">
            <mixed-citation id="d34294e725" publication-type="journal">
Litman, Joel (2000), "Genuine Assets: Building Blocks of Strat-
egy and Sustainable Competitive Advantage," Strategic Fi-
nance, 82 (5), 37-42.<person-group>
                  <string-name>
                     <surname>Litman</surname>
                  </string-name>
               </person-group>
               <issue>5</issue>
               <fpage>37</fpage>
               <volume>82</volume>
               <source>Strategic Finance</source>
               <year>2000</year>
            </mixed-citation>
         </ref>
         <ref id="d34294e764a1310">
            <mixed-citation id="d34294e768" publication-type="journal">
Low, George S. (2000), "Correlates of Integrated Marketing Com-
munication,"Journal of Advertising Research, 40 (3), 27-39.<person-group>
                  <string-name>
                     <surname>Low</surname>
                  </string-name>
               </person-group>
               <issue>3</issue>
               <fpage>27</fpage>
               <volume>40</volume>
               <source>Journal of Advertising Research</source>
               <year>2000</year>
            </mixed-citation>
         </ref>
         <ref id="d34294e803a1310">
            <mixed-citation id="d34294e807" publication-type="book">
MERITUM Guidelines (2002), Guidelines for Managing and Re-
porting on Intangibles (intellectual capital report), Madrid:
Vodafone Foundation, available at www.uam.es/proyectosinv/
meritum (accessed October 5, 2005).<person-group>
                  <string-name>
                     <surname>MERITUM Guidelines</surname>
                  </string-name>
               </person-group>
               <source>Guidelines for Managing and Reporting on Intangibles</source>
               <year>2005</year>
            </mixed-citation>
         </ref>
         <ref id="d34294e839a1310">
            <mixed-citation id="d34294e843" publication-type="other">
Neckermann, Christian (2004), "Don't Just Measure Customer
Value—Manage It," working paper, Inside 1 to 1 Strategy, avail-
able at www.1to1.com/View.aspx?DocID=28380 (accessed
October 10, 2005).</mixed-citation>
         </ref>
         <ref id="d34294e859a1310">
            <mixed-citation id="d34294e863" publication-type="journal">
Orlikowski, Wanda J. (2002), "Knowing in Practice: Enacting a
Collective Capability in Distributed Organizing," Organi-
zation Science, 13 (3), 249-273.<object-id pub-id-type="jstor">10.2307/3086020</object-id>
               <fpage>249</fpage>
            </mixed-citation>
         </ref>
         <ref id="d34294e882a1310">
            <mixed-citation id="d34294e886" publication-type="journal">
Piercy, Nigel (1986), "The Politics of Setting an Advertising
Budget," International Journal of Advertising, 5 (4), 281-305.<person-group>
                  <string-name>
                     <surname>Piercy</surname>
                  </string-name>
               </person-group>
               <issue>4</issue>
               <fpage>281</fpage>
               <volume>5</volume>
               <source>International Journal of Advertising</source>
               <year>1986</year>
            </mixed-citation>
         </ref>
         <ref id="d34294e921a1310">
            <mixed-citation id="d34294e925" publication-type="journal">
Pitt, Leyland F., Michael T. Ewing, and Pierre Berthon (2000),
"Turning Competitive Advantage into Customer Equity,"
Business Horizons, 43 (5), 11-18.<person-group>
                  <string-name>
                     <surname>Pitt</surname>
                  </string-name>
               </person-group>
               <issue>5</issue>
               <fpage>11</fpage>
               <volume>43</volume>
               <source>Business Horizons</source>
               <year>2000</year>
            </mixed-citation>
         </ref>
         <ref id="d34294e964a1310">
            <mixed-citation id="d34294e968" publication-type="book">
Polanyi, Michael (1967), The Tacit Dimension, New York:
Doubleday.<person-group>
                  <string-name>
                     <surname>Polanyi</surname>
                  </string-name>
               </person-group>
               <source>The Tacit Dimension</source>
               <year>1967</year>
            </mixed-citation>
         </ref>
         <ref id="d34294e993a1310">
            <mixed-citation id="d34294e997" publication-type="journal">
PricewaterhouseCoopers (2002), "Non-Financial Measures Are High-
est-Rated Determinants of Total Shareholder Value," Manage-
ment Barometer (April 22), available at www.barometersurveys
.com (accessed October 5, 2005).<person-group>
                  <string-name>
                     <surname>PricewaterhouseCoopers</surname>
                  </string-name>
               </person-group>
               <issue>April 22</issue>
               <source>Management Barometer</source>
               <year>2005</year>
            </mixed-citation>
         </ref>
         <ref id="d34294e1032a1310">
            <mixed-citation id="d34294e1036" publication-type="journal">
Ratnatunga,Janek (2002), "The Valuation of Capabilities: A New
Direction for Management Accounting Research," Journal
of Applied Management Accounting Research, 1 (1), 1-15.<person-group>
                  <string-name>
                     <surname>Ratnatunga</surname>
                  </string-name>
               </person-group>
               <issue>1</issue>
               <fpage>1</fpage>
               <volume>1</volume>
               <source>Journal of Applied Management Accounting Research</source>
               <year>2002</year>
            </mixed-citation>
         </ref>
         <ref id="d34294e1074a1310">
            <mixed-citation id="d34294e1078" publication-type="journal">
— Norman Gray, and Kashi R. Balachandran (2004),
"CEVITA: The Valuation and Reporting of Strategic Ca-
pabilities," Management Accounting Research, 15 (1), 77-
105.<person-group>
                  <string-name>
                     <surname>Ratnatunga</surname>
                  </string-name>
               </person-group>
               <issue>1</issue>
               <fpage>77</fpage>
               <volume>15</volume>
               <source>Management Accounting Research</source>
               <year>2004</year>
            </mixed-citation>
         </ref>
         <ref id="d34294e1119a1310">
            <mixed-citation id="d34294e1123" publication-type="book">
Ryle, Gilbert (1949), The Concept of Mind, London: Hutcheson.<person-group>
                  <string-name>
                     <surname>Ryle</surname>
                  </string-name>
               </person-group>
               <source>The Concept of Mind</source>
               <year>1949</year>
            </mixed-citation>
         </ref>
         <ref id="d34294e1145a1310">
            <mixed-citation id="d34294e1149" publication-type="book">
Schoen, Donald A. (1983), The Reflective Practitioner, New York:
Basic Books.<person-group>
                  <string-name>
                     <surname>Schoen</surname>
                  </string-name>
               </person-group>
               <source>The Reflective Practitioner</source>
               <year>1983</year>
            </mixed-citation>
         </ref>
         <ref id="d34294e1175a1310">
            <mixed-citation id="d34294e1181" publication-type="book">
Schultz, Don E. (1994), "The IMC Process," in Integrated Mar-
keting Communications Symposium, Ronald Kaatz, ed.,
Lincolnwood, IL: NTC Business Books, 6-13.<person-group>
                  <string-name>
                     <surname>Schultz</surname>
                  </string-name>
               </person-group>
               <comment content-type="section">The IMC Process</comment>
               <fpage>6</fpage>
               <source>Integrated Marketing Communications Symposium</source>
               <year>1994</year>
            </mixed-citation>
         </ref>
         <ref id="d34294e1216a1310">
            <mixed-citation id="d34294e1220" publication-type="journal">
Shoebridge, Neil (2004), "It's No Use Complaining: Get Out There
and Quantify," Australian Financial Review (February 2), 2.<person-group>
                  <string-name>
                     <surname>Shoebridge</surname>
                  </string-name>
               </person-group>
               <issue>February 2</issue>
               <fpage>2</fpage>
               <source>Australian Financial Review</source>
               <year>2004</year>
            </mixed-citation>
         </ref>
         <ref id="d34294e1252a1310">
            <mixed-citation id="d34294e1256" publication-type="book">
Sveiby, Karl Erik (1997), The New Organizational Wealth: Man-
aging and Measuring Knowledge-Based Assets, San Francisco:
Berrett Koehler.<person-group>
                  <string-name>
                     <surname>Sveiby</surname>
                  </string-name>
               </person-group>
               <source>The New Organizational Wealth: Managing and Measuring Knowledge-Based Assets</source>
               <year>1997</year>
            </mixed-citation>
         </ref>
         <ref id="d34294e1285a1310">
            <mixed-citation id="d34294e1289" publication-type="journal">
Teece, David J., Garry Pisano, and Amy Shuen (1997), "Dynamic
Capabilities and Strategic Management," Strategic Manage-
ment Journal, 18 (7), 509-533.<object-id pub-id-type="jstor">10.2307/3088148</object-id>
               <fpage>509</fpage>
            </mixed-citation>
         </ref>
         <ref id="d34294e1308a1310">
            <mixed-citation id="d34294e1312" publication-type="journal">
Vidale, M. L., and H. B. Wolfe (1957), "An Operations-Research
Study of Sales Response to Advertising," Operations Research,
5 (3), 370-381.<object-id pub-id-type="jstor">10.2307/167271</object-id>
               <fpage>370</fpage>
            </mixed-citation>
         </ref>
         <ref id="d34294e1331a1310">
            <mixed-citation id="d34294e1335" publication-type="book">
Wang, Paul (1994), "Measuring ROI," in Integrated Marketing
Communications Symposium, Ronald Kaatz, ed., Lincolnwood,
IL: NTC Business Books, 32-44.<person-group>
                  <string-name>
                     <surname>Wang</surname>
                  </string-name>
               </person-group>
               <comment content-type="section">Measuring ROI</comment>
               <fpage>32</fpage>
               <source>Integrated Marketing Communications Symposium</source>
               <year>1994</year>
            </mixed-citation>
         </ref>
         <ref id="d34294e1371a1310">
            <mixed-citation id="d34294e1375" publication-type="journal">
Zinkhan, George M., and James A. Verbrugge (2000), "The
Marketing/Finance Interface: Two Divergent and Comple-
mentary Views of the Firm," Journal of Business Research,
50 (2), 43.<person-group>
                  <string-name>
                     <surname>Zinkhan</surname>
                  </string-name>
               </person-group>
               <issue>2</issue>
               <fpage>43</fpage>
               <volume>50</volume>
               <source>Journal of Business Research</source>
               <year>2000</year>
            </mixed-citation>
         </ref>
         <ref id="d34294e1416a1310">
            <mixed-citation id="d34294e1420" publication-type="book">
Zyman, Sergio (1999), The End of Marketing as We Know It, New
York: HarperBusiness.<person-group>
                  <string-name>
                     <surname>Zyman</surname>
                  </string-name>
               </person-group>
               <source>The End of Marketing as We Know It</source>
               <year>1999</year>
            </mixed-citation>
         </ref>
      </ref-list>
   </back>
</article>
