<article xmlns:xsi="http://www.w3.org/2001/XMLSchema-instance"
         xmlns:xlink="http://www.w3.org/1999/xlink"
         xmlns:mml="http://www.w3.org/1998/Math/MathML"
         dtd-version="1.0"
         article-type="research-article">
   <front>
      <journal-meta>
         <journal-id journal-id-type="jstor">jadve</journal-id>
         <journal-id journal-id-type="jstor">jadve</journal-id>
         <journal-id journal-id-type="jstor">j101355</journal-id>
         <journal-title-group>
            <journal-title>Journal of Advertising</journal-title>
         </journal-title-group>
         <publisher>
            <publisher-name>Board of Directors, American Academy of Advertising</publisher-name>
         </publisher>
         <issn pub-type="ppub">00913367</issn>
         <issn pub-type="epub">15577805</issn>
      </journal-meta>
      <article-meta>
         <article-id pub-id-type="jstor">4189061</article-id>
         <title-group>
            <article-title>Gender Stereotypes in Advertising on Children's Television in the 1990s: A Cross-National Analysis</article-title>
         </title-group>
         <contrib-group>
            <contrib contrib-type="author">
               <string-name>
                  <given-names>Beverly A.</given-names>
                  <surname>Browne</surname>
               </string-name>
            </contrib>
         </contrib-group>
         <pub-date>
            <day>1</day>
            <month>4</month>
            <year>1998</year>
         </pub-date>
         <volume>27</volume>
         <issue>1</issue>
         <issue-id>i394099</issue-id>
         <fpage>83</fpage>
         <lpage>96</lpage>
         <page-range>83-96</page-range>
         <permissions>
            <copyright-statement>Copyright 1998 American Academy of Advertising</copyright-statement>
         </permissions>
         <self-uri xlink:href="http://www.jstor.org/stable/4189061"/>
         <abstract>
            <p>Using content analysis, the author examined sex role stereotyping in television commercials aimed at children in the United States and Australia. The goals of the study were to: (1) provide current data on level and content of gender stereotyping, (2) compare levels of stereotyping in two countries, and (3) assess stereotyping of self-presentational behaviors. Results are consistent with those of previous research in that boys were depicted as being more knowledgeable, active, aggressive, and instrumental than girls. Nonverbal behaviors involving dominance and control were associated more with boys than girls. Country-related differences in ratios of boys to girls in the commercials and demonstrations of licensed withdrawal, function ranking, and utilitarian contact were observed.</p>
         </abstract>
         <custom-meta-group>
            <custom-meta>
               <meta-name>lang</meta-name>
               <meta-value>eng</meta-value>
            </custom-meta>
         </custom-meta-group>
      </article-meta>
   </front>
   <back>
      <ref-list>
         <title>References</title>
         <ref id="d31090e124a1310">
            <mixed-citation id="d31090e128" publication-type="book">
Bandura, Albert (1986), Social Foundations of Thought and Ac-
tion: A Social Cognitive Theory, Englewood Cliffs, NJ: Prentice
Hall.<person-group>
                  <string-name>
                     <surname>Bandura</surname>
                  </string-name>
               </person-group>
               <source>Social Foundations of Thought and Action: A Social Cognitive Theory</source>
               <year>1986</year>
            </mixed-citation>
         </ref>
         <ref id="d31090e157a1310">
            <mixed-citation id="d31090e161" publication-type="journal">
Bretl, Daniel J. and Joanne Cantor (1988), The Portrayal of Men
and Women in U.S. Television Commercials: A Recent Con-
tent Analysis and Trends Over 15 Years," Sex Roles, 18 (9/10),
595-608.<person-group>
                  <string-name>
                     <surname>Bretl</surname>
                  </string-name>
               </person-group>
               <issue>9</issue>
               <fpage>595</fpage>
               <volume>18</volume>
               <source>Sex Roles</source>
               <year>1988</year>
            </mixed-citation>
         </ref>
         <ref id="d31090e202a1310">
            <mixed-citation id="d31090e206" publication-type="journal">
Bussey, Kay and Albert Bandura (1984), "Influence of Gender
Constancy and Social Power on Sex-Linked Modeling," Jour-
nal of Personality and Social Psychology, 47 (6), 1292-1302.<person-group>
                  <string-name>
                     <surname>Bussey</surname>
                  </string-name>
               </person-group>
               <issue>6</issue>
               <fpage>1292</fpage>
               <volume>47</volume>
               <source>Journal of Personality and Social Psychology</source>
               <year>1984</year>
            </mixed-citation>
         </ref>
         <ref id="d31090e244a1310">
            <mixed-citation id="d31090e248" publication-type="book">
Butler, Matilda and William Paisley (1980), Women and the Mass
Media: Sourcebook for Research and Action, New York: Hu-
man Sciences Press.<person-group>
                  <string-name>
                     <surname>Butler</surname>
                  </string-name>
               </person-group>
               <source>Women and the Mass Media: Sourcebook for Research and Action</source>
               <year>1980</year>
            </mixed-citation>
         </ref>
         <ref id="d31090e278a1310">
            <mixed-citation id="d31090e282" publication-type="journal">
Costanzo, Mark (1992), Training Students to Decode Verbal and
Nonverbal Cues: Effects on Confidence and Performance,*
Journal of Educational Psychology, 84 (3), 308-313.<person-group>
                  <string-name>
                     <surname>Costanzo</surname>
                  </string-name>
               </person-group>
               <issue>3</issue>
               <fpage>308</fpage>
               <volume>84</volume>
               <source>Journal of Educational Psychology</source>
               <year>1992</year>
            </mixed-citation>
         </ref>
         <ref id="d31090e320a1310">
            <mixed-citation id="d31090e324" publication-type="book">
Courtney, Alice E. and Thomas W. Whipple (1984), Sex Stereotyp-
ing in Advertising, Lexington, MA: Lexington Books.<person-group>
                  <string-name>
                     <surname>Courtney</surname>
                  </string-name>
               </person-group>
               <source>Sex Stereotyping in Advertising</source>
               <year>1984</year>
            </mixed-citation>
         </ref>
         <ref id="d31090e349a1310">
            <mixed-citation id="d31090e353" publication-type="journal">
Durkin, Kevin (1984), "Children's Accounts of Sex-Role Stereo-
types in Television," Communication Research, 11 (3), 341-
362.<person-group>
                  <string-name>
                     <surname>Durkin</surname>
                  </string-name>
               </person-group>
               <issue>3</issue>
               <fpage>341</fpage>
               <volume>11</volume>
               <source>Communication Research</source>
               <year>1984</year>
            </mixed-citation>
         </ref>
         <ref id="d31090e391a1310">
            <mixed-citation id="d31090e395" publication-type="journal">
— (1985a), "Television and Sex Role Acquisition: Con-
tent," British Journal of Social Psychology, 24 (2), 101-113.<person-group>
                  <string-name>
                     <surname>Durkin</surname>
                  </string-name>
               </person-group>
               <issue>2</issue>
               <fpage>101</fpage>
               <volume>24</volume>
               <source>British Journal of Social Psychology</source>
               <year>1985</year>
            </mixed-citation>
         </ref>
         <ref id="d31090e430a1310">
            <mixed-citation id="d31090e434" publication-type="book">
—1985b), Television, Sex Roles, and Children, Phila-
delphia: Open University Press.<person-group>
                  <string-name>
                     <surname>Durkin</surname>
                  </string-name>
               </person-group>
               <source>Television, Sex Roles, and Children</source>
               <year>1985</year>
            </mixed-citation>
         </ref>
         <ref id="d31090e459a1310">
            <mixed-citation id="d31090e463" publication-type="book">
Edgar, Patricia and Hilary McPhee (1974), Media She, Melbourne:
Heinemann.<person-group>
                  <string-name>
                     <surname>Edgar</surname>
                  </string-name>
               </person-group>
               <source>Media She</source>
               <year>1974</year>
            </mixed-citation>
         </ref>
         <ref id="d31090e489a1310">
            <mixed-citation id="d31090e493" publication-type="book">
Emmerich, W., K. S. Goldman, B. Kirsh, and R. Sharabany (1976),
Development of Gender Constancy in Economically Disadvan-
taged Children, Report of the Educational Testing Service,
Princeton, NJ.<person-group>
                  <string-name>
                     <surname>Emmerich</surname>
                  </string-name>
               </person-group>
               <source>Development of Gender Constancy in Economically Disadvantaged Children</source>
               <year>1976</year>
            </mixed-citation>
         </ref>
         <ref id="d31090e525a1310">
            <mixed-citation id="d31090e529" publication-type="journal">
Frueh, T. and P. E. McGhee ( 1975), "Traditional Sex Role Develop-
ment and Amount of Time Spent Watching Television," Devel-
opmental Psychology, 11(1), 109.<person-group>
                  <string-name>
                     <surname>Frueh</surname>
                  </string-name>
               </person-group>
               <issue>1</issue>
               <fpage>109</fpage>
               <volume>11</volume>
               <source>Developmental Psychology</source>
               <year>1975</year>
            </mixed-citation>
         </ref>
         <ref id="d31090e567a1310">
            <mixed-citation id="d31090e571" publication-type="journal">
Gilly, Mary C. (1988), "Sex Roles in Advertising: A Comparison of
Television Advertisements in Australia, Mexico, and the
United States," Journal of Marketing, 52 (2), 75-85.<object-id pub-id-type="doi">10.2307/1251266</object-id>
               <fpage>75</fpage>
            </mixed-citation>
         </ref>
         <ref id="d31090e590a1310">
            <mixed-citation id="d31090e594" publication-type="book">
Goffman, Erving (1976), Gender Advertisements, Cambridge, MA:
Harvard University Press.<person-group>
                  <string-name>
                     <surname>Goffman</surname>
                  </string-name>
               </person-group>
               <source>Gender Advertisements</source>
               <year>1976</year>
            </mixed-citation>
         </ref>
         <ref id="d31090e619a1310">
            <mixed-citation id="d31090e623" publication-type="journal">
Huston, Aletha C, Douglas Greer, John C. Wright, Renate Welch,
and Rhonda Ross (1984), "Children's Comprehension of Tele-
vised Formal Features with Masculine and Feminine Conno-
tations,* Developmental Psychology, 20 (July), 707-716.<person-group>
                  <string-name>
                     <surname>Huston</surname>
                  </string-name>
               </person-group>
               <issue>July</issue>
               <fpage>707</fpage>
               <volume>20</volume>
               <source>Developmental Psychology</source>
               <year>1984</year>
            </mixed-citation>
         </ref>
         <ref id="d31090e664a1310">
            <mixed-citation id="d31090e668" publication-type="journal">
Kassarjian, Harold H. (1977), "Content Analysis in Consumer Re-
search," Journal of Consumer Research, 4 (June), 8-18.<object-id pub-id-type="jstor">10.2307/2488631</object-id>
               <fpage>8</fpage>
            </mixed-citation>
         </ref>
         <ref id="d31090e685a1310">
            <mixed-citation id="d31090e689" publication-type="journal">
Klassen, Michael L., Cynthia M. Jasper, and Anne M. Schwartz
(1993), "Men and Women: Images of Their Relationships in
Magazine Advertisements," Journal of Advertising Research,
22 (March/April), 30-39.<person-group>
                  <string-name>
                     <surname>Klassen</surname>
                  </string-name>
               </person-group>
               <issue>March</issue>
               <fpage>30</fpage>
               <volume>22</volume>
               <source>Journal of Advertising Research</source>
               <year>1993</year>
            </mixed-citation>
         </ref>
         <ref id="d31090e730a1310">
            <mixed-citation id="d31090e734" publication-type="book">
Kolbe, Richard H. ( 1990), "Gender Roles in Children's Advertising:
A Longitudinal Content Analysis," in Current Issues and Re-
search in Advertising, James H. Leigh and Claude R. Martin,
Jr., eds., Ann Arbor, MI: Division of Research, Graduate
School of Business Administration, University of Michigan,
197-206.<person-group>
                  <string-name>
                     <surname>Kolbe</surname>
                  </string-name>
               </person-group>
               <comment content-type="section">Gender Roles in Children's Advertising: A Longitudinal Content Analysis</comment>
               <fpage>197</fpage>
               <source>Current Issues and Research in Advertising</source>
               <year>1990</year>
            </mixed-citation>
         </ref>
         <ref id="d31090e778a1310">
            <mixed-citation id="d31090e782" publication-type="journal">
— and Paul J. Albanese (1996), "Man to Man: A Con-
tent Analysis of Sole Male Images in Male-Audience Maga-
zines," Journal of Advertising, 25 (4), 1-20.<person-group>
                  <string-name>
                     <surname>Kolbe</surname>
                  </string-name>
               </person-group>
               <issue>4</issue>
               <fpage>1</fpage>
               <volume>25</volume>
               <source>Journal of Advertising</source>
               <year>1996</year>
            </mixed-citation>
         </ref>
         <ref id="d31090e820a1310">
            <mixed-citation id="d31090e824" publication-type="journal">
and Melissa S. Burnett (1991), "Content Analysis
Research: An Examination of Applications with Directions
for Improving Research Reliability and Objectivity," Journal
of Consumer Research, 18 (September), 243-250.<object-id pub-id-type="jstor">10.2307/2489559</object-id>
               <fpage>243</fpage>
            </mixed-citation>
         </ref>
         <ref id="d31090e847a1310">
            <mixed-citation id="d31090e851" publication-type="journal">
—nd Darrell Muehling (1995), "Gender Roles and
Children's Television Advertising," Journal of Current Issues
and Research in Advertising, 17 (1), 49-63.<person-group>
                  <string-name>
                     <surname>Kolbe</surname>
                  </string-name>
               </person-group>
               <issue>1</issue>
               <fpage>49</fpage>
               <volume>17</volume>
               <source>Journal of Current Issues and Research in Advertising</source>
               <year>1995</year>
            </mixed-citation>
         </ref>
         <ref id="d31090e889a1310">
            <mixed-citation id="d31090e893" publication-type="book">
Krippendorf, Klaus (1980? Content Analysis: An Introduction to
its Methodology, Beverly Hills, CA: Sage Publications.<person-group>
                  <string-name>
                     <surname>Krippendorf</surname>
                  </string-name>
               </person-group>
               <source>Content Analysis: An Introduction to its Methodology</source>
               <year>1980</year>
            </mixed-citation>
         </ref>
         <ref id="d31090e919a1310">
            <mixed-citation id="d31090e923" publication-type="journal">
Kuhn, Dean na, Sharon Churnin Nash, and Laura Brücken (1978),
"Sex Role Concepts of Two- and Three-Year-Olds," Child De-
velopment, 49 (2), 445-451.<object-id pub-id-type="doi">10.2307/1128709</object-id>
               <fpage>445</fpage>
            </mixed-citation>
         </ref>
         <ref id="d31090e942a1310">
            <mixed-citation id="d31090e946" publication-type="book">
Liebert, Robert M. and Joyce Spraikin (1988), The Early Window:
Effects of Television on Children and Youth, New York:
Pergamon Press.<person-group>
                  <string-name>
                     <surname>Liebert</surname>
                  </string-name>
               </person-group>
               <source>The Early Window: Effects of Television on Children and Youth</source>
               <year>1988</year>
            </mixed-citation>
         </ref>
         <ref id="d31090e975a1310">
            <mixed-citation id="d31090e979" publication-type="journal">
Lovdal, Lynn T. ( 1989), "Sex Role Messages in Television Commer-
cials: An Update," Sex Roles, 21 (11/12), 715-721.<person-group>
                  <string-name>
                     <surname>Lovdal</surname>
                  </string-name>
               </person-group>
               <issue>11</issue>
               <fpage>715</fpage>
               <volume>21</volume>
               <source>Sex Roles</source>
               <year>1989</year>
            </mixed-citation>
         </ref>
         <ref id="d31090e1014a1310">
            <mixed-citation id="d31090e1018" publication-type="book">
Mackay, Hugh ( 1993), Reinventing Australia: The Mood and Mind
of Australia in the 90s, Pymble, NSW: Angus and Robertson.<person-group>
                  <string-name>
                     <surname>Mackay</surname>
                  </string-name>
               </person-group>
               <source>Reinventing Australia: The Mood and Mind of Australia in the 90s</source>
               <year>1993</year>
            </mixed-citation>
         </ref>
         <ref id="d31090e1043a1310">
            <mixed-citation id="d31090e1047" publication-type="journal">
Macklin, M. Carole and Richard H. Kolbe ( 1984), "Sex Role Stereo-
typing in Children's Advertising: Current and Past Trends,"
Journal of Advertising, 13 (2), 34-42.<person-group>
                  <string-name>
                     <surname>Macklin</surname>
                  </string-name>
               </person-group>
               <issue>2</issue>
               <fpage>34</fpage>
               <volume>13</volume>
               <source>Journal of Advertising</source>
               <year>1984</year>
            </mixed-citation>
         </ref>
         <ref id="d31090e1085a1310">
            <mixed-citation id="d31090e1089" publication-type="journal">
Martin, Carol Lynn and Charles F. Halverson, Jr. (1981), "A Sche-
matic Processing Model of Sex Typing and Stereotyping in
Children," Child Development, 52(4), 1119-1134.<object-id pub-id-type="doi">10.2307/1129498</object-id>
               <fpage>1119</fpage>
            </mixed-citation>
         </ref>
         <ref id="d31090e1109a1310">
            <mixed-citation id="d31090e1113" publication-type="journal">
Martin, Mary C. and James W. Gentry (1997), "Stuck in the Model
Trap: The Effects of Beautiful Models in Ads on Female Pre-
Adolescente and Adolescents," Journal of Advertising, 26 (2),
19-33.<person-group>
                  <string-name>
                     <surname>Martin</surname>
                  </string-name>
               </person-group>
               <issue>2</issue>
               <fpage>19</fpage>
               <volume>26</volume>
               <source>Journal of Advertising</source>
               <year>1997</year>
            </mixed-citation>
         </ref>
         <ref id="d31090e1154a1310">
            <mixed-citation id="d31090e1158" publication-type="journal">
— and Patricia Kennedy ( 1993), "Advertising and So-
cial Comparison: Consequences for Female Pre-Adoleecents
and Adolescents," Psychology and Marketing, 10 (November/
December), 513-530.<person-group>
                  <string-name>
                     <surname>Martin</surname>
                  </string-name>
               </person-group>
               <issue>November</issue>
               <fpage>513</fpage>
               <volume>10</volume>
               <source>Psychology and Marketing</source>
               <year>1993</year>
            </mixed-citation>
         </ref>
         <ref id="d31090e1199a1310">
            <mixed-citation id="d31090e1203" publication-type="journal">
Mazzella, Carmela, Kevin Durkin, Emma Cerini, and Paul Buaralli
(1992), "Sex Role Stereotyping on Australian Television Ad-
vertisements," Sex Roles, 26 (7/8), 243-258.<person-group>
                  <string-name>
                     <surname>Mazzella</surname>
                  </string-name>
               </person-group>
               <issue>7</issue>
               <fpage>243</fpage>
               <volume>26</volume>
               <source>Sex Roles</source>
               <year>1992</year>
            </mixed-citation>
         </ref>
         <ref id="d31090e1241a1310">
            <mixed-citation id="d31090e1245" publication-type="journal">
McArthur, L. Z. and S. V. Eisen (1976), "Television and Sex Role
Stereotyping," Journal of Applied Psychology, 60 (4), 329-351.<person-group>
                  <string-name>
                     <surname>McArthur</surname>
                  </string-name>
               </person-group>
               <issue>4</issue>
               <fpage>329</fpage>
               <volume>60</volume>
               <source>Journal of Applied Psychology</source>
               <year>1976</year>
            </mixed-citation>
         </ref>
         <ref id="d31090e1280a1310">
            <mixed-citation id="d31090e1284" publication-type="book">
McNeal, James U. (1992), Kids as Customers: A Handbook of
Marketing to Children, New York: Lexington Books.<person-group>
                  <string-name>
                     <surname>McNeal</surname>
                  </string-name>
               </person-group>
               <source>Kids as Customers: A Handbook of Marketing to Children</source>
               <year>1992</year>
            </mixed-citation>
         </ref>
         <ref id="d31090e1309a1310">
            <mixed-citation id="d31090e1313" publication-type="book">
Media Council of Australia (1993), Advertising Code of Ethics,
Sydney: Australia.<person-group>
                  <string-name>
                     <surname>Media Council of Australia</surname>
                  </string-name>
               </person-group>
               <source>Advertising Code of Ethics</source>
               <year>1993</year>
            </mixed-citation>
         </ref>
         <ref id="d31090e1339a1310">
            <mixed-citation id="d31090e1343" publication-type="journal">
Peck, Jeff (1979), "Children's Television Advertising: An Analy-
sis," Australian Journal of Social Issues, 14 (1), 64-76.<person-group>
                  <string-name>
                     <surname>Peck</surname>
                  </string-name>
               </person-group>
               <issue>1</issue>
               <fpage>64</fpage>
               <volume>14</volume>
               <source>Australian Journal of Social Issues</source>
               <year>1979</year>
            </mixed-citation>
         </ref>
         <ref id="d31090e1378a1310">
            <mixed-citation id="d31090e1382" publication-type="journal">
Ruble, Diane ?., Terry Balaban, and Joel Cooper (1981), "Gender
Constancy and the Effects of Sex-Typed Television Toy Com-
mercials," Child Development, 52 (2), 667-673.<object-id pub-id-type="doi">10.2307/1129188</object-id>
               <fpage>667</fpage>
            </mixed-citation>
         </ref>
         <ref id="d31090e1401a1310">
            <mixed-citation id="d31090e1405" publication-type="journal">
Schwartz, Lori A. and William T. Markham (1985), "Sex Stereo-
typing in Children's Toy Advertisements," Sex Roles, 12 (1/2),
157-170.<person-group>
                  <string-name>
                     <surname>Schwartz</surname>
                  </string-name>
               </person-group>
               <issue>1</issue>
               <fpage>157</fpage>
               <volume>12</volume>
               <source>Sex Roles</source>
               <year>1985</year>
            </mixed-citation>
         </ref>
         <ref id="d31090e1443a1310">
            <mixed-citation id="d31090e1447" publication-type="journal">
Sternglanz, S. H. and L. ?. Serbin (1974), "Sex Role Stereotyping
in Children's Television Programs," Developmental Psychol-
ogy, 10(5), 710-715.<person-group>
                  <string-name>
                     <surname>Sternglanz</surname>
                  </string-name>
               </person-group>
               <issue>5</issue>
               <fpage>710</fpage>
               <volume>10</volume>
               <source>Developmental Psychology</source>
               <year>1974</year>
            </mixed-citation>
         </ref>
         <ref id="d31090e1485a1310">
            <mixed-citation id="d31090e1489" publication-type="journal">
Tan, A. S. (1979), "Beauty Aids and Role Expectations of Adoles-
cent Viewers," Journalism Quarterly, 56 (Summer), 283-288.<person-group>
                  <string-name>
                     <surname>Tan</surname>
                  </string-name>
               </person-group>
               <issue>Summer</issue>
               <fpage>283</fpage>
               <volume>56</volume>
               <source>Journalism Quarterly</source>
               <year>1979</year>
            </mixed-citation>
         </ref>
         <ref id="d31090e1524a1310">
            <mixed-citation id="d31090e1528" publication-type="book">
Ward, Scott, Daniel B. Wackman, and Ellen Wartella (1977), How
Children Learn to Buy, Beverly Hills, CA: Sage Publications.<person-group>
                  <string-name>
                     <surname>Ward</surname>
                  </string-name>
               </person-group>
               <source>How Children Learn to Buy</source>
               <year>1977</year>
            </mixed-citation>
         </ref>
         <ref id="d31090e1554a1310">
            <mixed-citation id="d31090e1558" publication-type="book">
Webber, Robert P. (1990), Basic Content Analysis, Newbury Park,
CA: Sage Publications.<person-group>
                  <string-name>
                     <surname>Webber</surname>
                  </string-name>
               </person-group>
               <source>Basic Content Analysis</source>
               <year>1990</year>
            </mixed-citation>
         </ref>
         <ref id="d31090e1583a1310">
            <mixed-citation id="d31090e1587" publication-type="journal">
Welch, Renate L., Aletha Huston-Stein, John C. Wright, and Rob-
ert Phelal (1979), "Subtle Sex Role Cues in Children's Com-
mercials," Journal of Communication, 29 (Summer), 202-209.<person-group>
                  <string-name>
                     <surname>Welch</surname>
                  </string-name>
               </person-group>
               <issue>Summer</issue>
               <fpage>202</fpage>
               <volume>29</volume>
               <source>Journal of Communication</source>
               <year>1979</year>
            </mixed-citation>
         </ref>
         <ref id="d31090e1625a1310">
            <mixed-citation id="d31090e1629" publication-type="book">
Williams, John E. and Deborah L. Best (1990), Measuring Sex
Stereotypes, Newbury Park, CA: Sage Publications.<person-group>
                  <string-name>
                     <surname>Williams</surname>
                  </string-name>
               </person-group>
               <source>Measuring Sex Stereotypes</source>
               <year>1990</year>
            </mixed-citation>
         </ref>
         <ref id="d31090e1654a1310">
            <mixed-citation id="d31090e1658" publication-type="journal">
Zinkhan, G. M. (1994), "Advertising Ethics: Emerging Methods
and Trends," Journal of Advertising, 23 (3), 1-4.<person-group>
                  <string-name>
                     <surname>Zinkhan</surname>
                  </string-name>
               </person-group>
               <issue>3</issue>
               <fpage>1</fpage>
               <volume>23</volume>
               <source>Journal of Advertising</source>
               <year>1994</year>
            </mixed-citation>
         </ref>
      </ref-list>
   </back>
</article>
