<article xmlns:xsi="http://www.w3.org/2001/XMLSchema-instance"
         xmlns:xlink="http://www.w3.org/1999/xlink"
         xmlns:mml="http://www.w3.org/1998/Math/MathML"
         dtd-version="1.0"
         article-type="research-article">
   <front>
      <journal-meta>
         <journal-id journal-id-type="jstor">jadve</journal-id>
         <journal-id journal-id-type="jstor">jadve</journal-id>
         <journal-id journal-id-type="jstor">j101355</journal-id>
         <journal-title-group>
            <journal-title>Journal of Advertising</journal-title>
         </journal-title-group>
         <publisher>
            <publisher-name>Board of Directors, American Academy of Advertising</publisher-name>
         </publisher>
         <issn pub-type="ppub">00913367</issn>
         <issn pub-type="epub">15577805</issn>
      </journal-meta>
      <article-meta>
         <article-id pub-id-type="jstor">4189177</article-id>
         <title-group>
            <article-title>Exploring Managers' Perceptions of the Impact of Sponsorship on Brand Equity</article-title>
         </title-group>
         <contrib-group>
            <contrib contrib-type="author">
               <string-name>T. Bettina Cornwell</string-name>
            </contrib>
            <contrib contrib-type="author">
               <string-name>Donald P. Roy</string-name>
            </contrib>
            <contrib contrib-type="author">
               <string-name>Edward A. Steinard II</string-name>
            </contrib>
         </contrib-group>
         <pub-date>
            <day>1</day>
            <month>7</month>
            <year>2001</year>
         </pub-date>
         <volume>30</volume>
         <issue>2</issue>
         <issue-id>i394112</issue-id>
         <fpage>41</fpage>
         <lpage>51</lpage>
         <page-range>41-51</page-range>
         <permissions>
            <copyright-statement>Copyright 2001 American Academy of Advertising</copyright-statement>
         </permissions>
         <self-uri xlink:href="http://www.jstor.org/stable/4189177"/>
         <abstract>
            <p>Sponsorship of sporting and other events has become an increasingly popular marketing communications vehicle. However, little research has investigated how sponsorship participation is beneficial to a firm and its brands. This study explores how managers view the brand-equity--building capabilities of their sponsorship-linked marketing programs over time. In a two-phase survey, fifty managers report on the value of sponsorships in building brand equity. Findings show that "leverage," the use of advertising and promotion to support the sponsorship, and active management involvement are significant predictors of both the perceived differentiation of the brand from its competitors and adding financial value to the brand.</p>
         </abstract>
         <custom-meta-group>
            <custom-meta>
               <meta-name>lang</meta-name>
               <meta-value>eng</meta-value>
            </custom-meta>
         </custom-meta-group>
      </article-meta>
   </front>
   <back>
      <ref-list>
         <title>References</title>
         <ref id="d31814e130a1310">
            <mixed-citation id="d31814e134" publication-type="book">
Aaker, David A. (1996), Building Strong Brands: Capitalizing on
the Value of Brand Name, New York: The Free Press.<person-group>
                  <string-name>
                     <surname>Aaker</surname>
                  </string-name>
               </person-group>
               <source>Building Strong Brands: Capitalizing on the Value of Brand Name</source>
               <year>1996</year>
            </mixed-citation>
         </ref>
         <ref id="d31814e159a1310">
            <mixed-citation id="d31814e163" publication-type="book">
and Alexander L. Biel (1993), Brand Equity and
Advertising, Hillsdale, NJ: Lawrence Erlbaum Associates.<person-group>
                  <string-name>
                     <surname>Aaker</surname>
                  </string-name>
               </person-group>
               <source>Brand Equity and Advertising</source>
               <year>1993</year>
            </mixed-citation>
         </ref>
         <ref id="d31814e188a1310">
            <mixed-citation id="d31814e192" publication-type="journal">
Abratt, Russell, Brian C. Clayton and Leyland F. Pitt (1987), "Cor-
porate Objectives in Sports Sponsorship," International Jour-
nal of Advertising, 6 (4), 299-311.<person-group>
                  <string-name>
                     <surname>Abratt</surname>
                  </string-name>
               </person-group>
               <issue>4</issue>
               <fpage>299</fpage>
               <volume>6</volume>
               <source>International Journal of Advertising</source>
               <year>1987</year>
            </mixed-citation>
         </ref>
         <ref id="d31814e230a1310">
            <mixed-citation id="d31814e234" publication-type="journal">
Amis, John, Narayan Pant and Trevor Slack (1997), "Achieving a
Sustainable Advantage: A Resource-Based View of Sport Spon-
sorship," Journal of Sport Management, 11 (1), 80-96.<person-group>
                  <string-name>
                     <surname>Amis</surname>
                  </string-name>
               </person-group>
               <issue>1</issue>
               <fpage>80</fpage>
               <volume>11</volume>
               <source>Journal of Sport Management</source>
               <year>1997</year>
            </mixed-citation>
         </ref>
         <ref id="d31814e273a1310">
            <mixed-citation id="d31814e277" publication-type="journal">
— Trevor Slack and Tim Berrett (1999), "Sport Spon-
sorship as Distinctive Competence," European Journal of Mar-
keting, 33 (3/4), 250-272.<person-group>
                  <string-name>
                     <surname>Amis</surname>
                  </string-name>
               </person-group>
               <issue>3</issue>
               <fpage>250</fpage>
               <volume>33</volume>
               <source>European Journal of Marketing</source>
               <year>1999</year>
            </mixed-citation>
         </ref>
         <ref id="d31814e315a1310">
            <mixed-citation id="d31814e319" publication-type="journal">
Anderson, James C. and David W. Gerbing (1988), "Structural
Equation Modeling in Practice: A Review and Recommended
Two-Step Approach," Psychological Bulletin, 103 (3), 411-423.<person-group>
                  <string-name>
                     <surname>Anderson</surname>
                  </string-name>
               </person-group>
               <issue>3</issue>
               <fpage>411</fpage>
               <volume>103</volume>
               <source>Psychological Bulletin</source>
               <year>1988</year>
            </mixed-citation>
         </ref>
         <ref id="d31814e357a1310">
            <mixed-citation id="d31814e361" publication-type="journal">
Armstrong, Clive (1988), "Sports Sponsorship: A Case-Study Ap-
proach to Measuring its Effectiveness," European Research,
(May), 97-103.<person-group>
                  <string-name>
                     <surname>Armstrong</surname>
                  </string-name>
               </person-group>
               <issue>May</issue>
               <fpage>97</fpage>
               <source>European Research</source>
               <year>1988</year>
            </mixed-citation>
         </ref>
         <ref id="d31814e396a1310">
            <mixed-citation id="d31814e400" publication-type="journal">
Black, J.A. and K.B. Boal (1994), "Strategic Resources, Traits, Con-
figurations, and Paths to Sustainable Competitive Advantage,"
Strategic Management Journal, 15 (Summer), 131-148.<object-id pub-id-type="jstor">10.2307/2486880</object-id>
               <fpage>131</fpage>
            </mixed-citation>
         </ref>
         <ref id="d31814e419a1310">
            <mixed-citation id="d31814e423" publication-type="journal">
Brown, James R. and Robert F. Lusch (1992), "Using Key Infor-
mants in Marketing Channels Research: A Critique and Some
Preliminaiy Guidelines," Advances in Distribution Channel
Research, 1, 45-79.<person-group>
                  <string-name>
                     <surname>Brown</surname>
                  </string-name>
               </person-group>
               <fpage>45</fpage>
               <volume>1</volume>
               <source>Advances in Distribution Channel Research</source>
               <year>1992</year>
            </mixed-citation>
         </ref>
         <ref id="d31814e461a1310">
            <mixed-citation id="d31814e465" publication-type="journal">
Cobb-Walgren, Cathy J., Cynthia A. Ruble and Naveen Donthu
(1995), "Brand Equity, Brand Preference, and Purchase ln-
tent," Journal of Advertising, 24 (Fall), 25-40.<person-group>
                  <string-name>
                     <surname>Cobb-Walgren</surname>
                  </string-name>
               </person-group>
               <issue>Fall</issue>
               <fpage>25</fpage>
               <volume>24</volume>
               <source>Journal of Advertising</source>
               <year>1995</year>
            </mixed-citation>
         </ref>
         <ref id="d31814e504a1310">
            <mixed-citation id="d31814e508" publication-type="book">
Colley, Russell H. (1961), Defining Advertising Goals for Measured
Advertising Results, New York: Association of National Ad-
vertisers, Inc.<person-group>
                  <string-name>
                     <surname>Colley</surname>
                  </string-name>
               </person-group>
               <source>Defining Advertising Goals for Measured Advertising Results</source>
               <year>1961</year>
            </mixed-citation>
         </ref>
         <ref id="d31814e537a1310">
            <mixed-citation id="d31814e541" publication-type="journal">
Copeland, Robert, Wendy Frisby and Ron McCarville (1996), "Un-
derstanding the Sport Sponsorship Process from a Corporate
Perspective," Journal of Sport Management, 10 (1), 32-48.<person-group>
                  <string-name>
                     <surname>Copeland</surname>
                  </string-name>
               </person-group>
               <issue>1</issue>
               <fpage>32</fpage>
               <volume>10</volume>
               <source>Journal of Sport Management</source>
               <year>1996</year>
            </mixed-citation>
         </ref>
         <ref id="d31814e579a1310">
            <mixed-citation id="d31814e583" publication-type="journal">
Cornwell, T. Bettina (1995), "Sponsorship-Linked Marketing De-
velopment," Sport Marketing Quarterly, 12 (4), 13-24.<person-group>
                  <string-name>
                     <surname>Cornwell</surname>
                  </string-name>
               </person-group>
               <issue>4</issue>
               <fpage>13</fpage>
               <volume>12</volume>
               <source>Sport Marketing Quarterly</source>
               <year>1995</year>
            </mixed-citation>
         </ref>
         <ref id="d31814e618a1310">
            <mixed-citation id="d31814e622" publication-type="journal">
and Isabelle Maignan (1998), "An International Review
of Sponsorship Research," Journal of Advertising, 27 (1), 1-21.<person-group>
                  <string-name>
                     <surname>Cornwell</surname>
                  </string-name>
               </person-group>
               <issue>1</issue>
               <fpage>1</fpage>
               <volume>27</volume>
               <source>Journal of Advertising</source>
               <year>1998</year>
            </mixed-citation>
         </ref>
         <ref id="d31814e657a1310">
            <mixed-citation id="d31814e661" publication-type="journal">
— Steven W. Pruitt and Robert Van Ness (2001), "An
Exploratory Analysis of the Value of Winning in Motorsports:
Sponsorship-Linked Marketing and Shareholder Wealth,"
Journal of Advertising Research, 41 (1), 1-15.<person-group>
                  <string-name>
                     <surname>Cornwell</surname>
                  </string-name>
               </person-group>
               <issue>1</issue>
               <fpage>1</fpage>
               <volume>41</volume>
               <source>Journal of Advertising Research</source>
               <year>2001</year>
            </mixed-citation>
         </ref>
         <ref id="d31814e702a1310">
            <mixed-citation id="d31814e706" publication-type="journal">
Cousens, Laura and Trevor Slack (1996), "Using Sport Sponsor-
ship to Penetrate Local Markets: The Case of the Fast Food
Industry," Journal of Sport Management, 10 (2), 169-187.<person-group>
                  <string-name>
                     <surname>Cousens</surname>
                  </string-name>
               </person-group>
               <issue>2</issue>
               <fpage>169</fpage>
               <volume>10</volume>
               <source>Journal of Sport Management</source>
               <year>1996</year>
            </mixed-citation>
         </ref>
         <ref id="d31814e745a1310">
            <mixed-citation id="d31814e749" publication-type="journal">
Crimmins, James and Martin Horn (1996), "Sponsorship: From
Management Ego Trip to Marketing Success," Journal of Ad-
vertising Research, 36 (4), 11-20.<person-group>
                  <string-name>
                     <surname>Crimmins</surname>
                  </string-name>
               </person-group>
               <issue>4</issue>
               <fpage>11</fpage>
               <volume>36</volume>
               <source>Journal of Advertising Research</source>
               <year>1996</year>
            </mixed-citation>
         </ref>
         <ref id="d31814e787a1310">
            <mixed-citation id="d31814e791" publication-type="journal">
Croft, Martin (1995), "Question of Sport," Marketing Week, 18,43-47.<person-group>
                  <string-name>
                     <surname>Croft</surname>
                  </string-name>
               </person-group>
               <fpage>43</fpage>
               <volume>18</volume>
               <source>Marketing Week</source>
               <year>1995</year>
            </mixed-citation>
         </ref>
         <ref id="d31814e820a1310">
            <mixed-citation id="d31814e824" publication-type="journal">
Dickson, John P. and Douglas L. Maclachlan (1996), "Fax Surveys:
Return Patterns and Comparison with Mail Surveys," Jour-
nal of Marketing Research, 33 (February), 108-133.<object-id pub-id-type="doi">10.2307/3152017</object-id>
               <fpage>108</fpage>
            </mixed-citation>
         </ref>
         <ref id="d31814e843a1310">
            <mixed-citation id="d31814e847" publication-type="journal">
Gerbing, David W. and James C. Anderson (1984), "On the Mean-
ing of Within-Factor Correlated Measurement Errors," Jour-
nal of Consumer Research, 11 (1), 572-580.<object-id pub-id-type="jstor">10.2307/2489144</object-id>
               <fpage>572</fpage>
            </mixed-citation>
         </ref>
         <ref id="d31814e866a1310">
            <mixed-citation id="d31814e870" publication-type="journal">
Gilbert, David (1988), "Sponsorship Strategy Is Adrift," The Quar-
terly Review of Marketing, (Autumn), 6-9.<person-group>
                  <string-name>
                     <surname>Gilbert</surname>
                  </string-name>
               </person-group>
               <issue>Autumn</issue>
               <fpage>6</fpage>
               <source>The Quarterly Review of Marketing</source>
               <year>1988</year>
            </mixed-citation>
         </ref>
         <ref id="d31814e902a1310">
            <mixed-citation id="d31814e906" publication-type="book">
Gregory, James R. and Jack G. Weichmann (1997), Leveraging the
Corporate Brand, Lincolnwood, IL: NTC Business Books.<person-group>
                  <string-name>
                     <surname>Gregory</surname>
                  </string-name>
               </person-group>
               <source>Leveraging the Corporate Brand</source>
               <year>1997</year>
            </mixed-citation>
         </ref>
         <ref id="d31814e932a1310">
            <mixed-citation id="d31814e936" publication-type="book">
Hamel, G. and C.K. Prahalad (1994), Competing for the Future:
Breakthrough Strategies for Seizing Control of Your Industry
and Creating the Markets of Tomorrow, Boston: Harvard
Business School Press.<person-group>
                  <string-name>
                     <surname>Hamel</surname>
                  </string-name>
               </person-group>
               <source>Competing for the Future: Breakthrough Strategies for Seizing Control of Your Industry and Creating the Markets of Tomorrow</source>
               <year>1994</year>
            </mixed-citation>
         </ref>
         <ref id="d31814e968a1310">
            <mixed-citation id="d31814e972" publication-type="journal">
Hoek, Janet A., Philip J. Gendall and Rohan D. West (1990), 'The Role
of Sponsorship in Marketing Planning Selected New Zealand Com-
panies," New Zealand Journal of Business, 12, 87-95.<person-group>
                  <string-name>
                     <surname>Hoek</surname>
                  </string-name>
               </person-group>
               <fpage>87</fpage>
               <volume>12</volume>
               <source>New Zealand Journal of Business</source>
               <year>1990</year>
            </mixed-citation>
         </ref>
         <ref id="d31814e1007a1310">
            <mixed-citation id="d31814e1011" publication-type="journal">
Irwin, R.L. and M.K. Asimakopoulos (1992), "An Approach to the
Evaluation and Selection of Sport Sponsorship Proposals,"
Sport Marketing Quarterly, 1 (2), 43-51.<person-group>
                  <string-name>
                     <surname>Irwin</surname>
                  </string-name>
               </person-group>
               <issue>2</issue>
               <fpage>43</fpage>
               <volume>1</volume>
               <source>Sport Marketing Quarterly</source>
               <year>1992</year>
            </mixed-citation>
         </ref>
         <ref id="d31814e1049a1310">
            <mixed-citation id="d31814e1053" publication-type="journal">
Javalgi, Rajshekhar G., Mark B. Traylor, Andrew C. Gross and
Edward Lampman (1994), "Awareness of Sponsorship and
Corporate Image: An Empirical Investigation," Journal of
Advertising, 23 (4), 47-58.<person-group>
                  <string-name>
                     <surname>Javalgi</surname>
                  </string-name>
               </person-group>
               <issue>4</issue>
               <fpage>47</fpage>
               <volume>23</volume>
               <source>Journal of Advertising</source>
               <year>1994</year>
            </mixed-citation>
         </ref>
         <ref id="d31814e1094a1310">
            <mixed-citation id="d31814e1098" publication-type="journal">
Johar, Venkataramani and Michel Tuan Pham (1999), "Related-
ness, Prominence, and Constructive Sponsor Identification,"
Journal of Marketing Research, 34 (August), 299-312.<object-id pub-id-type="doi">10.2307/3152078</object-id>
               <fpage>299</fpage>
            </mixed-citation>
         </ref>
         <ref id="d31814e1117a1310">
            <mixed-citation id="d31814e1121" publication-type="journal">
Keller, Kevin Lane (1993), "Conceptualizing, Measuring, and Man-
aging Customer-Based Brand Equity," Journal of Marketing,
57 (January), 1-22.<object-id pub-id-type="doi">10.2307/1252054</object-id>
               <fpage>1</fpage>
            </mixed-citation>
         </ref>
         <ref id="d31814e1141a1310">
            <mixed-citation id="d31814e1145" publication-type="journal">
Kumar, Nirmalaya, Louis W. Stern and James C. Anderson (1993),
"Conducting Interorganizational Research Using Key Infor-
mants," Academy of Management Journal, 36 (6), 1633-51.<object-id pub-id-type="doi">10.2307/256824</object-id>
               <fpage>1633</fpage>
            </mixed-citation>
         </ref>
         <ref id="d31814e1164a1310">
            <mixed-citation id="d31814e1168" publication-type="journal">
Kuzma, John R., William L. Shanklin and John F. McCally (1993),
"Number One Principle for Sporting Events Seeking Corpo-
rate Sponsors: Meet Benefactors' Objectives," Sport Market-
ing Quarterly, 2 (3), 27-32.<person-group>
                  <string-name>
                     <surname>Kuzma</surname>
                  </string-name>
               </person-group>
               <issue>3</issue>
               <fpage>27</fpage>
               <volume>2</volume>
               <source>Sport Marketing Quarterly</source>
               <year>1993</year>
            </mixed-citation>
         </ref>
         <ref id="d31814e1209a1310">
            <mixed-citation id="d31814e1213" publication-type="journal">
Lavidge, Robert C. and Gary A. Steiner (1961), "A Model for Pre-
dictive Measurements of Advertising Effectiveness," Journal
of Marketing, 25 (October), 59-62.<object-id pub-id-type="doi">10.2307/1248516</object-id>
               <fpage>59</fpage>
            </mixed-citation>
         </ref>
         <ref id="d31814e1232a1310">
            <mixed-citation id="d31814e1236" publication-type="journal">
Leong, Meng Siew (1985), "Metatheory and Metamethodology in
Marketing: A Lakatosian Reconstruction," Journal of Mar-
keting, 49 (Fall), 23-40.<object-id pub-id-type="doi">10.2307/1251429</object-id>
               <fpage>23</fpage>
            </mixed-citation>
         </ref>
         <ref id="d31814e1255a1310">
            <mixed-citation id="d31814e1259" publication-type="journal">
Marshall, D.W. and G. Cook (1992), 'The Corporate (Sports) Spon-
sor," International Journal of Advertising, 11 (4), 307-324.<person-group>
                  <string-name>
                     <surname>Marshall</surname>
                  </string-name>
               </person-group>
               <issue>4</issue>
               <fpage>307</fpage>
               <volume>11</volume>
               <source>International Journal of Advertising</source>
               <year>1992</year>
            </mixed-citation>
         </ref>
         <ref id="d31814e1294a1310">
            <mixed-citation id="d31814e1298" publication-type="journal">
McDonald, Colin (1991), "Sponsorship and the Image of the Spon-
sor," European Journal of Marketing, 25 (11), 31-38.<person-group>
                  <string-name>
                     <surname>McDonald</surname>
                  </string-name>
               </person-group>
               <issue>11</issue>
               <fpage>31</fpage>
               <volume>25</volume>
               <source>European Journal of Marketing</source>
               <year>1991</year>
            </mixed-citation>
         </ref>
         <ref id="d31814e1334a1310">
            <mixed-citation id="d31814e1338" publication-type="journal">
Meenaghan, T. (1991), "Sponsorship- Legitimising the Medium,"
European Journal of Marketing, 25 (11), 5-10.<person-group>
                  <string-name>
                     <surname>Meenaghan</surname>
                  </string-name>
               </person-group>
               <issue>11</issue>
               <fpage>5</fpage>
               <volume>25</volume>
               <source>European Journal of Marketing</source>
               <year>1991</year>
            </mixed-citation>
         </ref>
         <ref id="d31814e1373a1310">
            <mixed-citation id="d31814e1377" publication-type="journal">
Nicholls, J.A.F., Sydney Roslow, and Henry A. Laskey (1994),
"Sports Event Sponsorship for Brand Promotion," Journal of
Applied Business Research, 10 (4), 35-40.<person-group>
                  <string-name>
                     <surname>Nicholls</surname>
                  </string-name>
               </person-group>
               <issue>4</issue>
               <fpage>35</fpage>
               <volume>10</volume>
               <source>Journal of Applied Business Research</source>
               <year>1994</year>
            </mixed-citation>
         </ref>
         <ref id="d31814e1415a1310">
            <mixed-citation id="d31814e1419" publication-type="journal">
Park, Chan Su and V. Srinivasan (1994), "A Survey-Based Method for
Measuring and Understanding Brand Equity and Its Extendibility,"
Journal of Marketing Research, 31 (May), 271-288.<object-id pub-id-type="doi">10.2307/3152199</object-id>
               <fpage>271</fpage>
            </mixed-citation>
         </ref>
         <ref id="d31814e1438a1310">
            <mixed-citation id="d31814e1442" publication-type="journal">
Polonsky, Michael, Dennis Sandler, Marianne Casey, Sharon
Murphy, Kylie Portelli and Yvette Van Velzen (1995), "Small
Business and Sport Sponsorship: The Australian Experi-
ence," Journal of Promotion Management, 3 (1/2), 121-140.<person-group>
                  <string-name>
                     <surname>Polonsky</surname>
                  </string-name>
               </person-group>
               <issue>1</issue>
               <fpage>121</fpage>
               <volume>3</volume>
               <source>Journal of Promotion Management</source>
               <year>1995</year>
            </mixed-citation>
         </ref>
         <ref id="d31814e1483a1310">
            <mixed-citation id="d31814e1487" publication-type="journal">
Quester, Pascale G. (1997), "Awareness as a Measure of Sponsor-
ship Effectiveness: The Adelaide Formula One Grand Prix
and Evidence of Incidental Ambush Effects," Journal of Mar-
keting Communications, 3 (1), 1-20.<person-group>
                  <string-name>
                     <surname>Quester</surname>
                  </string-name>
               </person-group>
               <issue>1</issue>
               <fpage>1</fpage>
               <volume>3</volume>
               <source>Journal of Marketing Communications</source>
               <year>1997</year>
            </mixed-citation>
         </ref>
         <ref id="d31814e1528a1310">
            <mixed-citation id="d31814e1532" publication-type="book">
Rammond, Charles (1972), The State of the Art, New York: Asso-
ciation of National Advertisers, Inc.<person-group>
                  <string-name>
                     <surname>Rammond</surname>
                  </string-name>
               </person-group>
               <source>The State of the Art</source>
               <year>1972</year>
            </mixed-citation>
         </ref>
         <ref id="d31814e1558a1310">
            <mixed-citation id="d31814e1562" publication-type="journal">
Rust, Roland T. and Richard W. Oliver (1994), "The Death of
Advertising," Journal of Advertising, 23 (4), 71-77.<person-group>
                  <string-name>
                     <surname>Rust</surname>
                  </string-name>
               </person-group>
               <issue>4</issue>
               <fpage>71</fpage>
               <volume>23</volume>
               <source>Journal of Advertising</source>
               <year>1994</year>
            </mixed-citation>
         </ref>
         <ref id="d31814e1597a1310">
            <mixed-citation id="d31814e1601" publication-type="book">
Sandler, Dennis M. and David Shani (1992), 'The Value of Spon-
sorship in Sports Marketing: An Empirical Study," in Pro-
ceedings of the 1992 Conference of the American Academy of
Advertising, Leonard N. Reid, ed., Athens, GA: The Univer-
sity of Georgia, 82-83.<person-group>
                  <string-name>
                     <surname>Sandler</surname>
                  </string-name>
               </person-group>
               <comment content-type="section">The Value of Sponsorship in Sports Marketing: An Empirical Study</comment>
               <fpage>82</fpage>
               <source>Proceedings of the 1992 Conference of the American Academy of Advertising</source>
               <year>1992</year>
            </mixed-citation>
         </ref>
         <ref id="d31814e1642a1310">
            <mixed-citation id="d31814e1646" publication-type="journal">
Scott, D.R. and Hazel T. Suchard (1992), "Motivations for Austra-
lian Expenditure on Sponsorship: An Analysis," International
Journal of Advertising, 11 (4), 325-332.<person-group>
                  <string-name>
                     <surname>Scott</surname>
                  </string-name>
               </person-group>
               <issue>4</issue>
               <fpage>325</fpage>
               <volume>11</volume>
               <source>International Journal of Advertising</source>
               <year>1992</year>
            </mixed-citation>
         </ref>
         <ref id="d31814e1684a1310">
            <mixed-citation id="d31814e1688" publication-type="book">
Smith, Kerry E., ed. (1996), Promo's Sourcebook, Stamford, CT:
Cowles Business Media.<person-group>
                  <string-name>
                     <surname>Smith</surname>
                  </string-name>
               </person-group>
               <source>Promo's Sourcebook</source>
               <year>1996</year>
            </mixed-citation>
         </ref>
         <ref id="d31814e1713a1310">
            <mixed-citation id="d31814e1717" publication-type="book">
Tabachnick, Barbara G. and Linda S. Fidell (1989), Using Multivariate
Statistics, 2d ed., New York. Harper and Row Publishers.<person-group>
                  <string-name>
                     <surname>Tabachnick</surname>
                  </string-name>
               </person-group>
               <edition>2</edition>
               <source>Using Multivariate Statistics</source>
               <year>1989</year>
            </mixed-citation>
         </ref>
         <ref id="d31814e1746a1310">
            <mixed-citation id="d31814e1750" publication-type="journal">
Thwaites, Des and Andrew Carruthers (1998), "Practical Applica-
tions of Sponsorship Theory: Empirical Evidence from English
Club Rugby," Journal of Sport Management, 12 (3), 203-219.<person-group>
                  <string-name>
                     <surname>Thwaites</surname>
                  </string-name>
               </person-group>
               <issue>3</issue>
               <fpage>203</fpage>
               <volume>12</volume>
               <source>Journal of Sport Management</source>
               <year>1998</year>
            </mixed-citation>
         </ref>
         <ref id="d31814e1789a1310">
            <mixed-citation id="d31814e1793" publication-type="book">
Turco, Douglas M. (1995), 'The Influence of Sponsorship on Prod-
uct Recall and Image Among Sport Spectators," World Mar-
keting Congress Proceedings, 7 (3), 11.6-11.10.<person-group>
                  <string-name>
                     <surname>Turco</surname>
                  </string-name>
               </person-group>
               <comment content-type="section">The Influence of Sponsorship on Product Recall and Image Among Sport Spectators</comment>
               <fpage>11.6</fpage>
               <volume>7</volume>
               <source>World Marketing Congress Proceedings</source>
               <year>1995</year>
            </mixed-citation>
         </ref>
         <ref id="d31814e1831a1310">
            <mixed-citation id="d31814e1835" publication-type="journal">
Witcher, Barry, J. Gordon Craigen, Dennis Culligan and Andrew
Harvey (1991), 'The Links Between Objectives and Function
in Organizational Sponsorship," International Journal of Ad-
vertising, 10 (1), 13-21.<person-group>
                  <string-name>
                     <surname>Witcher</surname>
                  </string-name>
               </person-group>
               <issue>1</issue>
               <fpage>13</fpage>
               <volume>10</volume>
               <source>International Journal of Advertising</source>
               <year>1991</year>
            </mixed-citation>
         </ref>
      </ref-list>
   </back>
</article>
