<article xmlns:xsi="http://www.w3.org/2001/XMLSchema-instance"
         xmlns:xlink="http://www.w3.org/1999/xlink"
         xmlns:mml="http://www.w3.org/1998/Math/MathML"
         dtd-version="1.0"
         article-type="research-article">
   <front>
      <journal-meta>
         <journal-id journal-id-type="jstor">jadve</journal-id>
         <journal-id journal-id-type="jstor">jadve</journal-id>
         <journal-id journal-id-type="jstor">j101355</journal-id>
         <journal-title-group>
            <journal-title>Journal of Advertising</journal-title>
         </journal-title-group>
         <publisher>
            <publisher-name>Board of Directors, American Academy of Advertising</publisher-name>
         </publisher>
         <issn pub-type="ppub">00913367</issn>
         <issn pub-type="epub">15577805</issn>
      </journal-meta>
      <article-meta>
         <article-id pub-id-type="jstor">4189202</article-id>
         <title-group>
            <article-title>From the Guest Editors</article-title>
         </title-group>
         <contrib-group>
            <contrib contrib-type="author">
               <string-name>Ruth Ann Weaver Lariscy</string-name>
            </contrib>
            <contrib contrib-type="author">
               <string-name>
                  <given-names>Spencer F.</given-names>
                  <surname>Tinkham</surname>
               </string-name>
            </contrib>
         </contrib-group>
         <pub-date>
            <day>1</day>
            <month>4</month>
            <year>2002</year>
         </pub-date>
         <volume>31</volume>
         <issue>1</issue>
         <issue-id>i394115</issue-id>
         <fpage/>
         <lpage/>
         <page-range/>
         <permissions>
            <copyright-statement>Copyright 2002 American Academy of Advertising</copyright-statement>
         </permissions>
         <self-uri xlink:href="http://www.jstor.org/stable/4189202"/>
         <custom-meta-group>
            <custom-meta>
               <meta-name>lang</meta-name>
               <meta-value>eng</meta-value>
            </custom-meta>
         </custom-meta-group>
      </article-meta>
   </front>
   <back>
      <ref-list>
         <title>References</title>
         <ref id="d20616e123a1310">
            <mixed-citation id="d20616e127" publication-type="journal">
Drew, Dan and David Weaver (1998), "Voter Learning in the 1996 Election: Did the Media Matter?" Journalism &amp; Mass
Communication Quarterly, 75 (2), 292-301.<person-group>
                  <string-name>
                     <surname>Drew</surname>
                  </string-name>
               </person-group>
               <issue>2</issue>
               <fpage>292</fpage>
               <volume>75</volume>
               <source>Journalism &amp; Mass Communication Quarterly</source>
               <year>1998</year>
            </mixed-citation>
         </ref>
         <ref id="d20616e162a1310">
            <mixed-citation id="d20616e166" publication-type="book">
Krugman, Dean M., Leonard N. Reid, S. Watson Dunn, and Arnold M. Barban (1994), Advertising: Its Role in Modern
Marketing, 8th ed., Fort Worth, TX: The Dryden Press.<person-group>
                  <string-name>
                     <surname>Krugman</surname>
                  </string-name>
               </person-group>
               <edition>8</edition>
               <source>Advertising: Its Role in Modern Marketing</source>
               <year>1994</year>
            </mixed-citation>
         </ref>
         <ref id="d20616e195a1310">
            <mixed-citation id="d20616e199" publication-type="journal">
Larson, Carlton F.W. (1999), "Bearing False Witness," Yale Law Journal, 108 (5), 1155-1162.<object-id pub-id-type="doi">10.2307/797373</object-id>
               <fpage>1155</fpage>
            </mixed-citation>
         </ref>
         <ref id="d20616e212a1310">
            <mixed-citation id="d20616e216" publication-type="book">
Media Studies Center (2000), The Media and Campaign 2000, New York: The Media Studies Center.<person-group>
                  <string-name>
                     <surname>Media Studies Center</surname>
                  </string-name>
               </person-group>
               <source>The Media and Campaign 2000</source>
               <year>2000</year>
            </mixed-citation>
         </ref>
         <ref id="d20616e239a1310">
            <mixed-citation id="d20616e243" publication-type="journal">
O'Toole, John (1988), "Regulate Political Ads? They Give Us Bad Image," Advertising Age, (November 28), 17.<person-group>
                  <string-name>
                     <surname>O'Toole</surname>
                  </string-name>
               </person-group>
               <issue>November 28</issue>
               <fpage>17</fpage>
               <source>Advertising Age</source>
               <year>1988</year>
            </mixed-citation>
         </ref>
         <ref id="d20616e272a1310">
            <mixed-citation id="d20616e276" publication-type="journal">
Perkins, Anne (1994), "Advertising: The Costs of Deception," Harvard Business Review, 72 (3), 10-11.<person-group>
                  <string-name>
                     <surname>Perkins</surname>
                  </string-name>
               </person-group>
               <issue>3</issue>
               <fpage>10</fpage>
               <volume>72</volume>
               <source>Harvard Business Review</source>
               <year>1994</year>
            </mixed-citation>
         </ref>
      </ref-list>
   </back>
</article>
