<article xmlns:xsi="http://www.w3.org/2001/XMLSchema-instance"
         xmlns:xlink="http://www.w3.org/1999/xlink"
         xmlns:mml="http://www.w3.org/1998/Math/MathML"
         dtd-version="1.0"
         article-type="research-article">
   <front>
      <journal-meta>
         <journal-id journal-id-type="jstor">jadve</journal-id>
         <journal-id journal-id-type="jstor">jadve</journal-id>
         <journal-id journal-id-type="jstor">j101355</journal-id>
         <journal-title-group>
            <journal-title>Journal of Advertising</journal-title>
         </journal-title-group>
         <publisher>
            <publisher-name>Board of Directors, American Academy of Advertising</publisher-name>
         </publisher>
         <issn pub-type="ppub">00913367</issn>
         <issn pub-type="epub">15577805</issn>
      </journal-meta>
      <article-meta>
         <article-id pub-id-type="jstor">4189062</article-id>
         <title-group>
            <article-title>Exploring Life Themes and Myths in Alcohol Advertisements through a Meaning-Based Model of Advertising Experiences</article-title>
         </title-group>
         <contrib-group>
            <contrib contrib-type="author">
               <string-name>Betty J. Parker</string-name>
            </contrib>
         </contrib-group>
         <pub-date>
            <day>1</day>
            <month>4</month>
            <year>1998</year>
         </pub-date>
         <volume>27</volume>
         <issue>1</issue>
         <issue-id>i394099</issue-id>
         <fpage>97</fpage>
         <lpage>112</lpage>
         <page-range>97-112</page-range>
         <permissions>
            <copyright-statement>Copyright 1998 American Academy of Advertising</copyright-statement>
         </permissions>
         <self-uri xlink:href="http://www.jstor.org/stable/4189062"/>
         <abstract>
            <p>A meaning-based, reader-response model of advertising is applied to a study of college students exposed to alcohol advertisements to describe (1) how life experiences influence consumers' experiences of advertisements and (2) how the powerful alcohol-related "myths" identified in previous content analyses are also identified by the targets of the ads. Interpretive analysis of in-depth interviews reveals that informants' life themes are evident in their experiences of alcohol advertisements, suggesting that ad interpretations are a function of highly individual cognitions developed by young people about themselves, alcohol, and advertising during their lives. The findings support the notion that advertising should be analyzed holistically and in context to understand the powerful meanings consumers experience in advertising messages in general and in alcohol advertising in particular.</p>
         </abstract>
         <custom-meta-group>
            <custom-meta>
               <meta-name>lang</meta-name>
               <meta-value>eng</meta-value>
            </custom-meta>
         </custom-meta-group>
      </article-meta>
   </front>
   <back>
      <ref-list>
         <title>References</title>
         <ref id="d31097e127a1310">
            <mixed-citation id="d31097e131" publication-type="book">
Andrews, J. Craig and Richard G. Netemeyer (1996), "Alcohol
Warning Label Effects: Socialization, Addiction and Public
Policy Issues" in Marketing and Consumer Research in the
Public Interest, Ronald Paul Hill, ed., Thousand Oaks, CA:
Sage Publications.<person-group>
                  <string-name>
                     <surname>Andrews</surname>
                  </string-name>
               </person-group>
               <comment content-type="section">Alcohol Warning Label Effects: Socialization, Addiction and Public Policy Issues</comment>
               <source>Marketing and Consumer Research in the Public Interest</source>
               <year>1996</year>
            </mixed-citation>
         </ref>
         <ref id="d31097e169a1310">
            <mixed-citation id="d31097e173" publication-type="journal">
— 9-1 and Srinivas Durvasula (1993), "The
Role of Cognitive Responses as Mediators of Alcohol Warning
Label Effects," Journal of Public Policy &amp; Marketing, 12(1),
57-68.<person-group>
                  <string-name>
                     <surname>Andrews</surname>
                  </string-name>
               </person-group>
               <issue>1</issue>
               <fpage>57</fpage>
               <volume>12</volume>
               <source>Journal of Public Policy &amp; Marketing</source>
               <year>1993</year>
            </mixed-citation>
         </ref>
         <ref id="d31097e214a1310">
            <mixed-citation id="d31097e218" publication-type="book">
Atkin, Charles ?. (1988), "Mass Communication Effects on Drink-
ing and Driving," Background Papers, Surgeon General's
Workshop on Drunk Driving, Washington, D.C.<person-group>
                  <string-name>
                     <surname>Atkin</surname>
                  </string-name>
               </person-group>
               <source>Mass Communication Effects on Drinking and Driving</source>
               <year>1988</year>
            </mixed-citation>
         </ref>
         <ref id="d31097e247a1310">
            <mixed-citation id="d31097e251" publication-type="book">
— and Martin Block (1981), "Content and Effects of
Alcohol Advertising: Report of Michigan State University
Study," prepared for Bureau of Alcohol, Tobacco, and Fire-
arms, Washington, DC.<person-group>
                  <string-name>
                     <surname>Atkin</surname>
                  </string-name>
               </person-group>
               <source>Content and Effects of Alcohol Advertising: Report of Michigan State University Study</source>
               <year>1981</year>
            </mixed-citation>
         </ref>
         <ref id="d31097e284a1310">
            <mixed-citation id="d31097e288" publication-type="book">
Bataille, Georges (1962), Death and Sensuality: A Study of Eroti-
cism and the Taboo, New York: Walker and Company.<person-group>
                  <string-name>
                     <surname>Bataille</surname>
                  </string-name>
               </person-group>
               <source>Death and Sensuality: A Study of Eroticism and the Taboo</source>
               <year>1962</year>
            </mixed-citation>
         </ref>
         <ref id="d31097e313a1310">
            <mixed-citation id="d31097e317" publication-type="journal">
Belk, Russell (1988), "Possessions and the Extended Self," Journal
of Consumer Research, 15 (September), 139-168.<object-id pub-id-type="jstor">10.2307/2489522</object-id>
               <fpage>139</fpage>
            </mixed-citation>
         </ref>
         <ref id="d31097e333a1310">
            <mixed-citation id="d31097e337" publication-type="book">
Berger, Arthur Asa (1991), "The Manufacture of Desire: Alcohol
Commercials and Society," in Media USA: Process and Effect,
2nd ed., Arthur Asa Berger, ed., White Plains, NY: Longman.<person-group>
                  <string-name>
                     <surname>Berger</surname>
                  </string-name>
               </person-group>
               <edition>2</edition>
               <comment content-type="section">The Manufacture of Desire: Alcohol Commercials and Society</comment>
               <source>Media USA: Process and Effect</source>
               <year>1991</year>
            </mixed-citation>
         </ref>
         <ref id="d31097e372a1310">
            <mixed-citation id="d31097e376" publication-type="journal">
Blane, H. T. (1988), "Research on Maes Communications and Alco-
hol," Contemporary Drug Problems, 15(1), 7-20.<person-group>
                  <string-name>
                     <surname>Blane</surname>
                  </string-name>
               </person-group>
               <issue>1</issue>
               <fpage>7</fpage>
               <volume>15</volume>
               <source>Contemporary Drug Problems</source>
               <year>1988</year>
            </mixed-citation>
         </ref>
         <ref id="d31097e411a1310">
            <mixed-citation id="d31097e415" publication-type="book">
Bozinoff, Lome, Victor Roth, and Colin May (1989), "Stages of
Involvement with Drugs and Alcohol: Analysis of Effects of
Drug and Alcohol Abuse Advertising," in Advances in Con-
sumer Research, Vol. 16, Thomas ? Srull, ed., Provo, UT:
Association for Consumer Research, 215-220.<person-group>
                  <string-name>
                     <surname>Bozinoff</surname>
                  </string-name>
               </person-group>
               <comment content-type="section">Stages of Involvement with Drugs and Alcohol: Analysis of Effects of Drug and Alcohol Abuse Advertising</comment>
               <fpage>215</fpage>
               <volume>16</volume>
               <source>Advances in Consumer Research</source>
               <year>1989</year>
            </mixed-citation>
         </ref>
         <ref id="d31097e459a1310">
            <mixed-citation id="d31097e463" publication-type="journal">
Breed, W. and J. DeFoe (1979), "Themes in Magazine Alcohol
Advertisements: A Critique," Journal of Drug Issues, 9, 511-
522.<person-group>
                  <string-name>
                     <surname>Breed</surname>
                  </string-name>
               </person-group>
               <fpage>511</fpage>
               <volume>9</volume>
               <source>Journal of Drug Issues</source>
               <year>1979</year>
            </mixed-citation>
         </ref>
         <ref id="d31097e499a1310">
            <mixed-citation id="d31097e503" publication-type="book">
Bruun, K., G. Edwards, M. Lumio, K. Makela, L. Pan, R £. Popham,
R. Room, W. Schmidt, O. J. Skog, P. Sulkunen, and E.
Osterberg, (1975), Alcohol Control Policies in Public Health
Perspective, Vol. 25, Helsinki: Finnish Foundation for Alcohol
Studies (distributed by Rutgers Center of Alcohol Studies,
New Brunswick, NJ).<person-group>
                  <string-name>
                     <surname>Bruun</surname>
                  </string-name>
               </person-group>
               <volume>25</volume>
               <source>Alcohol Control Policies in Public Health Perspective</source>
               <year>1975</year>
            </mixed-citation>
         </ref>
         <ref id="d31097e544a1310">
            <mixed-citation id="d31097e548" publication-type="journal">
Caillat, Zahna and Barbara Mueller (1996), "Observations: The
Influence of Culture on American and British Advertising:
An Exploratory Comparison of Beer Advertising," Journal of
Advertising Research, 36 (3), 79-88.<person-group>
                  <string-name>
                     <surname>Caillat</surname>
                  </string-name>
               </person-group>
               <issue>3</issue>
               <fpage>79</fpage>
               <volume>36</volume>
               <source>Journal of Advertising Research</source>
               <year>1996</year>
            </mixed-citation>
         </ref>
         <ref id="d31097e589a1310">
            <mixed-citation id="d31097e593" publication-type="book">
Campbell, Joseph (1970), Myths, Dreams, and Religion, New York:
EP Dutton.<person-group>
                  <string-name>
                     <surname>Campbell</surname>
                  </string-name>
               </person-group>
               <source>Myths, Dreams, and Religion</source>
               <year>1970</year>
            </mixed-citation>
         </ref>
         <ref id="d31097e618a1310">
            <mixed-citation id="d31097e622" publication-type="book">
CASA Commission on Substance Abuse at Colleges and Universi-
ties (1994), Rethinking Rites of Passage: Substance Abuse on
America's Campuses, New York: Columbia University.<person-group>
                  <string-name>
                     <surname>CASA Commission on Substance Abuse at Colleges and Universities</surname>
                  </string-name>
               </person-group>
               <source>Rethinking Rites of Passage: Substance Abuse on America's Campuses</source>
               <year>1994</year>
            </mixed-citation>
         </ref>
         <ref id="d31097e651a1310">
            <mixed-citation id="d31097e655" publication-type="book">
Cohen, Joel (1990), "Charting a Public Policy Agenda for Ciga-
rettes," in Marketing and Advertising Regulation: The Fed-
eral Trade Commission in the 1990s, Patrick E. Murphy and
William L. Wilkie, eds., Notre Dame, G?: University of Notre
Dame Press.<person-group>
                  <string-name>
                     <surname>Cohen</surname>
                  </string-name>
               </person-group>
               <comment content-type="section">Charting a Public Policy Agenda for Cigarettes</comment>
               <source>Marketing and Advertising Regulation: The Federal Trade Commission in the 1990s</source>
               <year>1990</year>
            </mixed-citation>
         </ref>
         <ref id="d31097e693a1310">
            <mixed-citation id="d31097e697" publication-type="journal">
Csikszentmihalyi, Mihaly and Olga V. Beattie ( 1979), "Life Themes:
A Theoretical and Empirical Exploration of their Origins and
Effects," Journal of Humanistic Psychology, 19 (1), 45-63.<person-group>
                  <string-name>
                     <surname>Csikszentmihalyi</surname>
                  </string-name>
               </person-group>
               <issue>1</issue>
               <fpage>45</fpage>
               <volume>19</volume>
               <source>Journal of Humanistic Psychology</source>
               <year>1979</year>
            </mixed-citation>
         </ref>
         <ref id="d31097e736a1310">
            <mixed-citation id="d31097e740" publication-type="book">
Denzin, Norman K. (1989), Interpretive Interactionism, Newbury
Park, CA: Sage Publications.<person-group>
                  <string-name>
                     <surname>Denzin</surname>
                  </string-name>
               </person-group>
               <source>Interpretive Interactionism</source>
               <year>1989</year>
            </mixed-citation>
         </ref>
         <ref id="d31097e765a1310">
            <mixed-citation id="d31097e769" publication-type="book">
— (1994), "The Art and Politics of Interpretation," in
Handbook of Qualitative Research, Norman K. Denzin and
Yvonna S. Lincoln, eds., Thousand Oaks, CA: Sage Publica-
tions.<person-group>
                  <string-name>
                     <surname>Denzin</surname>
                  </string-name>
               </person-group>
               <comment content-type="section">The Art and Politics of Interpretation</comment>
               <source>Handbook of Qualitative Research</source>
               <year>1994</year>
            </mixed-citation>
         </ref>
         <ref id="d31097e804a1310">
            <mixed-citation id="d31097e808" publication-type="journal">
Domzal, Teresa J. and Jerome B. Kernan (1992), "Reading Adver-
tising: The What and How of Product Meaning," Journal of
Consumer Marketing, 9 (4), 48-64.<person-group>
                  <string-name>
                     <surname>Domzal</surname>
                  </string-name>
               </person-group>
               <issue>4</issue>
               <fpage>48</fpage>
               <volume>9</volume>
               <source>Journal of Consumer Marketing</source>
               <year>1992</year>
            </mixed-citation>
         </ref>
         <ref id="d31097e846a1310">
            <mixed-citation id="d31097e850" publication-type="journal">
Duffy, Martyn (1981), "The Influence of Prices, Consumer Incomes
and Advertising upon the Demand for Alcoholic Drink in the
United Kingdom: An Econometric Study," British Journal of
Alcohol and Alcoholism, 16,200-208.<person-group>
                  <string-name>
                     <surname>Duffy</surname>
                  </string-name>
               </person-group>
               <fpage>200</fpage>
               <volume>16</volume>
               <source>British Journal of Alcohol and Alcoholism</source>
               <year>1981</year>
            </mixed-citation>
         </ref>
         <ref id="d31097e888a1310">
            <mixed-citation id="d31097e892" publication-type="journal">
— (1990), "Advertising and Alcohol Drink Demand in
the UK: Some Further Rotterdam Model Estimates," Inter-
national Journal of Advertising, 9 (3), 247-257.<person-group>
                  <string-name>
                     <surname>Duffy</surname>
                  </string-name>
               </person-group>
               <issue>3</issue>
               <fpage>247</fpage>
               <volume>9</volume>
               <source>International Journal of Advertising</source>
               <year>1990</year>
            </mixed-citation>
         </ref>
         <ref id="d31097e930a1310">
            <mixed-citation id="d31097e934" publication-type="journal">
Elliott, Stuart (1992), "Product Placement Is Under New Attack,"
The New York Times (September 2), D4.<person-group>
                  <string-name>
                     <surname>Elliott</surname>
                  </string-name>
               </person-group>
               <issue>September 2</issue>
               <fpage>D4</fpage>
               <source>The New York Times</source>
               <year>1992</year>
            </mixed-citation>
         </ref>
         <ref id="d31097e967a1310">
            <mixed-citation id="d31097e971" publication-type="book">
Faber, Ronald J. and Thomas C. O'Guinn (1988), "Expanding the
View of Consumer Socialization: A Nonutilitarian Mass-Me-
diated Perspective," in Research in Consumer Behavior, Vol.
3, Elizabeth Hirschman and Jagdish N. Sheth, eds., Green-
wich, CT: JAI Press.<person-group>
                  <string-name>
                     <surname>Faber</surname>
                  </string-name>
               </person-group>
               <comment content-type="section">Expanding the View of Consumer Socialization: A Nonutilitarian Mass-Mediated Perspective</comment>
               <volume>3</volume>
               <source>Research in Consumer Behavior</source>
               <year>1988</year>
            </mixed-citation>
         </ref>
         <ref id="d31097e1012a1310">
            <mixed-citation id="d31097e1016" publication-type="book">
Falk, Pasi (1994), The Consuming Body, London: Sage Publica-
tions.<person-group>
                  <string-name>
                     <surname>Falk</surname>
                  </string-name>
               </person-group>
               <source>The Consuming Body</source>
               <year>1994</year>
            </mixed-citation>
         </ref>
         <ref id="d31097e1041a1310">
            <mixed-citation id="d31097e1045" publication-type="book">
Fish, Stanley ( 1980), "Literature in the Reader: Affective Stylistics,"
in Reader-Response Criticism: From Formalism to
Poststructuralism, Jane P. Tompkins, ed., Baltimore: Johns
Hopkins University Press, 70-100.<person-group>
                  <string-name>
                     <surname>Fish</surname>
                  </string-name>
               </person-group>
               <comment content-type="section">Literature in the Reader: Affective Stylistics</comment>
               <fpage>70</fpage>
               <source>Reader-Response Criticism: From Formalism to Poststructuralism</source>
               <year>1980</year>
            </mixed-citation>
         </ref>
         <ref id="d31097e1083a1310">
            <mixed-citation id="d31097e1087" publication-type="book">
Fisher, Joseph C. (1993), Advertising, Alcohol Consumption and
Abuse: A Worldwide Survey, Westport, CT: Greenwood Press.<person-group>
                  <string-name>
                     <surname>Fisher</surname>
                  </string-name>
               </person-group>
               <source>Advertising, Alcohol Consumption and Abuse: A Worldwide Survey</source>
               <year>1993</year>
            </mixed-citation>
         </ref>
         <ref id="d31097e1112a1310">
            <mixed-citation id="d31097e1116" publication-type="journal">
Franke, George and Gary Wilcox (1987), "Alcoholic Beverages Ad-
vertising and Consumption in the United States, 1964-1984,"
Journal of Advertising, 16 (3), 22-30.<person-group>
                  <string-name>
                     <surname>Franke</surname>
                  </string-name>
               </person-group>
               <issue>3</issue>
               <fpage>22</fpage>
               <volume>16</volume>
               <source>Journal of Advertising</source>
               <year>1987</year>
            </mixed-citation>
         </ref>
         <ref id="d31097e1154a1310">
            <mixed-citation id="d31097e1158" publication-type="journal">
Friedmann, Roberto and Mary R. Zimmer (1988), "The Role of
Psychological Meaning in Advertieing," Journal of Advertis-
ing, 17 (1), 31-40.<person-group>
                  <string-name>
                     <surname>Friedmann</surname>
                  </string-name>
               </person-group>
               <issue>1</issue>
               <fpage>31</fpage>
               <volume>17</volume>
               <source>Journal of Advertising</source>
               <year>1988</year>
            </mixed-citation>
         </ref>
         <ref id="d31097e1197a1310">
            <mixed-citation id="d31097e1201" publication-type="book">
Fueroghne, Dean K. (1995), Law and Advertising—Current Legal
Issues for Agencies, Advertisers and Attorneys, Chicago: The
Copy Workshop.<person-group>
                  <string-name>
                     <surname>Fueroghne</surname>
                  </string-name>
               </person-group>
               <source>Law and Advertising—Current Legal Issues for Agencies, Advertisers and Attorneys</source>
               <year>1995</year>
            </mixed-citation>
         </ref>
         <ref id="d31097e1230a1310">
            <mixed-citation id="d31097e1234" publication-type="book">
Galbraith, John K. (1958), The Affluent Society, London: Hamish
Hamilton.<person-group>
                  <string-name>
                     <surname>Galbraith</surname>
                  </string-name>
               </person-group>
               <source>The Affluent Society</source>
               <year>1958</year>
            </mixed-citation>
         </ref>
         <ref id="d31097e1259a1310">
            <mixed-citation id="d31097e1263" publication-type="journal">
Gonzalez, Gerardo ( 1986), Trends in Alcohol Knowledge and Drink-
ing Patterns Among Students: 1981-1985," Journal of College
Student Personnel, 27 (November), 496-499.<person-group>
                  <string-name>
                     <surname>Gonzalez</surname>
                  </string-name>
               </person-group>
               <issue>November</issue>
               <fpage>496</fpage>
               <volume>27</volume>
               <source>Journal of College Student Personnel</source>
               <year>1986</year>
            </mixed-citation>
         </ref>
         <ref id="d31097e1301a1310">
            <mixed-citation id="d31097e1305" publication-type="book">
Gordon, Wendy and Roy Langmaid (1988), Qualitative Market Re-
search: A Practitioner's and Buyer's Guide, Brookfield, VT:
Gower.<person-group>
                  <string-name>
                     <surname>Gordon</surname>
                  </string-name>
               </person-group>
               <source>Qualitative Market Research: A Practitioner's and Buyer's Guide</source>
               <year>1988</year>
            </mixed-citation>
         </ref>
         <ref id="d31097e1334a1310">
            <mixed-citation id="d31097e1338" publication-type="journal">
Gorn, Gerald J. and Renee Florsheim (1985), "The Effects of Com-
mercials for Adult Products on Children," Journal of Con-
sumer Research, 11 (March), 962-967.<object-id pub-id-type="jstor">10.2307/2489221</object-id>
               <fpage>962</fpage>
            </mixed-citation>
         </ref>
         <ref id="d31097e1357a1310">
            <mixed-citation id="d31097e1361" publication-type="journal">
Grube, Joel W. and Lawrence Wallack (1994), "Television Beer
Advertising and Drinking Knowledge, Beliefs, and Intentions
Among Schoolchildren," American Journal of Public Health,
84 (2), 254-259.<person-group>
                  <string-name>
                     <surname>Grube</surname>
                  </string-name>
               </person-group>
               <issue>2</issue>
               <fpage>254</fpage>
               <volume>84</volume>
               <source>American Journal of Public Health</source>
               <year>1994</year>
            </mixed-citation>
         </ref>
         <ref id="d31097e1403a1310">
            <mixed-citation id="d31097e1407" publication-type="book">
Hirschman, Elizabeth C. and Morris B. Holbrook ( 1992), Postmodern
Consumer Research: The Study of Consumption as Text,
Newbury Park, CA: Sage Publications.<person-group>
                  <string-name>
                     <surname>Hirschman</surname>
                  </string-name>
               </person-group>
               <source>Postmodern Consumer Research: The Study of Consumption as Text</source>
               <year>1992</year>
            </mixed-citation>
         </ref>
         <ref id="d31097e1436a1310">
            <mixed-citation id="d31097e1440" publication-type="journal">
— and Craig Thompson (1997), "Why Media Matter
Toward a Richer Understanding of Consumers' Relationships
with Advertising and Mass Media," Journal of Advertising, 26
(1), 43-60.<person-group>
                  <string-name>
                     <surname>Hirschman</surname>
                  </string-name>
               </person-group>
               <issue>1</issue>
               <fpage>43</fpage>
               <volume>26</volume>
               <source>Journal of Advertising</source>
               <year>1997</year>
            </mixed-citation>
         </ref>
         <ref id="d31097e1481a1310">
            <mixed-citation id="d31097e1485" publication-type="book">
Holland, Norman (1980), "Unity Identity Text Self," in Reader-
Response Criticism: From Formalism to Poststructuralism,
Jane P. Tompkins, ed., Baltimore: Johns Hopkins University
Press, 118-134.<person-group>
                  <string-name>
                     <surname>Holland</surname>
                  </string-name>
               </person-group>
               <comment content-type="section">Unity Identity Text Self</comment>
               <fpage>118</fpage>
               <source>Reader-Response Criticism: From Formalism to Poststructuralism</source>
               <year>1980</year>
            </mixed-citation>
         </ref>
         <ref id="d31097e1523a1310">
            <mixed-citation id="d31097e1527" publication-type="book">
Johnston, L., P. CMalley, and J. Bachman, (1989), Drug Use,
Drinking and Smoking: National Survey Results from High
School, College and Young Adult Population 1975-1988,
Rockville, MD: National Institute on Drug Abuse.<person-group>
                  <string-name>
                     <surname>Johnston</surname>
                  </string-name>
               </person-group>
               <source>Drug Use, Drinking and Smoking: National Survey Results from High School, College and Young Adult Population 1975-1988</source>
               <year>1989</year>
            </mixed-citation>
         </ref>
         <ref id="d31097e1559a1310">
            <mixed-citation id="d31097e1563" publication-type="book">
Join Together (1995), Save Lives! Recommendations to Reduce
Underage Access to Alcohol and Action Steps for Your Com-
munity, publication funded by Robert Wood Johnson Founda-
tion and Boston University School of Public Health.<person-group>
                  <string-name>
                     <surname>Join Together</surname>
                  </string-name>
               </person-group>
               <source>Save Lives! Recommendations to Reduce Underage Access to Alcohol and Action Steps for Your Community</source>
               <year>1995</year>
            </mixed-citation>
         </ref>
         <ref id="d31097e1595a1310">
            <mixed-citation id="d31097e1599" publication-type="journal">
Krugman, Herbert E. (1965), "The Impact of Television Advertis-
ing: Learning Without Involvement," Public Opinion Quar-
terly, 29, 349-356.<object-id pub-id-type="jstor">10.2307/2746936</object-id>
               <fpage>349</fpage>
            </mixed-citation>
         </ref>
         <ref id="d31097e1619a1310">
            <mixed-citation id="d31097e1623" publication-type="journal">
- (1966), "The Measurement of Advertising Involve-
ment," Public Opinion Quarterly, 30, 583-596.<object-id pub-id-type="jstor">10.2307/2746964</object-id>
               <fpage>583</fpage>
            </mixed-citation>
         </ref>
         <ref id="d31097e1639a1310">
            <mixed-citation id="d31097e1643" publication-type="journal">
Lannon, Judie and Peter Cooper (1983), "Humanistic Advertising:
A Holistic Cultural Perspective," International Journal of Ad-
vertising, 2,195-213.<person-group>
                  <string-name>
                     <surname>Lannon</surname>
                  </string-name>
               </person-group>
               <fpage>195</fpage>
               <volume>2</volume>
               <source>International Journal of Advertising</source>
               <year>1983</year>
            </mixed-citation>
         </ref>
         <ref id="d31097e1678a1310">
            <mixed-citation id="d31097e1682" publication-type="journal">
Lastovicka, John L., John P. Murry, Jr., Erich A. Joachimsthaler,
Gaurav Bhalla, and Jim Scheurich (1987), "A Lifestyle Typol-
ogy to Model Young Male Drinking and Driving," Journal of
Consumer Research, 14 (September), 257-263.<object-id pub-id-type="jstor">10.2307/2489415</object-id>
               <fpage>257</fpage>
            </mixed-citation>
         </ref>
         <ref id="d31097e1705a1310">
            <mixed-citation id="d31097e1709" publication-type="journal">
Levy, Sidney J. (1981), "Interpreting Consumer Mythology: A
Structural Approach to Consumer Behavior," Journal of Mar-
keting, 45 (Summer), 49-61.<object-id pub-id-type="doi">10.2307/1251541</object-id>
               <fpage>49</fpage>
            </mixed-citation>
         </ref>
         <ref id="d31097e1728a1310">
            <mixed-citation id="d31097e1732" publication-type="book">
— (1986), "Meanings in Advertising Stimuli," in Ad-
vertising and Consumer Psychology, Vol. 3, Jerry Olson and
Keith Sentis, eds., New York: Praeger.<person-group>
                  <string-name>
                     <surname>Levy</surname>
                  </string-name>
               </person-group>
               <comment content-type="section">Meanings in Advertising Stimuli</comment>
               <volume>3</volume>
               <source>Advertising and Consumer Psychology</source>
               <year>1986</year>
            </mixed-citation>
         </ref>
         <ref id="d31097e1767a1310">
            <mixed-citation id="d31097e1771" publication-type="book">
Leymore, Varda Langholz (1975), Hidden Myth: Structure and
Symbolism in Advertising, London: Heinemann.<person-group>
                  <string-name>
                     <surname>Leymore</surname>
                  </string-name>
               </person-group>
               <source>Hidden Myth: Structure and Symbolism in Advertising</source>
               <year>1975</year>
            </mixed-citation>
         </ref>
         <ref id="d31097e1797a1310">
            <mixed-citation id="d31097e1801" publication-type="book">
Lincoln, Yvonna S. and Egon G. Guba (1985), Naturalistic Inquiry,
Beverly Hills, CA: Sage Publications.<person-group>
                  <string-name>
                     <surname>Lincoln</surname>
                  </string-name>
               </person-group>
               <source>Naturalistic Inquiry</source>
               <year>1985</year>
            </mixed-citation>
         </ref>
         <ref id="d31097e1826a1310">
            <mixed-citation id="d31097e1830" publication-type="book">
Little, Brian R. (1989), "Personal Projects Analysis: Trivial Pur-
suits, Magnificent Obsessions, and the Search for Coherence,"
in Personality Psychology: Recent Trends and Emerging Di-
rections, David M. Buss and Nancy Cantor, eds., New York:
Springer-Verlag, 15-31.<person-group>
                  <string-name>
                     <surname>Little</surname>
                  </string-name>
               </person-group>
               <comment content-type="section">Personal Projects Analysis: Trivial Pursuits, Magnificent Obsessions, and the Search for Coherence</comment>
               <fpage>15</fpage>
               <source>Personality Psychology: Recent Trends and Emerging Directions</source>
               <year>1989</year>
            </mixed-citation>
         </ref>
         <ref id="d31097e1871a1310">
            <mixed-citation id="d31097e1875" publication-type="book">
Marx, Karl (1973), Capital: A Critique of Political Economy, Vol. 1,
London: Lawrence and Wishart.<person-group>
                  <string-name>
                     <surname>Marx</surname>
                  </string-name>
               </person-group>
               <volume>1</volume>
               <source>Capital: A Critique of Political Economy</source>
               <year>1973</year>
            </mixed-citation>
         </ref>
         <ref id="d31097e1904a1310">
            <mixed-citation id="d31097e1908" publication-type="book">
Mazis, Michael B. (1990), "The Marketing of Alcohol: A Spirited
Debate," in Marketing and Advertising Regulation: The Fed-
eral Trade Commission in the 1990s, Patrick E. Murphy and
William L. Wilkie, eds., Notre Dame, IN: University of Notre
Dame Press.<person-group>
                  <string-name>
                     <surname>Mazis</surname>
                  </string-name>
               </person-group>
               <comment content-type="section">The Marketing of Alcohol: A Spirited Debate</comment>
               <source>Marketing and Advertising Regulation: The Federal Trade Commission in the 1990s</source>
               <year>1990</year>
            </mixed-citation>
         </ref>
         <ref id="d31097e1946a1310">
            <mixed-citation id="d31097e1950" publication-type="journal">
— , Louis A. Morris, and John I. Swasy (1996), "Longi-
tudinal Study of Awareness, Recall, and Acceptance of Alco-
hol Warning Labels," Applied Behavioral Science Review, 4
(2), 111-130.<person-group>
                  <string-name>
                     <surname>Mazis</surname>
                  </string-name>
               </person-group>
               <issue>2</issue>
               <fpage>111</fpage>
               <volume>4</volume>
               <source>Applied Behavioral Science Review</source>
               <year>1996</year>
            </mixed-citation>
         </ref>
         <ref id="d31097e1991a1310">
            <mixed-citation id="d31097e1995" publication-type="journal">
McCracken, Grant (1986), "Culture and Consumption: A Theoreti-
cal Account of the Structure and Movement of the Cultural
Meaning of Consumer Goods," Journal of Consumer Research,
13 (June), 71-84.<object-id pub-id-type="jstor">10.2307/2489287</object-id>
               <fpage>71</fpage>
            </mixed-citation>
         </ref>
         <ref id="d31097e2019a1310">
            <mixed-citation id="d31097e2023" publication-type="book">
— (1987), "Advertising: Meaning or Information?" in
Advances in Consumer Research, Vol. 14, Melanie Wallendorf
and Paul Anderson, eds., Provo, UT: Association for Con-
sumer Research, 121-124.<person-group>
                  <string-name>
                     <surname>McCracken</surname>
                  </string-name>
               </person-group>
               <comment content-type="section">Advertising: Meaning or Information?</comment>
               <fpage>121</fpage>
               <volume>14</volume>
               <source>Advances in Consumer Research</source>
               <year>1987</year>
            </mixed-citation>
         </ref>
         <ref id="d31097e2064a1310">
            <mixed-citation id="d31097e2068" publication-type="book">
(1988),The Long Interview, Newbury Park, CA:
Sage Publications.<person-group>
                  <string-name>
                     <surname>McCracken</surname>
                  </string-name>
               </person-group>
               <source>The Long Interview</source>
               <year>1988</year>
            </mixed-citation>
         </ref>
         <ref id="d31097e2093a1310">
            <mixed-citation id="d31097e2097" publication-type="journal">
Mick, David (1986), "Consumer Research and Semiotics: Explor-
ing the Morphology of Signs, Symbols, and Significance," Jour-
nal of Consumer Research, 13 (September), 196-213.<object-id pub-id-type="jstor">10.2307/2489226</object-id>
               <fpage>196</fpage>
            </mixed-citation>
         </ref>
         <ref id="d31097e2116a1310">
            <mixed-citation id="d31097e2120" publication-type="journal">
- and Claus Buhl (1992), "A Meaning-Based Model of
Advertising Experiences," Journal of Consumer Research, 19
(December), 317-338.<object-id pub-id-type="jstor">10.2307/2489392</object-id>
               <fpage>317</fpage>
            </mixed-citation>
         </ref>
         <ref id="d31097e2139a1310">
            <mixed-citation id="d31097e2143" publication-type="book">
and Laura G. Politi (1989), "Consumers' Interpre-
tations of Advertising Imagery: A Visit to the Hell of Conno-
tation," in Interpretive Consumer Research, Elizabeth C.
Hirschman, ed., Provo, UT: Association for Consumer Re-
search, 85-96.<person-group>
                  <string-name>
                     <surname>Mick</surname>
                  </string-name>
               </person-group>
               <comment content-type="section">Consumers' Interpretations of Advertising Imagery: A Visit to the Hell of Connotation</comment>
               <fpage>85</fpage>
               <source>Interpretive Consumer Research</source>
               <year>1989</year>
            </mixed-citation>
         </ref>
         <ref id="d31097e2184a1310">
            <mixed-citation id="d31097e2188" publication-type="book">
Miles, Matthew B. and A. Michael Huberman (1994), Qualitative
Data Analysis: An Expanded Sourcebook (2nd ed.), Newbury
Park, CA: Sage Publications.<person-group>
                  <string-name>
                     <surname>Miles</surname>
                  </string-name>
               </person-group>
               <edition>2</edition>
               <source>Qualitative Data Analysis: An Expanded Sourcebook</source>
               <year>1994</year>
            </mixed-citation>
         </ref>
         <ref id="d31097e2221a1310">
            <mixed-citation id="d31097e2225" publication-type="journal">
Ornstein, Stanley I. and Dominique M. Hanssens (1985), "Alcohol
Control Laws and the Consumption of Distilled Spirits and
Beer," Journal of Consumer Research, 12 (2), 200-213.<object-id pub-id-type="jstor">10.2307/254353</object-id>
               <fpage>200</fpage>
            </mixed-citation>
         </ref>
         <ref id="d31097e2244a1310">
            <mixed-citation id="d31097e2248" publication-type="other">
Overton v. Anheuser-Busch (1994), 517 N.W. 2d 308; 205 Mich.
App. 259.</mixed-citation>
         </ref>
         <ref id="d31097e2258a1310">
            <mixed-citation id="d31097e2262" publication-type="book">
Parker, Richard (1988), "Conversational Interaction: Directions
for Qualitative Marketing and Consumer Research," in Re-
search in Consumer Behavior, Vol. 3, Elizabeth Hirschman
and Jagdish N. Sheth, eds., Greenwich, CT: JAI Press, 211-
245.<person-group>
                  <string-name>
                     <surname>Parker</surname>
                  </string-name>
               </person-group>
               <comment content-type="section">Conversational Interaction: Directions for Qualitative Marketing and Consumer Research</comment>
               <fpage>211</fpage>
               <volume>3</volume>
               <source>Research in Consumer Behavior</source>
               <year>1988</year>
            </mixed-citation>
         </ref>
         <ref id="d31097e2306a1310">
            <mixed-citation id="d31097e2310" publication-type="journal">
Patterson, Larry T., Garland G. Hunnicutt, and Maiy Ann Stutts
(1992), "Young Adults' Perceptions of Warnings and Risks
Associated with Alcohol Consumption," Journal of Public Policy
&amp; Marketing, 11 (1), 96-103.<person-group>
                  <string-name>
                     <surname>Patterson</surname>
                  </string-name>
               </person-group>
               <issue>1</issue>
               <fpage>96</fpage>
               <volume>11</volume>
               <source>Journal of Public Policy &amp; Marketing</source>
               <year>1992</year>
            </mixed-citation>
         </ref>
         <ref id="d31097e2351a1310">
            <mixed-citation id="d31097e2355" publication-type="book">
Peter, J. Paul and Jerry C. Olson (1993), Consumer Behavior and
Marketing Strategy, Homewood, IL: Irwin.<person-group>
                  <string-name>
                     <surname>Peter</surname>
                  </string-name>
               </person-group>
               <source>Consumer Behavior and Marketing Strategy</source>
               <year>1993</year>
            </mixed-citation>
         </ref>
         <ref id="d31097e2380a1310">
            <mixed-citation id="d31097e2384" publication-type="book">
Petty, Richard E. and John T. Cacioppo (1986), Communication
and Persuasion: Central and Peripheral Routes to Attitude
Change, New York: Springer-Verlag.<person-group>
                  <string-name>
                     <surname>Petty</surname>
                  </string-name>
               </person-group>
               <source>Communication and Persuasion: Central and Peripheral Routes to Attitude Change</source>
               <year>1986</year>
            </mixed-citation>
         </ref>
         <ref id="d31097e2414a1310">
            <mixed-citation id="d31097e2418" publication-type="journal">
Pollay, Richard W., S. Siddarth, Michael Siegel, and Anne H ad dix
(1996), "The Last Straw? Cigarette Advertising and Realized
Market Shares Among Youths and Adults, 1979-1993," Jour-
nal of Marketing, 60 (2), 1-16.<object-id pub-id-type="doi">10.2307/1251927</object-id>
               <fpage>1</fpage>
            </mixed-citation>
         </ref>
         <ref id="d31097e2441a1310">
            <mixed-citation id="d31097e2445" publication-type="book">
Postman, Neil, Christine Nystrom, Lance Strate and Charles
Weingartner (1987), "Myths, Men, and Beer: An Analysis of
Beer Commercials on Broadcast Television, 1987," Falls
Church, VA: AAA Foundation for Traffic Safety.<person-group>
                  <string-name>
                     <surname>Postman</surname>
                  </string-name>
               </person-group>
               <source>Myths, Men, and Beer: An Analysis of Beer Commercials on Broadcast Television, 1987</source>
               <year>1987</year>
            </mixed-citation>
         </ref>
         <ref id="d31097e2477a1310">
            <mixed-citation id="d31097e2481" publication-type="book">
Puto, Christopher P. and William Wells (1984), "Informational and
Transformational Advertising: The Differential in Effects of
Time," in Advances in Consumer Research, Vol. 11, Thomas C.
Kin near, ed., Provo, UT: Association for Consumer Research,
638-643.<person-group>
                  <string-name>
                     <surname>Puto</surname>
                  </string-name>
               </person-group>
               <comment content-type="section">Informational and Transformational Advertising: The Differential in Effects of Time</comment>
               <fpage>638</fpage>
               <volume>11</volume>
               <source>Advances in Consumer Research</source>
               <year>1984</year>
            </mixed-citation>
         </ref>
         <ref id="d31097e2525a1310">
            <mixed-citation id="d31097e2529" publication-type="book">
Randazzo, Sal (1995), The Myth Makers: How Advertisers Apply
the Power of Classic Myths and Symbols to Create Modern
Day Legends, Chicago: Probus.<person-group>
                  <string-name>
                     <surname>Randazzo</surname>
                  </string-name>
               </person-group>
               <source>The Myth Makers: How Advertisers Apply the Power of Classic Myths and Symbols to Create Modern Day Legends</source>
               <year>1995</year>
            </mixed-citation>
         </ref>
         <ref id="d31097e2558a1310">
            <mixed-citation id="d31097e2562" publication-type="book">
Rook, Dennis W. (1988), "Researching Consumer Fantasy," in Re-
search in Consumer Behavior, Vol. 3, Elizabeth Hirschman
and Jagdish N. Sheth, eds., Greenwich, CT: JAI Press, 247-
270.<person-group>
                  <string-name>
                     <surname>Rook</surname>
                  </string-name>
               </person-group>
               <comment content-type="section">Researching Consumer Fantasy</comment>
               <fpage>247</fpage>
               <volume>3</volume>
               <source>Research in Consumer Behavior</source>
               <year>1988</year>
            </mixed-citation>
         </ref>
         <ref id="d31097e2603a1310">
            <mixed-citation id="d31097e2607" publication-type="journal">
Rose, Lewis (1991), "FTC Has Surprises for You," Advertising Age
(September 23), 22.<person-group>
                  <string-name>
                     <surname>Rose</surname>
                  </string-name>
               </person-group>
               <issue>September 23</issue>
               <fpage>22</fpage>
               <source>Advertising Age</source>
               <year>1991</year>
            </mixed-citation>
         </ref>
         <ref id="d31097e2640a1310">
            <mixed-citation id="d31097e2644" publication-type="journal">
Russo, J. Edward, Barbara L. Me teal f, and Debra Stephens (1981),
"Identifying Misleading Advertising," Journal of Consumer
Research, 8 (September), 119-131.<object-id pub-id-type="jstor">10.2307/2488823</object-id>
               <fpage>119</fpage>
            </mixed-citation>
         </ref>
         <ref id="d31097e2663a1310">
            <mixed-citation id="d31097e2667" publication-type="journal">
Schouten, John W. (1991), "Selves in Transition: Symbolic Con-
sumption in Personal Rites of Passage and Identity Recon-
struction," Journal of Consumer Research, 17 (March), 412-
425.<object-id pub-id-type="jstor">10.2307/2626836</object-id>
               <fpage>412</fpage>
            </mixed-citation>
         </ref>
         <ref id="d31097e2690a1310">
            <mixed-citation id="d31097e2694" publication-type="journal">
Schuster, Camille P. and Christine Pacelli Powell (1987), "Com-
parison of Cigarette and Alcohol Advertising Controversies,"
Journal of Advertising, 16 (2), 26-33.<person-group>
                  <string-name>
                     <surname>Schuster</surname>
                  </string-name>
               </person-group>
               <issue>2</issue>
               <fpage>26</fpage>
               <volume>16</volume>
               <source>Journal of Advertising</source>
               <year>1987</year>
            </mixed-citation>
         </ref>
         <ref id="d31097e2732a1310">
            <mixed-citation id="d31097e2736" publication-type="journal">
Scott, Linda (1994a), "Images in Advertising: The Need for a
Theory of Visual Rhetoric," Journal of Consumer Research, 21
(September), 252-273.<object-id pub-id-type="jstor">10.2307/2489819</object-id>
               <fpage>252</fpage>
            </mixed-citation>
         </ref>
         <ref id="d31097e2755a1310">
            <mixed-citation id="d31097e2759" publication-type="journal">
- (1994b), The Bridge from Text to Mind: Adapting
Reader-Response Theory to Consumer Research," Journal of
Consumer Research, 21 (December), 461-480.<object-id pub-id-type="jstor">10.2307/2489686</object-id>
               <fpage>461</fpage>
            </mixed-citation>
         </ref>
         <ref id="d31097e2778a1310">
            <mixed-citation id="d31097e2782" publication-type="book">
Secretary of Health and Human Services (1993), Eighth Special
Report to the U.S. Congress on Alcohol and Health, U.S. De-
partment of Health and Human Services, Alexandria, VA:
EEL<person-group>
                  <string-name>
                     <surname>Secretary of Health and Human Services</surname>
                  </string-name>
               </person-group>
               <source>Eighth Special Report to the U.S. Congress on Alcohol and Health</source>
               <year>1993</year>
            </mixed-citation>
         </ref>
         <ref id="d31097e2815a1310">
            <mixed-citation id="d31097e2819" publication-type="book">
Sherry, John (1987), ""Advertising as a Cultural System," in Mar-
keting Signs: New Directions in the Study of Signs for Sale,
Jean Umiker-Sebeok, ed., Berlin: Mouton de Gruyter, 441-
461.<person-group>
                  <string-name>
                     <surname>Sherry</surname>
                  </string-name>
               </person-group>
               <comment content-type="section">Advertising as a Cultural System</comment>
               <fpage>441</fpage>
               <source>Marketing Signs: New Directions in the Study of Signs for Sale</source>
               <year>1987</year>
            </mixed-citation>
         </ref>
         <ref id="d31097e2857a1310">
            <mixed-citation id="d31097e2861" publication-type="book">
— (1990), "Postmodern Alternatives: The Interpretive
Turn in Consumer Research," in Handbook of Consumer Be-
havior, Thomas S. Robertson and Harold H. Kassarjian, eds.,
Englewood Cliffs, NJ: Prentice-Hall, 548-591.<person-group>
                  <string-name>
                     <surname>Sherry</surname>
                  </string-name>
               </person-group>
               <comment content-type="section">Postmodern Alternatives: The Interpretive Turn in Consumer Research</comment>
               <fpage>548</fpage>
               <source>Handbook of Consumer Behavior</source>
               <year>1990</year>
            </mixed-citation>
         </ref>
         <ref id="d31097e2899a1310">
            <mixed-citation id="d31097e2903" publication-type="journal">
Smart, Reginald G. (1988), "Does Alcohol Advertising Affect Over-
all Consumption? A Review of Empirical Studies," Journal of
Studies on Alcohol, 49 (4), 314-323.<person-group>
                  <string-name>
                     <surname>Smart</surname>
                  </string-name>
               </person-group>
               <issue>4</issue>
               <fpage>314</fpage>
               <volume>49</volume>
               <source>Journal of Studies on Alcohol</source>
               <year>1988</year>
            </mixed-citation>
         </ref>
         <ref id="d31097e2941a1310">
            <mixed-citation id="d31097e2945" publication-type="book">
Smith, M. Brewster, Jerome S. Bruner, and Robert W. White ( 1956),
Opinions and Personality, New York: Wiley.<person-group>
                  <string-name>
                     <surname>Smith</surname>
                  </string-name>
               </person-group>
               <source>Opinions and Personality</source>
               <year>1956</year>
            </mixed-citation>
         </ref>
         <ref id="d31097e2970a1310">
            <mixed-citation id="d31097e2974" publication-type="journal">
Solomon, Michael R. (1983), The Role of Products as Social Stimuli:
A Symbolic Interactionism Perspective," Journal of Consumer
Research, 10 (3), 319-329.<object-id pub-id-type="jstor">10.2307/2488804</object-id>
               <fpage>319</fpage>
            </mixed-citation>
         </ref>
         <ref id="d31097e2993a1310">
            <mixed-citation id="d31097e2997" publication-type="journal">
Spiggle, Susan (1994), "Analysis and Interpretation of Qualitative
Data in Consumer Research," Journal of Consumer Research,
21 (December), 491-503.<object-id pub-id-type="jstor">10.2307/2489688</object-id>
               <fpage>491</fpage>
            </mixed-citation>
         </ref>
         <ref id="d31097e3017a1310">
            <mixed-citation id="d31097e3021" publication-type="book">
Strate, Lance (1991), The Cultural Meaning of Beer Commer-
cials," in Advances in Consumer Research, Vol. 18, Rebecca H.
Holman and Michael R. Solomon, eds., Provo, UT: Associa-
tion for Consumer Research, 115-119.<person-group>
                  <string-name>
                     <surname>Strate</surname>
                  </string-name>
               </person-group>
               <comment content-type="section">The Cultural Meaning of Beer Commercials</comment>
               <fpage>115</fpage>
               <volume>18</volume>
               <source>Advances in Consumer Research</source>
               <year>1991</year>
            </mixed-citation>
         </ref>
         <ref id="d31097e3062a1310">
            <mixed-citation id="d31097e3066" publication-type="journal">
Strickland, Donald E. (1982), "Alcohol Advertising: Orientations
and Influence," International Journal of Advertising, 1 (Octo-
ber/December), 307-319.<person-group>
                  <string-name>
                     <surname>Strickland</surname>
                  </string-name>
               </person-group>
               <issue>October</issue>
               <fpage>307</fpage>
               <volume>1</volume>
               <source>International Journal of Advertising</source>
               <year>1982</year>
            </mixed-citation>
         </ref>
         <ref id="d31097e3104a1310">
            <mixed-citation id="d31097e3108" publication-type="journal">
— , T. Andrew Finn, and M. Dow Lambert (1982), "A
Content Analysis of Beverage Alcohol Advertising," Journal
of Studies on Alcohol, 43 (7), 964-989.<person-group>
                  <string-name>
                     <surname>Strickland</surname>
                  </string-name>
               </person-group>
               <issue>7</issue>
               <fpage>964</fpage>
               <volume>43</volume>
               <source>Journal of Studies on Alcohol</source>
               <year>1982</year>
            </mixed-citation>
         </ref>
         <ref id="d31097e3146a1310">
            <mixed-citation id="d31097e3150" publication-type="journal">
Thompson, Craig J., Howard R. Pollio, and William B. Locander
(1994), The Spoken and the Unspoken: A Hermeneutic Ap-
proach to Understanding the Cultural Viewpoints that Un-
derlie Consumers' Expressed Meanings," Journal of Consumer
Research, 21 (December), 432-452.<object-id pub-id-type="jstor">10.2307/2489684</object-id>
               <fpage>432</fpage>
            </mixed-citation>
         </ref>
         <ref id="d31097e3176a1310">
            <mixed-citation id="d31097e3180" publication-type="other">
Thorson, Esther (1993), "Studies of the Effects of Alcohol Advertis-
ing: Four Underexplored Aspects," unpublished paper pre-
pared for National Institute on Alcohol Abuse and Alcohol-
ism.</mixed-citation>
         </ref>
         <ref id="d31097e3196a1310">
            <mixed-citation id="d31097e3200" publication-type="journal">
Treise, Deborah M., Ronald E. Taylor, and Ludmilla G. Wells
(1994), "How Recovering Alcoholics Interpret Alcoholic-Bev-
erage Advertising," Health Marketing Quarterly, 12 (2), 125-
139.<person-group>
                  <string-name>
                     <surname>Treise</surname>
                  </string-name>
               </person-group>
               <issue>2</issue>
               <fpage>125</fpage>
               <volume>12</volume>
               <source>Health Marketing Quarterly</source>
               <year>1994</year>
            </mixed-citation>
         </ref>
         <ref id="d31097e3242a1310">
            <mixed-citation id="d31097e3246" publication-type="other">
U.S. Department of Education (1994), Youth and Alcohol: Selected
Reports to the Surgeon General.</mixed-citation>
         </ref>
         <ref id="d31097e3256a1310">
            <mixed-citation id="d31097e3260" publication-type="book">
Wallendorf, Melanie and Russell W. Belk ( 1989), "Assessing Trust-
worthiness in Naturalistic Consumer Research," in Interpre-
tive Consumer Research, Elizabeth C. Hirschman, ed., Provo,
UT: Association for Consumer Research, 69-84.<person-group>
                  <string-name>
                     <surname>Wallendorf</surname>
                  </string-name>
               </person-group>
               <comment content-type="section">Assessing Trustworthiness in Naturalistic Consumer Research</comment>
               <fpage>69</fpage>
               <source>Interpretive Consumer Research</source>
               <year>1989</year>
            </mixed-citation>
         </ref>
         <ref id="d31097e3298a1310">
            <mixed-citation id="d31097e3302" publication-type="journal">
Waxer, P.H. (1992), "Alcohol Consumption in Television Program-
ming in Three English-Speaking Cultures," Alcohol &amp; Alco-
holism, 24 (2), 195-200.<person-group>
                  <string-name>
                     <surname>Waxer</surname>
                  </string-name>
               </person-group>
               <issue>2</issue>
               <fpage>195</fpage>
               <volume>24</volume>
               <source>Alcohol &amp; Alcoholism</source>
               <year>1992</year>
            </mixed-citation>
         </ref>
         <ref id="d31097e3340a1310">
            <mixed-citation id="d31097e3344" publication-type="journal">
Wechsler, Henry and Mary McFadden (1979), "Drinking Among
College Students in New England: Extent, Social Correlates,
and Consequences of Alcohol Use," Journal of Studies on Al-
cohol, 40 (11), 969-996.<person-group>
                  <string-name>
                     <surname>Wechsler</surname>
                  </string-name>
               </person-group>
               <issue>11</issue>
               <fpage>969</fpage>
               <volume>40</volume>
               <source>Journal of Studies on Alcohol</source>
               <year>1979</year>
            </mixed-citation>
         </ref>
         <ref id="d31097e3385a1310">
            <mixed-citation id="d31097e3389" publication-type="book">
Weinberg, R. (1984), "Advertising and Malt Beverage Demand: A
Macro Analysis of Brewing Industry Expenditures 1947-1983,"
St. Louis, MO: Weinberg and Associates.<person-group>
                  <string-name>
                     <surname>Weinberg</surname>
                  </string-name>
               </person-group>
               <source>Advertising and Malt Beverage Demand: A Macro Analysis of Brewing Industry Expenditures 1947-1983</source>
               <year>1984</year>
            </mixed-citation>
         </ref>
         <ref id="d31097e3418a1310">
            <mixed-citation id="d31097e3422" publication-type="book">
Weitzman, Eben A. and Matthew B. Miles (1995), Computer Pro-
grams for Qualitative Data Analysis, Thousand Oaks, CA:
Sage Publications.<person-group>
                  <string-name>
                     <surname>Weitzman</surname>
                  </string-name>
               </person-group>
               <source>Computer Programs for Qualitative Data Analysis</source>
               <year>1995</year>
            </mixed-citation>
         </ref>
         <ref id="d31097e3452a1310">
            <mixed-citation id="d31097e3456" publication-type="journal">
Wells, William D. (1993), "Discovery-Oriented Consumer Research,"
Journal of Consumer Research, 19 (March), 489-504.<object-id pub-id-type="jstor">10.2307/2489436</object-id>
               <fpage>489</fpage>
            </mixed-citation>
         </ref>
         <ref id="d31097e3472a1310">
            <mixed-citation id="d31097e3476" publication-type="book">
White, Helene Raskin, Marsha E. Bates, and Valerie Johnson
(1990), "Social Reinforcement and Alcohol Consumption," in
Why People Drink: Parameters of Alcohol as a Reinforcer, W.
Miles Cox, ed., New York: Gardner Press.<person-group>
                  <string-name>
                     <surname>White</surname>
                  </string-name>
               </person-group>
               <comment content-type="section">Social Reinforcement and Alcohol Consumption</comment>
               <source>Why People Drink: Parameters of Alcohol as a Reinforcer</source>
               <year>1990</year>
            </mixed-citation>
         </ref>
         <ref id="d31097e3511a1310">
            <mixed-citation id="d31097e3515" publication-type="book">
Williamson, Judith ( 1978), Decoding Advertisements: Ideology and
Meaning in Advertising, London: Boyars.<person-group>
                  <string-name>
                     <surname>Williamson</surname>
                  </string-name>
               </person-group>
               <source>Decoding Advertisements: Ideology and Meaning in Advertising</source>
               <year>1978</year>
            </mixed-citation>
         </ref>
      </ref-list>
   </back>
</article>
