<article xmlns:xsi="http://www.w3.org/2001/XMLSchema-instance"
         xmlns:xlink="http://www.w3.org/1999/xlink"
         xmlns:mml="http://www.w3.org/1998/Math/MathML"
         dtd-version="1.0"
         article-type="research-article">
   <front>
      <journal-meta>
         <journal-id journal-id-type="jstor">jadve</journal-id>
         <journal-id journal-id-type="jstor">jadve</journal-id>
         <journal-id journal-id-type="jstor">j101355</journal-id>
         <journal-title-group>
            <journal-title>Journal of Advertising</journal-title>
         </journal-title-group>
         <publisher>
            <publisher-name>M. E. Sharpe, Inc.</publisher-name>
         </publisher>
         <issn pub-type="ppub">00913367</issn>
         <issn pub-type="epub">15577805</issn>
      </journal-meta>
      <article-meta>
         <article-id pub-id-type="jstor">4189297</article-id>
         <title-group>
            <article-title>Internet Uses and Gratifications: A Structural Equation Model of Interactive Advertising</article-title>
         </title-group>
         <contrib-group>
            <contrib contrib-type="author">
               <string-name>Hanjun Ko</string-name>
            </contrib>
            <contrib contrib-type="author">
               <string-name>Chang-Hoan Cho</string-name>
            </contrib>
            <contrib contrib-type="author">
               <string-name>Marilyn S. Roberts</string-name>
            </contrib>
         </contrib-group>
         <pub-date>
            <day>1</day>
            <month>7</month>
            <year>2005</year>
         </pub-date>
         <volume>34</volume>
         <issue>2</issue>
         <issue-id>i394124</issue-id>
         <fpage>57</fpage>
         <lpage>70</lpage>
         <page-range>57-70</page-range>
         <permissions>
            <copyright-statement>Copyright 2005 American Academy of Advertising</copyright-statement>
         </permissions>
         <self-uri xlink:href="http://www.jstor.org/stable/4189297"/>
         <abstract>
            <p>This study investigates the interactivity construct in terms of its antecedents (i.e., motivations for using the Internet) and consequences (i.e., attitude toward the site, attitude toward the brand, and purchase intention). A structural equation model was developed for an empirical test, based on uses and gratification theory applied to the interactivity context. A sample of 385 college students in the United States and Korea participated in the experiment. The findings suggest that consumers who have high information motivations are more likely to engage in human--message interaction on a Web site, whereas social interaction motivations are more strongly related to human--human interaction. Both human--message and human--human interactions had a positive effect on attitude toward the site, which leads to positive attitude toward the brand and purchase intention.</p>
         </abstract>
         <custom-meta-group>
            <custom-meta>
               <meta-name>lang</meta-name>
               <meta-value>eng</meta-value>
            </custom-meta>
         </custom-meta-group>
      </article-meta>
   </front>
   <back>
      <ref-list>
         <title>Notes</title>
         <ref id="d24428e148a1310">
            <label>1</label>
            <mixed-citation id="d24428e155" publication-type="other">
Novak, Hoffman, and Young, "flow" is described as "[a]n
optimal, intrinsically enjoyable cognitive state experienced dur-
ing online navigation." (2000, p. 24)</mixed-citation>
         </ref>
         <ref id="d24428e168a1310">
            <label>2</label>
            <mixed-citation id="d24428e175" publication-type="other">
Stewer, "telepresence" is defined as "[t]he compelling
sense of being present in a mediated virtual environment" (1992,
p. 76)</mixed-citation>
         </ref>
         <ref id="d24428e188a1310">
            <label>4</label>
            <mixed-citation id="d24428e195" publication-type="other">
Muehling (1987)</mixed-citation>
            <mixed-citation id="d24428e201" publication-type="other">
Davis (1999)</mixed-citation>
         </ref>
      </ref-list>
      <ref-list>
         <title>References</title>
         <ref id="d24428e217a1310">
            <mixed-citation id="d24428e221" publication-type="journal">
Alwitt, Linda E, and Paul R. Prabhaker (1992), "Functional and
Belief Dimensions of Attitudes to Television," Journal of
Advertising Research, 32 (5), 30-42.<person-group>
                  <string-name>
                     <surname>Alwitt</surname>
                  </string-name>
               </person-group>
               <issue>5</issue>
               <fpage>30</fpage>
               <volume>32</volume>
               <source>Journal of Advertising Research</source>
               <year>1992</year>
            </mixed-citation>
         </ref>
         <ref id="d24428e259a1310">
            <mixed-citation id="d24428e265" publication-type="other">
Ariely, Dan (1998), "Controlling the Information Flow: On the
Role of Interactivity in Consumers' Decision Making and
Preferences," Ph.D. dissertation, Fuqua School of Business,
Duke University.</mixed-citation>
         </ref>
         <ref id="d24428e281a1310">
            <mixed-citation id="d24428e285" publication-type="journal">
Babrow, Austin S. (1987), "Student Motives for Watching Soap
Operas,"Journal of Broadcasting and Electronic Media, 31 (3),
309-321.<person-group>
                  <string-name>
                     <surname>Babrow</surname>
                  </string-name>
               </person-group>
               <issue>3</issue>
               <fpage>309</fpage>
               <volume>31</volume>
               <source>Journal of Broadcasting and Electronic Media</source>
               <year>1987</year>
            </mixed-citation>
         </ref>
         <ref id="d24428e323a1310">
            <mixed-citation id="d24428e327" publication-type="journal">
Batra, Rajeev, and Michael L. Ray (1986), "Situational Effects of
Advertising Repetition: The Moderating Influence of Mo-
tivation, Ability, and Opportunity to Respond," Journal of
Consumer Research, 12 (March), 432-445.<object-id pub-id-type="jstor">10.2307/254303</object-id>
               <fpage>432</fpage>
            </mixed-citation>
         </ref>
         <ref id="d24428e351a1310">
            <mixed-citation id="d24428e355" publication-type="journal">
Berthon, Pierre, Leyland F. Pitt, and Richard T. Watson (1996),
"The World Wide Web as an Advertising Medium: To-
ward an Understanding of Conversion Efficiency," Journal
of Advertising Research, 36 (1), 43-54.<person-group>
                  <string-name>
                     <surname>Berthon</surname>
                  </string-name>
               </person-group>
               <issue>1</issue>
               <fpage>43</fpage>
               <volume>36</volume>
               <source>Journal of Advertising Research</source>
               <year>1996</year>
            </mixed-citation>
         </ref>
         <ref id="d24428e396a1310">
            <mixed-citation id="d24428e400" publication-type="journal">
Blumler, Jay G. (1979), "The Role of Theory in Uses and Grati-
fication Studies," Communication Research, 6 (1), 9—36.<person-group>
                  <string-name>
                     <surname>Blumler</surname>
                  </string-name>
               </person-group>
               <issue>1</issue>
               <fpage>9</fpage>
               <volume>6</volume>
               <source>Communication Research</source>
               <year>1979</year>
            </mixed-citation>
         </ref>
         <ref id="d24428e435a1310">
            <mixed-citation id="d24428e439" publication-type="book">
Cacioppo, John T., and Richard E. Petty (1985), "Central and
Peripheral Routes to Persuasion: The Role of Message Rep-
etition," in Psychological Processes and Advertising Effects,
Linda F. Alwitt and Andrew A. Mitchell, eds., Hillsdale,
NJ: Lawrence Erlbaum Associates, 91-112.<person-group>
                  <string-name>
                     <surname>Cacioppo</surname>
                  </string-name>
               </person-group>
               <comment content-type="section">Central and Peripheral Routes to Persuasion: The Role of Message Repetition</comment>
               <fpage>91</fpage>
               <source>Psychological Processes and Advertising Effects</source>
               <year>1985</year>
            </mixed-citation>
         </ref>
         <ref id="d24428e480a1310">
            <mixed-citation id="d24428e484" publication-type="journal">
Celsi, Richard, and Jerry C. Olson (1988), "The Role of Involve-
ment in Attention and Comprehension Processes," Journal
of Consumer Research, 15 (September), 210—224.<object-id pub-id-type="jstor">10.2307/2489526</object-id>
               <fpage>210</fpage>
            </mixed-citation>
         </ref>
         <ref id="d24428e503a1310">
            <mixed-citation id="d24428e507" publication-type="journal">
Chen, Qimei, and William D. Wells (1999), "Attitude Toward
the Site," Journal of Advertising Research, 39 (5), 27--37.<person-group>
                  <string-name>
                     <surname>Chen</surname>
                  </string-name>
               </person-group>
               <issue>5</issue>
               <fpage>27</fpage>
               <volume>39</volume>
               <source>Journal of Advertising Research</source>
               <year>1999</year>
            </mixed-citation>
         </ref>
         <ref id="d24428e542a1310">
            <mixed-citation id="d24428e546" publication-type="journal">
Cho, Chang-Hoan (1999), "How Advertising Works on the
WWW: Modified Elaboration Likelihood Model," Journal
of Current Issues and Research in Advertising, 21 (1), 33—50.<person-group>
                  <string-name>
                     <surname>Cho</surname>
                  </string-name>
               </person-group>
               <issue>1</issue>
               <fpage>33</fpage>
               <volume>21</volume>
               <source>Journal of Current Issues and Research in Advertising</source>
               <year>1999</year>
            </mixed-citation>
         </ref>
         <ref id="d24428e585a1310">
            <mixed-citation id="d24428e589" publication-type="journal">
—, and Hongsik John Cheon (2003), "Korean Vs. Ameri-
can Corporate Websites: Interactivity, Comparative Appeals
and Use of Technology," Journal of Korean Academy of Mar-
keting Science, 11 (May), 79-100.<person-group>
                  <string-name>
                     <surname>Cho</surname>
                  </string-name>
               </person-group>
               <issue>May</issue>
               <fpage>79</fpage>
               <volume>11</volume>
               <source>Journal of Korean Academy of Marketing Science</source>
               <year>2003</year>
            </mixed-citation>
         </ref>
         <ref id="d24428e630a1310">
            <mixed-citation id="d24428e634" publication-type="book">
—, and John D. Leckenby (1999), "Interactivity as a Mea-
sure of Advertising Effectiveness: Antecedents and Conse-
quences of Interactivity in Web Advertising," in Proceedings of the
1999 Conference of the American Academy of Advertising, M. S.
Roberts, ed., Gainesville, FL: American Academy of Ad-
vertising, 162-179.<person-group>
                  <string-name>
                     <surname>Cho</surname>
                  </string-name>
               </person-group>
               <comment content-type="section">Interactivity as a Measure of Advertising Effectiveness: Antecedents and Consequences of Interactivity in Web Advertising</comment>
               <fpage>162</fpage>
               <source>Proceedings of the 1999 Conference of the American Academy of Advertising</source>
               <year>1999</year>
            </mixed-citation>
         </ref>
         <ref id="d24428e678a1310">
            <mixed-citation id="d24428e682" publication-type="journal">
Cohen, Akiba ?., Mark R. Levy, and Karen Golden (1988),
"Children's Uses and Gratifications of Home VCRs: Evolu-
tion or Revolution," Communication Research, 15 (6), 772—
780.<person-group>
                  <string-name>
                     <surname>Cohen</surname>
                  </string-name>
               </person-group>
               <issue>6</issue>
               <fpage>772</fpage>
               <volume>15</volume>
               <source>Communication Research</source>
               <year>1988</year>
            </mixed-citation>
         </ref>
         <ref id="d24428e723a1310">
            <mixed-citation id="d24428e727" publication-type="journal">
Conway, Joseph C, and Alan M. Rubin (1991), "Psychological
Predictors of Television Viewing Motivation," Communica-
tion Research, 18 (4), 443-463.<person-group>
                  <string-name>
                     <surname>Conway</surname>
                  </string-name>
               </person-group>
               <issue>4</issue>
               <fpage>443</fpage>
               <volume>18</volume>
               <source>Communication Research</source>
               <year>1991</year>
            </mixed-citation>
         </ref>
         <ref id="d24428e765a1310">
            <mixed-citation id="d24428e769" publication-type="journal">
Cook, William A. (1994), "Is It Interactive Media, or Hyperac-
tive Media?" Journal of Advertising Research, 34 (1), 7—9.<person-group>
                  <string-name>
                     <surname>Cook</surname>
                  </string-name>
               </person-group>
               <issue>1</issue>
               <fpage>7</fpage>
               <volume>34</volume>
               <source>Journal of Advertising Research</source>
               <year>1994</year>
            </mixed-citation>
         </ref>
         <ref id="d24428e804a1310">
            <mixed-citation id="d24428e808" publication-type="book">
Davis, Judy E (1999), "Effectiveness of Internet Advertising by
Leading National Advertisers," in Advertising and the World
Wide Web, David W. Schumann and Esther Thorson, eds.,
Mahwah, NJ: Lawrence Erlbaum Associates, 81-97.<person-group>
                  <string-name>
                     <surname>Davis</surname>
                  </string-name>
               </person-group>
               <comment content-type="section">Effectiveness of Internet Advertising by Leading National Advertisers</comment>
               <fpage>81</fpage>
               <source>Advertising and the World Wide Web</source>
               <year>1999</year>
            </mixed-citation>
         </ref>
         <ref id="d24428e847a1310">
            <mixed-citation id="d24428e851" publication-type="journal">
Dimmick, John, Susan Kline, and Laura Stafford (2000), "The
Gratification Niches of Personal E-mail and the Telephone,"
Communication Research, 27 (2), 227-248.<person-group>
                  <string-name>
                     <surname>Dimmick</surname>
                  </string-name>
               </person-group>
               <issue>2</issue>
               <fpage>227</fpage>
               <volume>27</volume>
               <source>Communication Research</source>
               <year>2000</year>
            </mixed-citation>
         </ref>
         <ref id="d24428e889a1310">
            <mixed-citation id="d24428e893" publication-type="journal">
Ducoffe, H. Robert (1996), "Advertising Value and Advertising
on the Web" Journal of Advertising Research, 36 (3), 21-34.<person-group>
                  <string-name>
                     <surname>Ducoffe</surname>
                  </string-name>
               </person-group>
               <issue>3</issue>
               <fpage>21</fpage>
               <volume>36</volume>
               <source>Journal of Advertising Research</source>
               <year>1996</year>
            </mixed-citation>
         </ref>
         <ref id="d24428e928a1310">
            <mixed-citation id="d24428e932" publication-type="journal">
Eighmey, John (1997), "Profiling User Responses to Commercial
Web Sites," Journal of Advertising Research, 37 (3), 59-66.<person-group>
                  <string-name>
                     <surname>Eighmey</surname>
                  </string-name>
               </person-group>
               <issue>3</issue>
               <fpage>59</fpage>
               <volume>37</volume>
               <source>Journal of Advertising Research</source>
               <year>1997</year>
            </mixed-citation>
         </ref>
         <ref id="d24428e967a1310">
            <mixed-citation id="d24428e971" publication-type="journal">
Elliott, William R., and William L. Rosenberg (1987), "The
1985 Philadelphia Newspaper Strike: A Uses and Gratifi-
cations Study," Journalism Quarterly, 64 (4), 679-687.<person-group>
                  <string-name>
                     <surname>Elliott</surname>
                  </string-name>
               </person-group>
               <issue>4</issue>
               <fpage>679</fpage>
               <volume>64</volume>
               <source>Journalism Quarterly</source>
               <year>1987</year>
            </mixed-citation>
         </ref>
         <ref id="d24428e1009a1310">
            <mixed-citation id="d24428e1013" publication-type="other">
Ernst and Young (2001), "Consumer Trends in Online Shop-
ping," Global Online Retailing Report, available at
www.ey.com/global/vault.nsf/US/Consumer_Trends_-
_2001_Retail_Study_-_Thought_Center/$file/
ConsTrends.pdf (accessed July 19, 2002).</mixed-citation>
         </ref>
         <ref id="d24428e1032a1310">
            <mixed-citation id="d24428e1036" publication-type="journal">
Ferguson, Douglas ?., and Elizabeth M. Perse (2000), "The World
Wide Web as a Functional Alternative to Television,"Jour-
nal of Broadcasting and Electronic Media, 44 (2), 155-174.<person-group>
                  <string-name>
                     <surname>Ferguson</surname>
                  </string-name>
               </person-group>
               <issue>2</issue>
               <fpage>155</fpage>
               <volume>44</volume>
               <source>Journal of Broadcasting and Electronic Media</source>
               <year>2000</year>
            </mixed-citation>
         </ref>
         <ref id="d24428e1075a1310">
            <mixed-citation id="d24428e1079" publication-type="book">
Flaherty, David H. (1985), Protecting Privacy in Two-Way Elec-
tronic Services, White Plains, NY: Knowledge Industry Pub-
lications.<person-group>
                  <string-name>
                     <surname>Flaherty</surname>
                  </string-name>
               </person-group>
               <source>Protecting Privacy in Two-Way Electronic Services</source>
               <year>1985</year>
            </mixed-citation>
         </ref>
         <ref id="d24428e1108a1310">
            <mixed-citation id="d24428e1112" publication-type="journal">
Flanagin, Andrew J., and Miriam J. Metzger (2001), "Internet
Use in the Contemporary Media Environment," Human
Communication Research, 27 (1), 153-181.<person-group>
                  <string-name>
                     <surname>Flanagin</surname>
                  </string-name>
               </person-group>
               <issue>1</issue>
               <fpage>153</fpage>
               <volume>27</volume>
               <source>Human Communication Research</source>
               <year>2001</year>
            </mixed-citation>
         </ref>
         <ref id="d24428e1150a1310">
            <mixed-citation id="d24428e1154" publication-type="journal">
Ghose, Sanjoy, and Wenyu Dou (1998), "Interactive Functions
and Their Impacts on the Appeal of Internet Presence Sites,"
Journal of Advertising Research, 38 (2), 29-43.<person-group>
                  <string-name>
                     <surname>Ghose</surname>
                  </string-name>
               </person-group>
               <issue>2</issue>
               <fpage>29</fpage>
               <volume>38</volume>
               <source>Journal of Advertising Research</source>
               <year>1998</year>
            </mixed-citation>
         </ref>
         <ref id="d24428e1192a1310">
            <mixed-citation id="d24428e1196" publication-type="journal">
Greenwald, Anthony G., and Clark Leavitt (1984), "Audience
Involvement in Advertising: Four Levels," Journal of Con-
sumer Research, 11 (2), 590-595.<object-id pub-id-type="jstor">10.2307/2489145</object-id>
               <fpage>590</fpage>
            </mixed-citation>
         </ref>
         <ref id="d24428e1215a1310">
            <mixed-citation id="d24428e1219" publication-type="journal">
Ha, Louisa, and Lincoln James (1998), "Interactivity Reexam-
ined: A Baseline Analysis of Early Business Web Sites,"Jour-
nal of Broadcasting and Electronic Media, 42 (4), 457-474.<person-group>
                  <string-name>
                     <surname>Ha</surname>
                  </string-name>
               </person-group>
               <issue>4</issue>
               <fpage>457</fpage>
               <volume>42</volume>
               <source>Journal of Broadcasting and Electronic Media</source>
               <year>1998</year>
            </mixed-citation>
         </ref>
         <ref id="d24428e1257a1310">
            <mixed-citation id="d24428e1261" publication-type="book">
Hair, Joseph F., Jr., Rolph E. Anderson, Ronald L. Tatham, and
William C. Black (1998), Multivariate Data Analysis, 5th
ed., Upper Saddle River, NJ: Prentice Hall.<person-group>
                  <string-name>
                     <surname>Hair</surname>
                  </string-name>
               </person-group>
               <edition>5</edition>
               <source>Multivariate Data Analysis</source>
               <year>1998</year>
            </mixed-citation>
         </ref>
         <ref id="d24428e1294a1310">
            <mixed-citation id="d24428e1298" publication-type="book">
Heeter, Carrie (1989), "Implications of New Interactive Tech-
nologies for Conceptualizing Communication," in Media
Use in the Information Age: Emerging Patterns of Adoption and
Consumer Use, Jerry L. Salvaggio and Jennings Bryant, eds.,
Hillsdale, NJ: Lawrence Erlbaum Associates, 217-236.<person-group>
                  <string-name>
                     <surname>Heeter</surname>
                  </string-name>
               </person-group>
               <comment content-type="section">Implications of New Interactive Technologies for Conceptualizing Communication</comment>
               <fpage>217</fpage>
               <source>Media Use in the Information Age: Emerging Patterns of Adoption and Consumer Use</source>
               <year>1989</year>
            </mixed-citation>
         </ref>
         <ref id="d24428e1339a1310">
            <mixed-citation id="d24428e1343" publication-type="book">
—, and Bradley S. Greenberg (1985), "Cable and Program
Choice," in Selective Exposure to Communication, Dolf Zillmann
and Jennings Bryant, eds., Hillsdale, NJ: Lawrence Erlbaum
Associates, 203-224.<person-group>
                  <string-name>
                     <surname>Heeter</surname>
                  </string-name>
               </person-group>
               <comment content-type="section">Cable and Program Choice</comment>
               <fpage>203</fpage>
               <source>Selective Exposure to Communication</source>
               <year>1985</year>
            </mixed-citation>
         </ref>
         <ref id="d24428e1381a1310">
            <mixed-citation id="d24428e1385" publication-type="journal">
Hoffman, Donna L., and Thomas P. Novak (1996), "Marketing in
Hypermedia Computer-Mediated Environments: Conceptual
Foundations," Journal of Marketing, 60 (July), 50-68<object-id pub-id-type="doi">10.2307/1251841</object-id>
               <fpage>50</fpage>
            </mixed-citation>
         </ref>
         <ref id="d24428e1404a1310">
            <mixed-citation id="d24428e1408" publication-type="journal">
—,-, and Patrali Chatterjee (1995), "Commercial
Scenarios for the Web: Opportunities and Challenges," Jour-
nal of Computer Mediated Communication, 1 (3), available at
www.ascusc.org/jcmc /v011/issue3/hoffman.html (accessed
September 27, 2001).<person-group>
                  <string-name>
                     <surname>Hoffman</surname>
                  </string-name>
               </person-group>
               <issue>3</issue>
               <volume>1</volume>
               <source>Journal of Computer Mediated Communication</source>
               <year>1995</year>
            </mixed-citation>
         </ref>
         <ref id="d24428e1449a1310">
            <mixed-citation id="d24428e1453" publication-type="journal">
Jee, Joonhyung, and Wei-Na Lee (2002), "Antecedents and Conse-
quences of Perceived Interactivity: An Exploratory Study,"Jour-
nal of Interactive Advertising3 (1), available at www.jiad.org/
v013/n01/jee/index.htm (accessed March 3, 2003).<person-group>
                  <string-name>
                     <surname>Jee</surname>
                  </string-name>
               </person-group>
               <issue>1</issue>
               <volume>3</volume>
               <source>Journal of Interactive Advertising</source>
               <year>2002</year>
            </mixed-citation>
         </ref>
         <ref id="d24428e1491a1310">
            <mixed-citation id="d24428e1495" publication-type="book">
Katz, Elihu, Jay G. Blumler, and Michael Gurevitch (1974),
"Utilization of Mass Communication by the Individual,"
in The Uses of Mass Communications: Current Perspectives on
Gratifications Research, Jay G. Blumler and Elihu Katz, eds.,
Beverly Hills: Sage, 19-32.<person-group>
                  <string-name>
                     <surname>Katz</surname>
                  </string-name>
               </person-group>
               <comment content-type="section">Utilization of Mass Communication by the Individual</comment>
               <fpage>19</fpage>
               <source>The Uses of Mass Communications: Current Perspectives on Gratifications Research</source>
               <year>1974</year>
            </mixed-citation>
         </ref>
         <ref id="d24428e1537a1310">
            <mixed-citation id="d24428e1541" publication-type="book">
Kaye, Barbara ?., and Thomas J. Johnson (2001), "A Web for
All Reasons: Uses and Gratifications of Internet Resources
for Political Information," paper presented at the Associa-
tion for Education in Journalism and Mass Communica-
tion Conference, Washington, DC, August.<person-group>
                  <string-name>
                     <surname>Kaye</surname>
                  </string-name>
               </person-group>
               <comment content-type="section">A Web for All Reasons: Uses and Gratifications of Internet Resources for Political Information</comment>
               <source>Association for Education in Journalism and Mass Communication Conference, Washington, DC, August</source>
               <year>2001</year>
            </mixed-citation>
         </ref>
         <ref id="d24428e1579a1310">
            <mixed-citation id="d24428e1583" publication-type="journal">
Kiousis, Sprio (2002), "Interactivity: A Concept Explication,"
New Media and Society, 4 (3), 355-383.<person-group>
                  <string-name>
                     <surname>Kiousis</surname>
                  </string-name>
               </person-group>
               <issue>3</issue>
               <fpage>355</fpage>
               <volume>4</volume>
               <source>New Media and Society</source>
               <year>2002</year>
            </mixed-citation>
         </ref>
         <ref id="d24428e1618a1310">
            <mixed-citation id="d24428e1622" publication-type="journal">
Kirk, Don (2001), "In Korea, Broadband Is Part of the Culture,"
New York Times (October 29), C3.<person-group>
                  <string-name>
                     <surname>Kirk</surname>
                  </string-name>
               </person-group>
               <issue>October 29</issue>
               <fpage>C3</fpage>
               <source>New York Times</source>
               <year>2001</year>
            </mixed-citation>
         </ref>
         <ref id="d24428e1654a1310">
            <mixed-citation id="d24428e1658" publication-type="book">
Klapper, Joseph T. (1960), The Effects of Mass Communication,
Glencoe, IL: Free Press, 202-203.<person-group>
                  <string-name>
                     <surname>Klapper</surname>
                  </string-name>
               </person-group>
               <fpage>202</fpage>
               <source>The Effects of Mass Communication</source>
               <year>1960</year>
            </mixed-citation>
         </ref>
         <ref id="d24428e1687a1310">
            <mixed-citation id="d24428e1691" publication-type="book">
Kline, Rex B. (1998), Principles and Practice of Structural Equation
Modeling: Concepts, Issues, and Applications, New York: Guilford
Press.<person-group>
                  <string-name>
                     <surname>Kline</surname>
                  </string-name>
               </person-group>
               <source>Principles and Practice of Structural Equation Modeling: Concepts, Issues, and Applications</source>
               <year>1998</year>
            </mixed-citation>
         </ref>
         <ref id="d24428e1720a1310">
            <mixed-citation id="d24428e1724" publication-type="journal">
Korgaonkar, Pradeep K., and Lori D. Wolin (1999), "A Multi-
variate Analysis of Web Usage," Journal of Advertising Re-
search, 39 (2), 53-68.<person-group>
                  <string-name>
                     <surname>Korgaonkar</surname>
                  </string-name>
               </person-group>
               <issue>2</issue>
               <fpage>53</fpage>
               <volume>39</volume>
               <source>Journal of Advertising Research</source>
               <year>1999</year>
            </mixed-citation>
         </ref>
         <ref id="d24428e1763a1310">
            <mixed-citation id="d24428e1767" publication-type="journal">
Kowalczykowski, Magda (2002), "Disconnected Continent,"
Harvard International Review, 24 (2), 40—43.<person-group>
                  <string-name>
                     <surname>Kowalczykowski</surname>
                  </string-name>
               </person-group>
               <issue>2</issue>
               <fpage>40</fpage>
               <volume>24</volume>
               <source>Harvard International Review</source>
               <year>2002</year>
            </mixed-citation>
         </ref>
         <ref id="d24428e1802a1310">
            <mixed-citation id="d24428e1806" publication-type="journal">
LaRose, Robert, Dana Mastro, and Matthew S. Eastin (2001),
"Understanding Internet Usage: A Social-Cognitive Ap-
proach to Uses and Gratifications," Social Science Computer
Review, 19 (4), 395-413.<person-group>
                  <string-name>
                     <surname>LaRose</surname>
                  </string-name>
               </person-group>
               <issue>4</issue>
               <fpage>395</fpage>
               <volume>19</volume>
               <source>Social Science Computer Review</source>
               <year>2001</year>
            </mixed-citation>
         </ref>
         <ref id="d24428e1847a1310">
            <mixed-citation id="d24428e1851" publication-type="journal">
Leung, Louis, and Ran Wei (1999), "Seeking News via the Pager:
An Expectancy-Value Study," Journal of Broadcasting and
Electronic Media, 43 (3), 299-315.<person-group>
                  <string-name>
                     <surname>Leung</surname>
                  </string-name>
               </person-group>
               <issue>3</issue>
               <fpage>299</fpage>
               <volume>43</volume>
               <source>Journal of Broadcasting and Electronic Media</source>
               <year>1999</year>
            </mixed-citation>
         </ref>
         <ref id="d24428e1889a1310">
            <mixed-citation id="d24428e1893" publication-type="journal">
Levy, Mark R. (1987), "VCR Use and the Concept of Audience
Activity," Communication Quarterly, 35 (3), 267-275.<person-group>
                  <string-name>
                     <surname>Levy</surname>
                  </string-name>
               </person-group>
               <issue>3</issue>
               <fpage>267</fpage>
               <volume>35</volume>
               <source>Communication Quarterly</source>
               <year>1987</year>
            </mixed-citation>
         </ref>
         <ref id="d24428e1928a1310">
            <mixed-citation id="d24428e1932" publication-type="journal">
Lin, Carolyn A. (1996), "Looking Back: The Contribution of
Blumler and Katzs Uses of Mass Communication to Com-
munication Research," Journal of Broadcasting and Electronic
Media, 40(4), 574-581.<person-group>
                  <string-name>
                     <surname>Lin</surname>
                  </string-name>
               </person-group>
               <issue>4</issue>
               <fpage>574</fpage>
               <volume>40</volume>
               <source>Journal of Broadcasting and Electronic Media</source>
               <year>1996</year>
            </mixed-citation>
         </ref>
         <ref id="d24428e1973a1310">
            <mixed-citation id="d24428e1977" publication-type="book">
—(1999a), "Uses and Gratifications," in Clarifying Com-
munication Theories: A Hands-On Approach, Gerald Stone,
Michael Singletary, and Virginia P. Richmond, eds., Ames:
Iowa State University Press, 199-208.<person-group>
                  <string-name>
                     <surname>Lin</surname>
                  </string-name>
               </person-group>
               <comment content-type="section">Uses and Gratifications</comment>
               <fpage>199</fpage>
               <source>Clarifying Communication Theories: A Hands-On Approach</source>
               <year>1999</year>
            </mixed-citation>
         </ref>
         <ref id="d24428e2016a1310">
            <mixed-citation id="d24428e2020" publication-type="journal">
(1999b)— "Online-Service Adoption Likelihood," Jour-
nal of Advertising Research, 39 (2), 79-89.<person-group>
                  <string-name>
                     <surname>Lin</surname>
                  </string-name>
               </person-group>
               <issue>2</issue>
               <fpage>79</fpage>
               <volume>39</volume>
               <source>Journal of Advertising Research</source>
               <year>1999</year>
            </mixed-citation>
         </ref>
         <ref id="d24428e2055a1310">
            <mixed-citation id="d24428e2059" publication-type="journal">
Lombard, Matthew, and Jennifer Snyder-Duch (2001), "Interac-
tive Advertising and Presence: A Framework," Journal of
Interactive Advertising, 1 (2), available at http://jiad.org/v011/
n02/lombard/index.html (accessed March 7, 2002).<person-group>
                  <string-name>
                     <surname>Lombard</surname>
                  </string-name>
               </person-group>
               <issue>2</issue>
               <volume>1</volume>
               <source>Journal of Interactive Advertising</source>
               <year>2001</year>
            </mixed-citation>
         </ref>
         <ref id="d24428e2097a1310">
            <mixed-citation id="d24428e2101" publication-type="journal">
Luo, Xueming (2002), "Uses and Gratifications Theory and E-
Consumer Behaviors: A Structural Equation Modeling Study,"
Journal of Interactive Advertising, 2 (2), available at http://jiad.org/
v012/n02/luo/index.html (accessed November 29, 2002).<person-group>
                  <string-name>
                     <surname>Luo</surname>
                  </string-name>
               </person-group>
               <issue>2</issue>
               <volume>2</volume>
               <source>Journal of Interactive Advertising</source>
               <year>2002</year>
            </mixed-citation>
         </ref>
         <ref id="d24428e2139a1310">
            <mixed-citation id="d24428e2143" publication-type="book">
Lutz, Richard J. (1985), "Affective and Cognitive Antecedents
of Attitudes Toward the Ad: A Conceptual Framework," in
Psychological Processes and Advertising Effects: Theory, Research,
and Applications, Linda F. Alwitt and Andrew A. Mitchell,
eds., Hillsdale, NJ: Lawrence Erlbaum Associates, 45-63.<person-group>
                  <string-name>
                     <surname>Lutz</surname>
                  </string-name>
               </person-group>
               <comment content-type="section">Affective and Cognitive Antecedents of Attitudes Toward the Ad: A Conceptual Framework</comment>
               <fpage>45</fpage>
               <source>Psychological Processes and Advertising Effects: Theory, Research, and Applications</source>
               <year>1985</year>
            </mixed-citation>
         </ref>
         <ref id="d24428e2184a1310">
            <mixed-citation id="d24428e2188" publication-type="book">
—, Scott B. Mackenzie, and George E. Belch (1983), "Attitute
Toward the Ad as a Mediator of Advertising Effectiveness:
Determinants and Consequences," in Advances in Consumer Re-
search, vol. 10, Richard P. Bagozzi and Alice M. Tybout, eds.,
Ann Arbor, MI: Association for Consumer Research, 532-539.<person-group>
                  <string-name>
                     <surname>Lutz</surname>
                  </string-name>
               </person-group>
               <comment content-type="section">Attitute Toward the Ad as a Mediator of Advertising Effectiveness: Determinants and Consequences</comment>
               <fpage>532</fpage>
               <volume>10</volume>
               <source>Advances in Consumer Research</source>
               <year>1983</year>
            </mixed-citation>
         </ref>
         <ref id="d24428e2232a1310">
            <mixed-citation id="d24428e2238" publication-type="journal">
MacKenzie, Scott B., Richard Lutz, and George E. Belch (1986),
"The Role of Attitude Toward the Ad as a Mediator of Ad-
vertising Effectiveness: A Test of Competing Explanations,"
Journal of Marketing Research, 23 (May), 130—143.<object-id pub-id-type="doi">10.2307/3151660</object-id>
               <fpage>130</fpage>
            </mixed-citation>
         </ref>
         <ref id="d24428e2262a1310">
            <mixed-citation id="d24428e2266" publication-type="journal">
Maddox, Kate (1998), "E-commerce Becoming Reality," Adver-
tising Age (October 26).<person-group>
                  <string-name>
                     <surname>Maddox</surname>
                  </string-name>
               </person-group>
               <issue>October 26</issue>
               <source>Advertising Age</source>
               <year>1998</year>
            </mixed-citation>
         </ref>
         <ref id="d24428e2295a1310">
            <mixed-citation id="d24428e2299" publication-type="journal">
Massey, Brian L., and Mark R. Levy (1999), "Interactivity, Online
Journalism, and English-Language Web Newspapers in Asia,"
Journalism and Mass Communication Quarterly, 76(1), 138—151.<person-group>
                  <string-name>
                     <surname>Massey</surname>
                  </string-name>
               </person-group>
               <issue>1</issue>
               <fpage>138</fpage>
               <volume>76</volume>
               <source>Journalism and Mass Communication Quarterly</source>
               <year>1999</year>
            </mixed-citation>
         </ref>
         <ref id="d24428e2337a1310">
            <mixed-citation id="d24428e2341" publication-type="book">
McMillan, Sally J. (2000), "Interactivity Is in the Eye of the
Beholder: Function, Perception, Involvement, and Attitude
Toward the Web Site," in Proceedings of the American Acad-
emy of Advertising, Mary A. Shaver, ed., East Lansing: Michi-
gan State University, 71-78.<person-group>
                  <string-name>
                     <surname>McMillan</surname>
                  </string-name>
               </person-group>
               <comment content-type="section">Interactivity Is in the Eye of the Beholder: Function, Perception, Involvement, and Attitude Toward the Web Site</comment>
               <fpage>71</fpage>
               <source>Proceedings of the American Academy of Advertising</source>
               <year>2000</year>
            </mixed-citation>
         </ref>
         <ref id="d24428e2382a1310">
            <mixed-citation id="d24428e2386" publication-type="journal">
—, and Jang-Sun Hwang (2002), "Measures of Perceived
Interactivity: An Exploration of the Role of Direction of Com-
munication, User Control, and Time in Shaping Perceptions
ofInteractivity," Journal of Advertising, 31 (3), 29—42.<person-group>
                  <string-name>
                     <surname>McMillan</surname>
                  </string-name>
               </person-group>
               <issue>3</issue>
               <fpage>29</fpage>
               <volume>31</volume>
               <source>Journal of Advertising</source>
               <year>2002</year>
            </mixed-citation>
         </ref>
         <ref id="d24428e2427a1310">
            <mixed-citation id="d24428e2431" publication-type="book">
Mendelsohn, Harold (1964), "Listening to Radio," in People, So-
ciety, and Mass Communication, Lewis A. Dexter and David
M. White, eds., New York: Free Press, 239-249.<person-group>
                  <string-name>
                     <surname>Mendelsohn</surname>
                  </string-name>
               </person-group>
               <comment content-type="section">Listening to Radio</comment>
               <fpage>239</fpage>
               <source>People, Society, and Mass Communication</source>
               <year>1964</year>
            </mixed-citation>
         </ref>
         <ref id="d24428e2466a1310">
            <mixed-citation id="d24428e2470" publication-type="book">
Mitchell, Andrew A. (1986), "Theoretical and Methodological Is-
sues in Developing an Individual Level Model of Advertis-
ing Effects," in Advertising and Consumer Psychology, Jerry C.
Olson and Keith Sentis, eds., New York: Praeger, 13-42.<person-group>
                  <string-name>
                     <surname>Mitchell</surname>
                  </string-name>
               </person-group>
               <comment content-type="section">Theoretical and Methodological Issues in Developing an Individual Level Model of Advertising Effects</comment>
               <fpage>13</fpage>
               <source>Advertising and Consumer Psychology</source>
               <year>1986</year>
            </mixed-citation>
         </ref>
         <ref id="d24428e2509a1310">
            <mixed-citation id="d24428e2513" publication-type="journal">
Morris, Merrill, and Christine Ogan (1996), "The Internet as
Mass Medium," Journal of Computer Mediated Communica-
tion, 1 (4), available at www.cwis.usc.edu/dep/annenberg/
v011/issue4/v01 ln04.html (accessed May 21, 2003).<person-group>
                  <string-name>
                     <surname>Morris</surname>
                  </string-name>
               </person-group>
               <issue>4</issue>
               <volume>1</volume>
               <source>Journal of Computer Mediated Communication</source>
               <year>1996</year>
            </mixed-citation>
         </ref>
         <ref id="d24428e2551a1310">
            <mixed-citation id="d24428e2555" publication-type="journal">
Muehling, Darrel D. (1987), "An Investigation of Factors Un-
derlying Attitude-Toward-Advertising-in-General," Jour-
nal of Advertising, 16 (1), 32-40.<person-group>
                  <string-name>
                     <surname>Muehling</surname>
                  </string-name>
               </person-group>
               <issue>1</issue>
               <fpage>32</fpage>
               <volume>16</volume>
               <source>Journal of Advertising</source>
               <year>1987</year>
            </mixed-citation>
         </ref>
         <ref id="d24428e2593a1310">
            <mixed-citation id="d24428e2597" publication-type="journal">
Newhagen, John E., John W. Cordes, and Mark R. Levy (1996),
"Nightly@NBC.Com: Audience Scope and the Perception
of Interactivity in Viewer Mail on the Internet," Journal of
Communication, 45 (3), 164-175.<person-group>
                  <string-name>
                     <surname>Newhagen</surname>
                  </string-name>
               </person-group>
               <issue>3</issue>
               <fpage>164</fpage>
               <volume>45</volume>
               <source>Journal of Communication</source>
               <year>1996</year>
            </mixed-citation>
         </ref>
         <ref id="d24428e2638a1310">
            <mixed-citation id="d24428e2642" publication-type="journal">
Novak, Thomas L., Donna L. Hoffman, and Yiu-Fai Yung (2000),
"Measuring the Customer Experience in Online Environ-
ments: A Structural Modeling Approach," Marketing Sci-
ence, 19 (1), 22-44.<object-id pub-id-type="jstor">10.2307/193257</object-id>
               <fpage>22</fpage>
            </mixed-citation>
         </ref>
         <ref id="d24428e2665a1310">
            <mixed-citation id="d24428e2669" publication-type="other">
NUA Internet Surveys (2003), "How Many Online," available
at www.nua.com/surveys/how_many_online/index.html
(accessed March 3, 2003).</mixed-citation>
         </ref>
         <ref id="d24428e2682a1310">
            <mixed-citation id="d24428e2686" publication-type="journal">
Papacharissi, Zizi, and Alan M. Rubin (2000), "Predictors of
Internet Use," Journal of Broadcasting and Electronic Media,
44 (2), 175-196.<person-group>
                  <string-name>
                     <surname>Papacharissi</surname>
                  </string-name>
               </person-group>
               <issue>2</issue>
               <fpage>175</fpage>
               <volume>44</volume>
               <source>Journal of Broadcasting and Electronic Media</source>
               <year>2000</year>
            </mixed-citation>
         </ref>
         <ref id="d24428e2725a1310">
            <mixed-citation id="d24428e2729" publication-type="other">
Pastore, Michael (2000), "Demographics of the Net Getting
Older," The Big Picture Demographics, available at cyberatlas
.internet.com/big_picture/demographics/article/
0,1323,5901_448131,00.html (accessed March 7, 2002).</mixed-citation>
         </ref>
         <ref id="d24428e2745a1310">
            <mixed-citation id="d24428e2749" publication-type="book">
Pavlik, John V. (1996), New Media Technology: Cultural and Com-
mercial Perspectives, Boston: Ally ? and Bacon.<person-group>
                  <string-name>
                     <surname>Pavlik</surname>
                  </string-name>
               </person-group>
               <source>New Media Technology: Cultural and Commercial Perspectives</source>
               <year>1996</year>
            </mixed-citation>
         </ref>
         <ref id="d24428e2774a1310">
            <mixed-citation id="d24428e2778" publication-type="journal">
Pavlou, Paul A.,.and David W. Stewart (2000), "Measuring the
Effects and Effectiveness of Interactive Advertising: A Re-
search Agenda, " Journal of Interactive Advertising, 1 (1), avail-
able at jiad.org/v011/n01/pavlou/index.html (accessed
September 27, 2001).<person-group>
                  <string-name>
                     <surname>Pavlou</surname>
                  </string-name>
               </person-group>
               <issue>1</issue>
               <volume>1</volume>
               <source>Journal of Interactive Advertising</source>
               <year>2000</year>
            </mixed-citation>
         </ref>
         <ref id="d24428e2819a1310">
            <mixed-citation id="d24428e2825" publication-type="journal">
Rafaeli, Scheizaf, and Fay Sudweeks (1997), "Networked
Interactivity," Journal of Computer Mediated Communication,
2 (4), available at www.usc.edu/dept/annenberg/v012/issue4
/rafaeli. sud weeks, html (accessed May 21, 2001).<person-group>
                  <string-name>
                     <surname>Rafaeli</surname>
                  </string-name>
               </person-group>
               <issue>4</issue>
               <volume>2</volume>
               <source>Journal of Computer Mediated Communication</source>
               <year>1997</year>
            </mixed-citation>
         </ref>
         <ref id="d24428e2863a1310">
            <mixed-citation id="d24428e2867" publication-type="book">
Rayburn, J. D., II (1996), "Uses and Gratifications," in An Inte-
grated Approach to Communication Theory and Research, Michael
B. Sal wen and Don W. Stacks, eds., Mahwah, NJ: Lawrence
Erlbaum Associates, 145-163.<person-group>
                  <string-name>
                     <surname>Rayburn</surname>
                  </string-name>
               </person-group>
               <comment content-type="section">Uses and Gratifications</comment>
               <fpage>145</fpage>
               <source>An Integrated Approach to Communication Theory and Research</source>
               <year>1996</year>
            </mixed-citation>
         </ref>
         <ref id="d24428e2905a1310">
            <mixed-citation id="d24428e2909" publication-type="journal">
Rethans, Amo J., John L. Swasy, and Lawrence J. Marks (1986),
"Effects of Television Commercial Repetition, Receiver Knowl-
edge, and Commercial Length: A Test of the Two-Factor
Model," Journal of Marketing Research, 23 (February), 50-61.<object-id pub-id-type="doi">10.2307/3151776</object-id>
               <fpage>50</fpage>
            </mixed-citation>
         </ref>
         <ref id="d24428e2933a1310">
            <mixed-citation id="d24428e2937" publication-type="book">
Roehm, Harper ?., and Curtis P. Haugtvedt (1999), "Understand-
ing Interactivity of Cyberspace Advertising," in Advertising
and the World Wide Web, D. W. Schumann and E. Thorson,
eds., Mahwah, NJ: Lawrence Erlbaum Associates, 27—39.<person-group>
                  <string-name>
                     <surname>Roehm</surname>
                  </string-name>
               </person-group>
               <comment content-type="section">Understanding Interactivity of Cyberspace Advertising</comment>
               <fpage>27</fpage>
               <source>Advertising and the World Wide Web</source>
               <year>1999</year>
            </mixed-citation>
         </ref>
         <ref id="d24428e2975a1310">
            <mixed-citation id="d24428e2979" publication-type="book">
Rogers, Everett M. (1995), Diffusion of Innovations, 4th ed., New
York: Free Press.<person-group>
                  <string-name>
                     <surname>Rogers</surname>
                  </string-name>
               </person-group>
               <edition>4</edition>
               <source>Diffusion of Innovations</source>
               <year>1995</year>
            </mixed-citation>
         </ref>
         <ref id="d24428e3008a1310">
            <mixed-citation id="d24428e3012" publication-type="book">
Rubin, Alan M. (1994), "Media Uses and Effects: A Uses and
Gratifications Perspective," in Media Effects: Advances in
Theory and Research, Jennings Bryant and Dolf Zillmann,
eds., Hillsdale, NJ: Lawrence Erlbaum Associates, 417—436.<person-group>
                  <string-name>
                     <surname>Rubin</surname>
                  </string-name>
               </person-group>
               <comment content-type="section">Media Uses and Effects: A Uses and Gratifications Perspective</comment>
               <fpage>417</fpage>
               <source>Media Effects: Advances in Theory and Research</source>
               <year>1994</year>
            </mixed-citation>
         </ref>
         <ref id="d24428e3050a1310">
            <mixed-citation id="d24428e3054" publication-type="journal">
Ruggiero, Thomas E. (2000), "Uses and Gratifications Theory in
the 21st Century," Mass Communication and Society, 3 (1), 3—37.<person-group>
                  <string-name>
                     <surname>Ruggiero</surname>
                  </string-name>
               </person-group>
               <issue>1</issue>
               <fpage>3</fpage>
               <volume>3</volume>
               <source>Mass Communication and Society</source>
               <year>2000</year>
            </mixed-citation>
         </ref>
         <ref id="d24428e3089a1310">
            <mixed-citation id="d24428e3093" publication-type="book">
Severin, Werner J., and James W. Tankard (1997), Communica-
tion Theories: Origins, Methods, and Uses in the Mass Media,
4th ed., White Plains, NY: Longman.<person-group>
                  <string-name>
                     <surname>Severin</surname>
                  </string-name>
               </person-group>
               <edition>4</edition>
               <source>Communication Theories: Origins, Methods, and Uses in the Mass Media</source>
               <year>1997</year>
            </mixed-citation>
         </ref>
         <ref id="d24428e3125a1310">
            <mixed-citation id="d24428e3129" publication-type="journal">
Steuer, Jonathan (1992), "Defining Virtual Reality: Dimensions
Determining Telepresence," Journal of Communication, 42
(4), 73-93.<person-group>
                  <string-name>
                     <surname>Steuer</surname>
                  </string-name>
               </person-group>
               <issue>4</issue>
               <fpage>73</fpage>
               <volume>42</volume>
               <source>Journal of Communication</source>
               <year>1992</year>
            </mixed-citation>
         </ref>
         <ref id="d24428e3168a1310">
            <mixed-citation id="d24428e3172" publication-type="book">
Stewart, David W., and Scott Ward (1994), "Media Effects on
Advertising," in Media Effects: Advances in Theory and Re-
search, Jennings Bryant and Dolf Zillmann, eds., Hillsdale,
NJ: Lawrence Erlbaum Associates, 315-363.<person-group>
                  <string-name>
                     <surname>Stewart</surname>
                  </string-name>
               </person-group>
               <comment content-type="section">Media Effects on Advertising</comment>
               <fpage>315</fpage>
               <source>Media Effects: Advances in Theory and Research</source>
               <year>1994</year>
            </mixed-citation>
         </ref>
         <ref id="d24428e3210a1310">
            <mixed-citation id="d24428e3214" publication-type="book">
Straubhaar, Joseph, and Robert LaRose (1996), Communicators: Me-
dia in the Information Society, Belmont, CA: Wadsworth Press.<person-group>
                  <string-name>
                     <surname>Straubhaar</surname>
                  </string-name>
               </person-group>
               <source>Communicators: Media in the Information Society</source>
               <year>1996</year>
            </mixed-citation>
         </ref>
         <ref id="d24428e3239a1310">
            <mixed-citation id="d24428e3243" publication-type="journal">
Swanson, David L. (1979), "Political Communication Research
and the Uses and Gratifications Model: A Critique," Com-
munication Research, 6 (1), 37—53.<person-group>
                  <string-name>
                     <surname>Swanson</surname>
                  </string-name>
               </person-group>
               <issue>1</issue>
               <fpage>37</fpage>
               <volume>6</volume>
               <source>Communication Research</source>
               <year>1979</year>
            </mixed-citation>
         </ref>
         <ref id="d24428e3281a1310">
            <mixed-citation id="d24428e3285" publication-type="journal">
—(1987), "Gratification Seeking, Media Exposure, and
Audience Interpretations: Some Directions for Research,"
Journal of Broadcasting and Electronic Media, 31 (3), 237—254.<person-group>
                  <string-name>
                     <surname>Swanson</surname>
                  </string-name>
               </person-group>
               <issue>3</issue>
               <fpage>237</fpage>
               <volume>31</volume>
               <source>Journal of Broadcasting and Electronic Media</source>
               <year>1987</year>
            </mixed-citation>
         </ref>
         <ref id="d24428e3323a1310">
            <mixed-citation id="d24428e3327" publication-type="journal">
Tan, Soo J. (1999), "Strategies for Reducing Consumers' Risk
Aversion in Internet Shopping," Journal of Consumer Mar-
keting, 16 (2), 163-180.<person-group>
                  <string-name>
                     <surname>Tan</surname>
                  </string-name>
               </person-group>
               <issue>2</issue>
               <fpage>163</fpage>
               <volume>16</volume>
               <source>Journal of Consumer Marketing</source>
               <year>1999</year>
            </mixed-citation>
         </ref>
         <ref id="d24428e3365a1310">
            <mixed-citation id="d24428e3369" publication-type="book">
Wells, William, John Burnett, and Sandra Moriarty (1992),
Advertising Principles and Practice, Englewood Cliffs, NJ:
Prentice Hall.<person-group>
                  <string-name>
                     <surname>Wells</surname>
                  </string-name>
               </person-group>
               <source>Advertising Principles and Practice</source>
               <year>1992</year>
            </mixed-citation>
         </ref>
         <ref id="d24428e3399a1310">
            <mixed-citation id="d24428e3403" publication-type="journal">
Westin, Stu, Norbert Mundorf, and Nikhilesh Dholakia (1993),
"Exploring the Use of Computer-Mediated Communica-
tion: A Simulation Approach," Telematics and Informatics,
10 (2), 89-102.<person-group>
                  <string-name>
                     <surname>Westin</surname>
                  </string-name>
               </person-group>
               <issue>2</issue>
               <fpage>89</fpage>
               <volume>10</volume>
               <source>Telematics and Informatics</source>
               <year>1993</year>
            </mixed-citation>
         </ref>
         <ref id="d24428e3444a1310">
            <mixed-citation id="d24428e3448" publication-type="book">
Williams, Frederick, Ronald E. Rice, and Everett M. Rogers (1988),
Research Methods and the New Media, New York: Free Press.<person-group>
                  <string-name>
                     <surname>Williams</surname>
                  </string-name>
               </person-group>
               <source>Research Methods and the New Media</source>
               <year>1988</year>
            </mixed-citation>
         </ref>
         <ref id="d24428e3473a1310">
            <mixed-citation id="d24428e3477" publication-type="book">
Wu, Guohua (1999), "Perceived Interactivity and Attitude To-
ward Website," in Proceedings of the American Academy of
Advertising, Marilyn S. Roberts, ed., Gainesville: Univer-
sity of Florida, 254-262.<person-group>
                  <string-name>
                     <surname>Wu</surname>
                  </string-name>
               </person-group>
               <comment content-type="section">Perceived Interactivity and Attitude Toward Website</comment>
               <fpage>254</fpage>
               <source>Proceedings of the American Academy of Advertising</source>
               <year>1999</year>
            </mixed-citation>
         </ref>
      </ref-list>
   </back>
</article>
