<article xmlns:xsi="http://www.w3.org/2001/XMLSchema-instance"
         xmlns:xlink="http://www.w3.org/1999/xlink"
         xmlns:mml="http://www.w3.org/1998/Math/MathML"
         dtd-version="1.0"
         article-type="research-article">
   <front>
      <journal-meta>
         <journal-id journal-id-type="jstor">jadve</journal-id>
         <journal-id journal-id-type="jstor">jadve</journal-id>
         <journal-id journal-id-type="jstor">j101355</journal-id>
         <journal-title-group>
            <journal-title>Journal of Advertising</journal-title>
         </journal-title-group>
         <publisher>
            <publisher-name>Board of Directors, American Academy of Advertising</publisher-name>
         </publisher>
         <issn pub-type="ppub">00913367</issn>
         <issn pub-type="epub">15577805</issn>
      </journal-meta>
      <article-meta>
         <article-id pub-id-type="jstor">4189057</article-id>
         <title-group>
            <article-title>The Persistence of Classically Conditioned Brand Attitudes</article-title>
         </title-group>
         <contrib-group>
            <contrib contrib-type="author">
               <string-name>Randi Priluck Grossman</string-name>
            </contrib>
            <contrib contrib-type="author">
               <string-name>
                  <given-names>Brian D.</given-names>
                  <surname>Till</surname>
               </string-name>
            </contrib>
         </contrib-group>
         <pub-date>
            <day>1</day>
            <month>4</month>
            <year>1998</year>
         </pub-date>
         <volume>27</volume>
         <issue>1</issue>
         <issue-id>i394099</issue-id>
         <fpage>23</fpage>
         <lpage>31</lpage>
         <page-range>23-31</page-range>
         <permissions>
            <copyright-statement>Copyright 1998 American Academy of Advertising</copyright-statement>
         </permissions>
         <self-uri xlink:href="http://www.jstor.org/stable/4189057"/>
         <abstract>
            <p>The researchers investigated the long-term effects of classically conditioned attitudes toward a brand. In two experiments, subjects were exposed to classical conditioning procedures in which favorable images were paired with a fictitious brand of mouthwash. Study 1, a within-subjects design, examined attitudes of a single subject pool immediately after exposure, after a one-week delay, and after a three-week delay. In study 2, the same methods and procedures were used to condition favorable responses to the test brand, but a between-subjects design was used to control for possible measurement effects. Measurements were taken immediately after exposure to conditioning trials for one group of subjects and three weeks after exposure to the trials for a second group. Results from both studies support the hypothesis that attitudes formulated through classical conditioning are enduring.</p>
         </abstract>
         <custom-meta-group>
            <custom-meta>
               <meta-name>lang</meta-name>
               <meta-value>eng</meta-value>
            </custom-meta>
         </custom-meta-group>
      </article-meta>
   </front>
   <back>
      <ref-list>
         <title>References</title>
         <ref id="d31083e130a1310">
            <mixed-citation id="d31083e134" publication-type="journal">
Allen, Chris T. and Chris A, Janiszewski (1989), "Assessing the
Role of Contingency Awareness in Attitudinal Conditioning
with Implications for Advertising Research," Journal of Mar-
keting Research, 26 (February), 30-43.<object-id pub-id-type="doi">10.2307/3172667</object-id>
               <fpage>30</fpage>
            </mixed-citation>
         </ref>
         <ref id="d31083e157a1310">
            <mixed-citation id="d31083e161" publication-type="journal">
- and Thomas J. Madden (1985), "A Closer Look at
Classical Conditioning," Journal of Consumer Research, 12
(December), 301-315.<object-id pub-id-type="jstor">10.2307/254375</object-id>
               <fpage>301</fpage>
            </mixed-citation>
         </ref>
         <ref id="d31083e180a1310">
            <mixed-citation id="d31083e184" publication-type="book">
Baeyens, Frank, Geert Crombez, Omer Van den Bergh and Paul
Eelen (1988), "Once in Contact Always in Contact: Evalua-
tive Conditioning is Resistant to Extinction," in Advances in
Behavioral Research Therapy, Vol. 10, Great Britain: Max-
well Pergamon Macmillan pic, 179-199.<person-group>
                  <string-name>
                     <surname>Baeyens</surname>
                  </string-name>
               </person-group>
               <comment content-type="section">Once in Contact Always in Contact: Evaluative Conditioning is Resistant to Extinction</comment>
               <fpage>179</fpage>
               <volume>10</volume>
               <source>Advances in Behavioral Research Therapy</source>
               <year>1988</year>
            </mixed-citation>
         </ref>
         <ref id="d31083e228a1310">
            <mixed-citation id="d31083e232" publication-type="journal">
Bagozzi, Richard P. and Robert E. Burnkrant (1979), "Attitude
Organization and the Attitude-Behavior Relationship," Jour-
nal of Personality and Social Psychology, 37 (6), 913-929.<person-group>
                  <string-name>
                     <surname>Bagozzi</surname>
                  </string-name>
               </person-group>
               <issue>6</issue>
               <fpage>913</fpage>
               <volume>37</volume>
               <source>Journal of Personality and Social Psychology</source>
               <year>1979</year>
            </mixed-citation>
         </ref>
         <ref id="d31083e271a1310">
            <mixed-citation id="d31083e275" publication-type="journal">
— and-(1985), "Attitude Organization and
the Attitude-Behavior Relation: A Reply to Dillon and Kumar,
"Journal of Personality and Social Psychology, 49 (1), 47-57.<person-group>
                  <string-name>
                     <surname>Bagozzi</surname>
                  </string-name>
               </person-group>
               <issue>1</issue>
               <fpage>47</fpage>
               <volume>49</volume>
               <source>Journal of Personality and Social Psychology</source>
               <year>1985</year>
            </mixed-citation>
         </ref>
         <ref id="d31083e313a1310">
            <mixed-citation id="d31083e317" publication-type="journal">
Biehal, Gabriel, Debra Stephens, and Eleonora Curio (1992), "At-
titude Toward the Ad and Brand Choice," Journal of Adver-
tising, 21 (3), 19-36.<person-group>
                  <string-name>
                     <surname>Biehal</surname>
                  </string-name>
               </person-group>
               <issue>3</issue>
               <fpage>19</fpage>
               <volume>21</volume>
               <source>Journal of Advertising</source>
               <year>1992</year>
            </mixed-citation>
         </ref>
         <ref id="d31083e355a1310">
            <mixed-citation id="d31083e359" publication-type="journal">
Bouton, Mark E. (1993), "Context, Time and Memory Retrieval in
the Interference Paradigms of Pavlovian Learning," Psycho-
logical Bulletin, 114 (1), 80-99.<person-group>
                  <string-name>
                     <surname>Bouton</surname>
                  </string-name>
               </person-group>
               <issue>1</issue>
               <fpage>80</fpage>
               <volume>114</volume>
               <source>Psychological Bulletin</source>
               <year>1993</year>
            </mixed-citation>
         </ref>
         <ref id="d31083e397a1310">
            <mixed-citation id="d31083e401" publication-type="book">
Cacioppo, John T. and Richard E. Petty (1985), "Central and Pe-
ripheral Routes to Persuasion: The Role of Message Repeti-
tion," in Psychological Processes and Advertising Effects, Linda
F. Alwitt and Andrew A. Mitchell, eds., Hillsdale, NJ:
Lawrence Erlbaum Associates.<person-group>
                  <string-name>
                     <surname>Cacioppo</surname>
                  </string-name>
               </person-group>
               <comment content-type="section">Central and Peripheral Routes to Persuasion: The Role of Message Repetition</comment>
               <source>Psychological Processes and Advertising Effects</source>
               <year>1985</year>
            </mixed-citation>
         </ref>
         <ref id="d31083e439a1310">
            <mixed-citation id="d31083e443" publication-type="journal">
Cobb, Cathy J. and Wayne D. Hoyer (1985), "The Influence of
Advertising at the Moment of Brand Choice," Journal of Ad-
vertising, 14 (4), 5-12.<person-group>
                  <string-name>
                     <surname>Cobb</surname>
                  </string-name>
               </person-group>
               <issue>4</issue>
               <fpage>5</fpage>
               <volume>14</volume>
               <source>Journal of Advertising</source>
               <year>1985</year>
            </mixed-citation>
         </ref>
         <ref id="d31083e481a1310">
            <mixed-citation id="d31083e485" publication-type="book">
Cook, Thomas D. and Brian R. Flay (1978), "The Temporal Persis-
tence of Experimentally Induced Attitude Change: An Evalu-
ative Review," in L. Berkowitz, ed., Advances in Experimental
Social Psychology, Vol. 11, New York: Academic Press, 2-57.<person-group>
                  <string-name>
                     <surname>Cook</surname>
                  </string-name>
               </person-group>
               <comment content-type="section">The Temporal Persistence of Experimentally Induced Attitude Change: An Evaluative Review</comment>
               <fpage>2</fpage>
               <volume>11</volume>
               <source>Advances in Experimental Social Psychology</source>
               <year>1978</year>
            </mixed-citation>
         </ref>
         <ref id="d31083e527a1310">
            <mixed-citation id="d31083e531" publication-type="journal">
Coulter, Collier and Campbell (1976), "Long-Term Retention of
Early Pavlovian Fear Conditioning in Infant Rats," Journal
of Experimental Psychology: Animal Behavior Processes, 2
(1), 48-56.<person-group>
                  <string-name>
                     <surname>Coulter</surname>
                  </string-name>
               </person-group>
               <issue>1</issue>
               <fpage>48</fpage>
               <volume>2</volume>
               <source>Journal of Experimental Psychology: Animal Behavior Processes</source>
               <year>1976</year>
            </mixed-citation>
         </ref>
         <ref id="d31083e572a1310">
            <mixed-citation id="d31083e576" publication-type="journal">
Dillon, William R. and Ajith Kumar (1985), "Attitude Organization
and the Attitude-Behavior Relation: A Critique of Bagozzi
and Burnkrant's Reanalysis of Fishbein and Ajzen," Journal
of Personality and Social Psychology, 49 (1), 33-46.<person-group>
                  <string-name>
                     <surname>Dillon</surname>
                  </string-name>
               </person-group>
               <issue>1</issue>
               <fpage>33</fpage>
               <volume>49</volume>
               <source>Journal of Personality and Social Psychology</source>
               <year>1985</year>
            </mixed-citation>
         </ref>
         <ref id="d31083e617a1310">
            <mixed-citation id="d31083e621" publication-type="journal">
Gorn, Gerald J. (1982), "The Effects of Music in Advertising on
Choice Behavior: A Classical Conditioning Approach," Jour-
nal of Marketing, 46 (Winter), 94-101.<object-id pub-id-type="doi">10.2307/1251163</object-id>
               <fpage>94</fpage>
            </mixed-citation>
         </ref>
         <ref id="d31083e640a1310">
            <mixed-citation id="d31083e644" publication-type="journal">
Gresham, Larry G. and Terence A. Shimp, (1985), "Attitude To-
ward the Advertisement and Brand Attitudes: A Classical
Conditioning Perspective," Journal of Advertising, 14(1), 10-
17.<person-group>
                  <string-name>
                     <surname>Gresham</surname>
                  </string-name>
               </person-group>
               <issue>1</issue>
               <fpage>10</fpage>
               <volume>14</volume>
               <source>Journal of Advertising</source>
               <year>1985</year>
            </mixed-citation>
         </ref>
         <ref id="d31083e685a1310">
            <mixed-citation id="d31083e689" publication-type="book">
Haugtvedt, Curtis P. (1989), "Persistence and Resistance of Com-
munication-Induced Attitude Changes," in Proceedings of the
Society of Consumer Psychology, David Schumann, ed., Knox-
ville: University of Tennessee, 111-113.<person-group>
                  <string-name>
                     <surname>Haugtvedt</surname>
                  </string-name>
               </person-group>
               <comment content-type="section">Persistence and Resistance of Communication-Induced Attitude Changes</comment>
               <fpage>111</fpage>
               <source>Proceedings of the Society of Consumer Psychology</source>
               <year>1989</year>
            </mixed-citation>
         </ref>
         <ref id="d31083e727a1310">
            <mixed-citation id="d31083e731" publication-type="journal">
— and Richard E. Petty (1992), "Personality and Per-
suasion: Need for Cognition Moderates the Persistence and
Resistance of Attitude Changes," Journal of Personality and
Social Psychology, 63 (2), 308-319.<person-group>
                  <string-name>
                     <surname>Haugtvedt</surname>
                  </string-name>
               </person-group>
               <issue>2</issue>
               <fpage>308</fpage>
               <volume>63</volume>
               <source>Journal of Personality and Social Psychology</source>
               <year>1992</year>
            </mixed-citation>
         </ref>
         <ref id="d31083e773a1310">
            <mixed-citation id="d31083e777" publication-type="journal">
David W. Schumann, Wendy L. Schneier, and
Wendy L. Warren (1994), "Advertising Repetition and Varia-
tion Strategies: Implications for Understanding Attitude
Strength," Journal of Consumer Research, 21 (June), 176-189.<person-group>
                  <string-name>
                     <surname>David</surname>
                  </string-name>
               </person-group>
               <issue>June</issue>
               <fpage>176</fpage>
               <volume>21</volume>
               <source>Journal of Consumer Research</source>
               <year>1994</year>
            </mixed-citation>
         </ref>
         <ref id="d31083e818a1310">
            <mixed-citation id="d31083e822" publication-type="journal">
Henton, Wendon W., Ben R. Fisher, and W.D. Spohn (1981), "Ac-
quisition and Retention of Response Patterns in Compound
Classical Conditioning," Psychological Record, 31, 165-181.<person-group>
                  <string-name>
                     <surname>Henton</surname>
                  </string-name>
               </person-group>
               <fpage>165</fpage>
               <volume>31</volume>
               <source>Psychological Record</source>
               <year>1981</year>
            </mixed-citation>
         </ref>
         <ref id="d31083e857a1310">
            <mixed-citation id="d31083e861" publication-type="book">
Howell, David C. (1992), Statistical Methods for Psychology, Third
Edition, Boston, MA: PWS-Kent Publishing Company.<person-group>
                  <string-name>
                     <surname>Howell</surname>
                  </string-name>
               </person-group>
               <edition>3</edition>
               <source>Statistical Methods for Psychology</source>
               <year>1992</year>
            </mixed-citation>
         </ref>
         <ref id="d31083e890a1310">
            <mixed-citation id="d31083e894" publication-type="journal">
Janiszewski, Chris and LukWarlop(1993), "The Influence of Clas-
sical Conditioning Procedures on Subsequent Attention to the
Conditioned Brand," Journal of Consumer Research, 20 (Sep-
tember), 171-188.<object-id pub-id-type="jstor">10.2307/2489268</object-id>
               <fpage>171</fpage>
            </mixed-citation>
         </ref>
         <ref id="d31083e917a1310">
            <mixed-citation id="d31083e921" publication-type="journal">
Kim, John, Chris T. Allen, and Frank Kardes (1996), "An Investi-
gation of the Mediational Mechanisms Underlying Attitudi-
nal Conditioning," Journal of Marketing Research, 33 (Au-
gust), 318-328.<object-id pub-id-type="doi">10.2307/3152128</object-id>
               <fpage>318</fpage>
            </mixed-citation>
         </ref>
         <ref id="d31083e944a1310">
            <mixed-citation id="d31083e948" publication-type="journal">
Laczniak, Russell N. and Darrel D. Muehling (1990), "Delayed
Effects of Advertising Moderated by Involvement," Journal of
Business Research, 20 (May), 263-277.<person-group>
                  <string-name>
                     <surname>Laczniak</surname>
                  </string-name>
               </person-group>
               <issue>May</issue>
               <fpage>263</fpage>
               <volume>20</volume>
               <source>Journal of Business Research</source>
               <year>1990</year>
            </mixed-citation>
         </ref>
         <ref id="d31083e987a1310">
            <mixed-citation id="d31083e991" publication-type="journal">
Little, Arlene H., Lewis P. Lipsitt, and Carolyn Rovee-Collier( 1984),
"Classical Conditioning and Retention of the Infant's Eyelid
Response: Effects of Age and Interstimulus Interval," Jour-
nal of Experimental Child Psychology, 37, 512-524.<person-group>
                  <string-name>
                     <surname>Little</surname>
                  </string-name>
               </person-group>
               <fpage>512</fpage>
               <volume>37</volume>
               <source>Journal of Experimental Child Psychology</source>
               <year>1984</year>
            </mixed-citation>
         </ref>
         <ref id="d31083e1029a1310">
            <mixed-citation id="d31083e1033" publication-type="journal">
Machleit, Karen A. and R. Dale Wilson (1988), "Emotional Feel-
ings and Attitude Toward the Advertisement: The Roles of
Brand Familiarity and Repetition," Journal of Advertising, 17
(3), 27-35.<person-group>
                  <string-name>
                     <surname>Machleit</surname>
                  </string-name>
               </person-group>
               <issue>3</issue>
               <fpage>27</fpage>
               <volume>17</volume>
               <source>Journal of Advertising</source>
               <year>1988</year>
            </mixed-citation>
         </ref>
         <ref id="d31083e1074a1310">
            <mixed-citation id="d31083e1078" publication-type="book">
Martindale, Colin (1991), Cognitive Psychology: A Neural Network
Approach, Pacific Grove, CA: Brooks/Cole.<person-group>
                  <string-name>
                     <surname>Martindale</surname>
                  </string-name>
               </person-group>
               <source>Cognitive Psychology: A Neural Network Approach</source>
               <year>1991</year>
            </mixed-citation>
         </ref>
         <ref id="d31083e1103a1310">
            <mixed-citation id="d31083e1107" publication-type="book">
Mazur, James E. (1990), Learning and Behavior, Englewood Cliffs,
NJ: Prentice Hall.<person-group>
                  <string-name>
                     <surname>Mazur</surname>
                  </string-name>
               </person-group>
               <source>Learning and Behavior</source>
               <year>1990</year>
            </mixed-citation>
         </ref>
         <ref id="d31083e1132a1310">
            <mixed-citation id="d31083e1136" publication-type="journal">
Miniard, Paul W., Sunil Bhatla, Kenneth R. Lord, Peter R. Dickson,
and H. Rao Urinava (1991), "Picture-Based Persuasion Pro-
cesses and the Moderating Role of Involvement," Journal of
Consumer Research, 18 (June), 92-107.<object-id pub-id-type="jstor">10.2307/2489488</object-id>
               <fpage>92</fpage>
            </mixed-citation>
         </ref>
         <ref id="d31083e1159a1310">
            <mixed-citation id="d31083e1163" publication-type="book">
Mitchell, Andrew A. (1983), "The Effects of Visual and Emotional
Advertising: An Information Processing Approach," in Adver-
tising and Consumer Psychology, Larry Percy and Arch G.
Woodside, eds., Lexington MA: D.C. Heath, 197-217.<person-group>
                  <string-name>
                     <surname>Mitchell</surname>
                  </string-name>
               </person-group>
               <comment content-type="section">The Effects of Visual and Emotional Advertising: An Information Processing Approach</comment>
               <fpage>197</fpage>
               <source>Advertising and Consumer Psychology</source>
               <year>1983</year>
            </mixed-citation>
         </ref>
         <ref id="d31083e1202a1310">
            <mixed-citation id="d31083e1206" publication-type="book">
— ( 1993), "Attitude Toward the Advertisement Effects
Over Time and in Attitude Change Situations," in Advertising
Exposure, Memory and Choice, Andrew A. Mitchell, ed.,
Hillsdale, NJ: Lawrence Erlbaum Associates, 209-238.<person-group>
                  <string-name>
                     <surname>Mitchell</surname>
                  </string-name>
               </person-group>
               <comment content-type="section">Attitude Toward the Advertisement Effects Over Time and in Attitude Change Situations</comment>
               <fpage>209</fpage>
               <source>Advertising Exposure</source>
               <year>1993</year>
            </mixed-citation>
         </ref>
         <ref id="d31083e1244a1310">
            <mixed-citation id="d31083e1248" publication-type="book">
Moore, D.L. and J.W. Hutchinson (1983), "The Effects of Ad Affect
on Advertising Effectiveness," in Advances in Consumer Re-
search, 10, Richard P. Bagozzi and Alice M. Tybout, eds., Ann
Arbor, MI: Association for Consumer Research.<person-group>
                  <string-name>
                     <surname>Moore</surname>
                  </string-name>
               </person-group>
               <comment content-type="section">The Effects of Ad Affect on Advertising Effectiveness</comment>
               <volume>10</volume>
               <source>Advances in Consumer Research</source>
               <year>1983</year>
            </mixed-citation>
         </ref>
         <ref id="d31083e1286a1310">
            <mixed-citation id="d31083e1290" publication-type="book">
— and-(1985), "The Influence of Affective
Reactions to Advertising: Direct and Indirect Mechanisms of
Attitude Change," in Psychological Processes and Advertising
Effects: Theory, Research and Application, Linda F. Alwitt
and Andrew A. Mitchell, eds., Hillsdale, NJ: Lawrence
Erlbaum Associates, 65-87.<person-group>
                  <string-name>
                     <surname>Moore</surname>
                  </string-name>
               </person-group>
               <comment content-type="section">The Influence of Affective Reactions to Advertising: Direct and Indirect Mechanisms of Attitude Change</comment>
               <fpage>65</fpage>
               <source>Psychological Processes and Advertising Effects: Theory</source>
               <year>1985</year>
            </mixed-citation>
         </ref>
         <ref id="d31083e1334a1310">
            <mixed-citation id="d31083e1338" publication-type="journal">
Muehling, Darrel D. and Russell N. Laczniak (1988), "Advertising's
Immediate and Delayed Influence on Brand Attitudes: Con-
siderations Across Message-Involvement Levels," Journal of
Advertising Research, 17 (4), 23-34.<person-group>
                  <string-name>
                     <surname>Muehling</surname>
                  </string-name>
               </person-group>
               <issue>4</issue>
               <fpage>23</fpage>
               <volume>17</volume>
               <source>Journal of Advertising Research</source>
               <year>1988</year>
            </mixed-citation>
         </ref>
         <ref id="d31083e1379a1310">
            <mixed-citation id="d31083e1383" publication-type="book">
Pavlov, Ivan P. (1928), Lectures on the Conditioned Reflex, trans-
lated by W. Horsely Gantt, New York: International Publish<person-group>
                  <string-name>
                     <surname>Pavlov</surname>
                  </string-name>
               </person-group>
               <source>Lectures on the Conditioned Reflex</source>
               <year>1928</year>
            </mixed-citation>
         </ref>
         <ref id="d31083e1408a1310">
            <mixed-citation id="d31083e1412" publication-type="book">
Petty, Richard E., Rao Unnava and Alan Strathman (1991), "Theo-
ries of Attitude Change," in Handbook of Consumer Behavior,
eds. Thomas S. Robertson and Harold H. Kassarjian, New
York: Prentice Hall, 241-280.<person-group>
                  <string-name>
                     <surname>Petty</surname>
                  </string-name>
               </person-group>
               <comment content-type="section">Theories of Attitude Change</comment>
               <fpage>241</fpage>
               <source>Handbook of Consumer Behavior</source>
               <year>1991</year>
            </mixed-citation>
         </ref>
         <ref id="d31083e1451a1310">
            <mixed-citation id="d31083e1455" publication-type="journal">
Pitt, Leyland F. and Russell Abratt (1988), "Music in Advertise-
ments for Unmentionable Products—A Classical Condition-
ing Experiment," International Journal of Advertising, 7,130-
137.<person-group>
                  <string-name>
                     <surname>Pitt</surname>
                  </string-name>
               </person-group>
               <fpage>130</fpage>
               <volume>7</volume>
               <source>International Journal of Advertising</source>
               <year>1988</year>
            </mixed-citation>
         </ref>
         <ref id="d31083e1493a1310">
            <mixed-citation id="d31083e1497" publication-type="journal">
Rescorla, Robert A. (1988), "Pavlovian Conditioning: It's Not What
You Think It Is," American Psychologist, 43 (March), 151-160.<person-group>
                  <string-name>
                     <surname>Rescorla</surname>
                  </string-name>
               </person-group>
               <issue>March</issue>
               <fpage>151</fpage>
               <volume>43</volume>
               <source>American Psychologist</source>
               <year>1988</year>
            </mixed-citation>
         </ref>
         <ref id="d31083e1532a1310">
            <mixed-citation id="d31083e1536" publication-type="book">
Shimp, Terence A. (1991), "Neo-Pavlovian Conditioning and Its
Implications for Consumer Theory and Research," in Hand-
book of Consumer Behavior, Thomas S. Robertson and Harold
H. Kassarjian, eds., New York: Prentice Hall.<person-group>
                  <string-name>
                     <surname>Shimp</surname>
                  </string-name>
               </person-group>
               <comment content-type="section">Neo-Pavlovian Conditioning and Its Implications for Consumer Theory and Research</comment>
               <source>Handbook of Consumer Behavior</source>
               <year>1991</year>
            </mixed-citation>
         </ref>
         <ref id="d31083e1571a1310">
            <mixed-citation id="d31083e1575" publication-type="journal">
- , Eva M. Hyatt, and David J. Snyder (1991), "A
Critical Appraisal of Demand Artifacts in Consumer Research,"
Journal of Consumer Research, 18 (December), 273-283.<object-id pub-id-type="jstor">10.2307/2489339</object-id>
               <fpage>273</fpage>
            </mixed-citation>
         </ref>
         <ref id="d31083e1594a1310">
            <mixed-citation id="d31083e1598" publication-type="journal">
, Elnora W. Stuart, and Randall W. Engle (1991), "A
Program of Classical Conditioning Experiments Testing Varia-
tions in the Conditioned Stimulus and Context," Journal of
Consumer Research, 18 (June), 1-12.<object-id pub-id-type="jstor">10.2307/2489480</object-id>
               <fpage>1</fpage>
            </mixed-citation>
         </ref>
         <ref id="d31083e1621a1310">
            <mixed-citation id="d31083e1625" publication-type="journal">
Stuart, Elnora W., Terence A. Shimp and Randall W. Engle (1987),
"Classical Conditioning of Consumer Attitudes: Four Experi-
ments in an Advertising Context," Journal of Consumer Re-
search, 14 (December), 334-351.<object-id pub-id-type="jstor">10.2307/2489495</object-id>
               <fpage>334</fpage>
            </mixed-citation>
         </ref>
         <ref id="d31083e1649a1310">
            <mixed-citation id="d31083e1653" publication-type="journal">
Testa, Thomas J. (1974), "Causal Relationships and the Acquisi-
tion of Avoidance Responses," Psychological Review, 81 (6),
491-505.<person-group>
                  <string-name>
                     <surname>Testa</surname>
                  </string-name>
               </person-group>
               <issue>6</issue>
               <fpage>491</fpage>
               <volume>81</volume>
               <source>Psychological Review</source>
               <year>1974</year>
            </mixed-citation>
         </ref>
         <ref id="d31083e1691a1310">
            <mixed-citation id="d31083e1695" publication-type="journal">
Watts, William A. and Lewis E. Holt (1979), "Persistence of Opin-
ion Change Induced Under Conditions of Forewarning and
Distraction," Journal of Personality and Social Psychology, 37
(5), 778-789.<person-group>
                  <string-name>
                     <surname>Watts</surname>
                  </string-name>
               </person-group>
               <issue>5</issue>
               <fpage>778</fpage>
               <volume>37</volume>
               <source>Journal of Personality and Social Psychology</source>
               <year>1979</year>
            </mixed-citation>
         </ref>
         <ref id="d31083e1736a1310">
            <mixed-citation id="d31083e1740" publication-type="journal">
Zellner, Debra ?., Paul Rozin, Michael Aron and Carol Kulish
(1983), "Conditioned Enhancement of Human's Liking for Fla-
vor by Pairing with Sweetness," Learning and Motivation, 14,
338-350.<person-group>
                  <string-name>
                     <surname>Zellner</surname>
                  </string-name>
               </person-group>
               <fpage>338</fpage>
               <volume>14</volume>
               <source>Learning and Motivation</source>
               <year>1983</year>
            </mixed-citation>
         </ref>
      </ref-list>
   </back>
</article>
