<article xmlns:xsi="http://www.w3.org/2001/XMLSchema-instance"
         xmlns:xlink="http://www.w3.org/1999/xlink"
         xmlns:mml="http://www.w3.org/1998/Math/MathML"
         dtd-version="1.0"
         article-type="research-article">
   <front>
      <journal-meta>
         <journal-id journal-id-type="jstor">jadve</journal-id>
         <journal-id journal-id-type="jstor">jadve</journal-id>
         <journal-id journal-id-type="jstor">j101355</journal-id>
         <journal-title-group>
            <journal-title>Journal of Advertising</journal-title>
         </journal-title-group>
         <publisher>
            <publisher-name>Board of Directors, American Academy of Advertising</publisher-name>
         </publisher>
         <issn pub-type="ppub">00913367</issn>
         <issn pub-type="epub">15577805</issn>
      </journal-meta>
      <article-meta>
         <article-id pub-id-type="jstor">4189109</article-id>
         <title-group>
            <article-title>Assessing the Quality Ranking of the "Journal of Advertising", 1986-1997</article-title>
         </title-group>
         <contrib-group>
            <contrib contrib-type="author">
               <string-name>
                  <given-names>George M.</given-names>
                  <surname>Zinkhan</surname>
               </string-name>
            </contrib>
            <contrib contrib-type="author">
               <string-name>
                  <given-names>Thomas W.</given-names>
                  <surname>Leigh</surname>
               </string-name>
            </contrib>
         </contrib-group>
         <pub-date>
            <day>1</day>
            <month>7</month>
            <year>1999</year>
         </pub-date>
         <volume>28</volume>
         <issue>2</issue>
         <issue-id>i394104</issue-id>
         <fpage>51</fpage>
         <lpage>70</lpage>
         <page-range>51-70</page-range>
         <permissions>
            <copyright-statement>Copyright 1999 American Academy of Advertising</copyright-statement>
         </permissions>
         <self-uri xlink:href="http://www.jstor.org/stable/4189109"/>
         <abstract>
            <p>Recent attention has been paid to the use of citation analysis as an approach to examining relative journal quality and prestige, as well as the relative scholarly status of academic communities and disciplines. The fundamental notion is that citations are objective indicators of knowledge use by scholars and knowledge flows among academic communities. In that context, the authors examine the journal quality ranking of the Journal of Advertising in relation to 33 marketing, advertising, and business journals over the 1986-1997 time period. They find evidence that JA ranks respectably among specialty marketing, advertising, and business journals, but, as expected, generally below the general marketing and business journals.</p>
         </abstract>
         <custom-meta-group>
            <custom-meta>
               <meta-name>lang</meta-name>
               <meta-value>eng</meta-value>
            </custom-meta>
         </custom-meta-group>
      </article-meta>
   </front>
   <back>
      <ref-list>
         <title>References</title>
         <ref id="d14844e136a1310">
            <mixed-citation id="d14844e140" publication-type="journal">
Barry, Thomas E. (1990), "Publication Productivity in Three Lead-
ing U. S. Advertieing Journale: Inaugural Issues Through
1988," Journal of Advertising, 19 (1), 52-60.<person-group>
                  <string-name>
                     <surname>Barry</surname>
                  </string-name>
               </person-group>
               <issue>1</issue>
               <fpage>52</fpage>
               <volume>19</volume>
               <source>Journal of Advertising</source>
               <year>1990</year>
            </mixed-citation>
         </ref>
         <ref id="d14844e178a1310">
            <mixed-citation id="d14844e182" publication-type="book">
Browne, William G. and Boris Becker (1985), "Perceptions of Mar-
keting Journals: Awareness and Quality Evaluations," in
AMA Educators' Proceedings, Robert F. Lusch, ed., Chicago:
American Marketing Association, 149-154.<person-group>
                  <string-name>
                     <surname>Browne</surname>
                  </string-name>
               </person-group>
               <comment content-type="section">Perceptions of Marketing Journals: Awareness and Quality Evaluations</comment>
               <fpage>149</fpage>
               <source>AMA Educators' Proceedings</source>
               <year>1985</year>
            </mixed-citation>
         </ref>
         <ref id="d14844e220a1310">
            <mixed-citation id="d14844e224" publication-type="book">
— and-(1991), "A Longitudinal Study of Mar-
keting Journal Familiarity and Quality," in AMA Educators'
Proceedings: Enhancing Knowledge Development in Market-
ing, Mary C. Gilly, ed., Chicago: American Marketing Asso-
ciation, 702-10.<person-group>
                  <string-name>
                     <surname>Browne</surname>
                  </string-name>
               </person-group>
               <comment content-type="section">A Longitudinal Study of Marketing Journal Familiarity and Quality</comment>
               <fpage>702</fpage>
               <source>AMA Educators' Proceedings: Enhancing Knowledge Development in Marketing</source>
               <year>1991</year>
            </mixed-citation>
         </ref>
         <ref id="d14844e265a1310">
            <mixed-citation id="d14844e269" publication-type="journal">
Chung, Kee H., Hong S. Pak and Raymond A. K. Cox (1992),
"Patterns of Research Output in the Accounting Literature:
A Study of Bibliometric Distributions," ABACUS, 28, 168-
185.<person-group>
                  <string-name>
                     <surname>Chung</surname>
                  </string-name>
               </person-group>
               <fpage>168</fpage>
               <volume>28</volume>
               <source>ABACUS</source>
               <year>1992</year>
            </mixed-citation>
         </ref>
         <ref id="d14844e308a1310">
            <mixed-citation id="d14844e312" publication-type="book">
Cummings, L. L. and Peter J. Frost (1985), Publishing in the
Organizational Sciences, Homewood, IL: Irwin.<person-group>
                  <string-name>
                     <surname>Cummings</surname>
                  </string-name>
               </person-group>
               <source>Publishing in the Organizational Sciences</source>
               <year>1985</year>
            </mixed-citation>
         </ref>
         <ref id="d14844e337a1310">
            <mixed-citation id="d14844e341" publication-type="journal">
Diamond, Arthur M., Jr. (1986), "What Is a Citation Worth?",
Journal of Human Resources, 21 (2), 200-213.<object-id pub-id-type="doi">10.2307/145797</object-id>
               <fpage>200</fpage>
            </mixed-citation>
         </ref>
         <ref id="d14844e357a1310">
            <mixed-citation id="d14844e361" publication-type="journal">
Franke, Richard H., Timothy W. Edlund and Frederick Oster (1989),
"Research Notes and Communications: Development of Stra-
tegic Management: Journal Quality and Article Impact," Stra-
tegic Management Journal, 11, 243-253.<person-group>
                  <string-name>
                     <surname>Franke</surname>
                  </string-name>
               </person-group>
               <fpage>243</fpage>
               <volume>11</volume>
               <source>Strategic Management Journal</source>
               <year>1989</year>
            </mixed-citation>
         </ref>
         <ref id="d14844e399a1310">
            <mixed-citation id="d14844e403" publication-type="journal">
Garfield, E. ( 1972), "Citation Analysis as a Tool in Journal Evalua-
tion," Science, 178,479.<object-id pub-id-type="jstor">10.2307/1735096</object-id>
               <fpage>479</fpage>
            </mixed-citation>
         </ref>
         <ref id="d14844e419a1310">
            <mixed-citation id="d14844e423" publication-type="book">
— (1979), Citation Indexing—Its Theory and Applica-
tion in Science, Technology, and Humanities, New York: Wiley.<person-group>
                  <string-name>
                     <surname>Garfield</surname>
                  </string-name>
               </person-group>
               <source>Citation Indexing—Its Theory and Application in Science, Technology, and Humanities</source>
               <year>1979</year>
            </mixed-citation>
         </ref>
         <ref id="d14844e448a1310">
            <mixed-citation id="d14844e452" publication-type="book">
— I. Sher and R. Tropic (1964), The Use of Citation
Data in Writing the History of Science, Philadelphia: Phila-
delphia Institute for Scientific Information.<person-group>
                  <string-name>
                     <surname>Garfield</surname>
                  </string-name>
               </person-group>
               <source>The Use of Citation Data in Writing the History of Science</source>
               <year>1964</year>
            </mixed-citation>
         </ref>
         <ref id="d14844e482a1310">
            <mixed-citation id="d14844e486" publication-type="journal">
Gomez-Mejia, L. R. and D. B. Balkin (1992), "Determinants of
Faculty Pay: An Agency Theory Perspective," Academy of
Management Journal, 35471- 921-955.<person-group>
                  <string-name>
                     <surname>Gomez-Mejia</surname>
                  </string-name>
               </person-group>
               <fpage>471</fpage>
               <volume>35</volume>
               <source>Academy of Management Journal</source>
               <year>1992</year>
            </mixed-citation>
         </ref>
         <ref id="d14844e521a1310">
            <mixed-citation id="d14844e525" publication-type="book">
Gordon, Peter J. and Kenneth A. Heischidt (1992), "Evaluation of
Marketing Publications: Some New Findings," in AMA Sum-
mer Educators Conference Proceedings, Chicago: American
Marketing Association, 318-319.<person-group>
                  <string-name>
                     <surname>Gordon</surname>
                  </string-name>
               </person-group>
               <comment content-type="section">Evaluation of Marketing Publications: Some New Findings</comment>
               <fpage>318</fpage>
               <source>AMA Summer Educators Conference Proceedings</source>
               <year>1992</year>
            </mixed-citation>
         </ref>
         <ref id="d14844e563a1310">
            <mixed-citation id="d14844e567" publication-type="journal">
Hult, G. Thomas M., William T. Neese, and R. Edward Bashaw
(1997), "Faculty Perceptions of Marketing Journals," Journal
of Marketing Education, (Spring), 37-52.<person-group>
                  <string-name>
                     <surname>Hult</surname>
                  </string-name>
               </person-group>
               <issue>Spring</issue>
               <fpage>37</fpage>
               <source>Journal of Marketing Education</source>
               <year>1997</year>
            </mixed-citation>
         </ref>
         <ref id="d14844e602a1310">
            <mixed-citation id="d14844e606" publication-type="journal">
Johnson, Jonathon L. and Philip M. Podsakoff (1994), "Journal
Influence on the Field of Management: An Analysis Using
Salancik's Index in a Dependency Network," Academy of Man-
agement Journal, 37(5), 1392-1407.<object-id pub-id-type="doi">10.2307/256679</object-id>
               <fpage>1392</fpage>
            </mixed-citation>
         </ref>
         <ref id="d14844e629a1310">
            <mixed-citation id="d14844e633" publication-type="journal">
Katz, D. A.1973, "Faculty Salaries, Promotions, and Productivity at
a Large University," American Economic Review, 63469-477.<object-id pub-id-type="jstor">10.2307/1914379</object-id>
               <fpage>469</fpage>
            </mixed-citation>
         </ref>
         <ref id="d14844e649a1310">
            <mixed-citation id="d14844e653" publication-type="journal">
Kerin, Roger A. (1996), "In Pursuit of an Ideal: The Editorial and
Literary History of the Journal of Marketing," Journal of
Marketing, 60 (January), 1-13.<object-id pub-id-type="jstor">10.2307/1251883</object-id>
               <fpage>1</fpage>
            </mixed-citation>
         </ref>
         <ref id="d14844e673a1310">
            <mixed-citation id="d14844e677" publication-type="journal">
Kirkpatrick, S. A. and E. A. Locke (1992), "The Development of
Measures of Faculty Scholarship," Group and Organization
Management, 17, 5-23.<person-group>
                  <string-name>
                     <surname>Kirkpatrick</surname>
                  </string-name>
               </person-group>
               <fpage>5</fpage>
               <volume>17</volume>
               <source>Group and Organization Management</source>
               <year>1992</year>
            </mixed-citation>
         </ref>
         <ref id="d14844e712a1310">
            <mixed-citation id="d14844e716" publication-type="journal">
Luke, Robert H. and E. Reed Doke (1987), "Marketing Journal
Hierarchies: Faculty Perceptions 1986-87," Journal of the
Academy of Marketing Science, 15 (Spring), 74-78.<person-group>
                  <string-name>
                     <surname>Luke</surname>
                  </string-name>
               </person-group>
               <issue>Spring</issue>
               <fpage>74</fpage>
               <volume>15</volume>
               <source>Journal of the Academy of Marketing Science</source>
               <year>1987</year>
            </mixed-citation>
         </ref>
         <ref id="d14844e754a1310">
            <mixed-citation id="d14844e758" publication-type="book">
Mahoney, Thomas A. (1987), "Journal Publishing and the Organi-
zation Sciences: An Analysis of Exchanges", in Publishing the
Organizational Sciences, L. L. Cummings and Peter J. Frost,
Homewood, IL: Irwin, 14-24.<person-group>
                  <string-name>
                     <surname>Mahoney</surname>
                  </string-name>
               </person-group>
               <comment content-type="section">Journal Publishing and the Organization Sciences: An Analysis of Exchanges</comment>
               <fpage>14</fpage>
               <source>Publishing the Organizational Sciences</source>
               <year>1987</year>
            </mixed-citation>
         </ref>
         <ref id="d14844e796a1310">
            <mixed-citation id="d14844e800" publication-type="journal">
Menon, Anil and P. Rajan Varadarajan (1992), "A Model of Marketing
Knowledge Use Within Firms," Journal of Marketing, 56, 53-71.<object-id pub-id-type="doi">10.2307/1251986</object-id>
               <fpage>53</fpage>
            </mixed-citation>
         </ref>
         <ref id="d14844e816a1310">
            <mixed-citation id="d14844e820" publication-type="journal">
Muncy, James A. (1991), "The Journal of Advertising: A Twenty-
Year Appraisal," Journal of Advertising, 20, (4), 1-11.<person-group>
                  <string-name>
                     <surname>Muncy</surname>
                  </string-name>
               </person-group>
               <issue>4</issue>
               <fpage>1</fpage>
               <volume>20</volume>
               <source>Journal of Advertising</source>
               <year>1991</year>
            </mixed-citation>
         </ref>
         <ref id="d14844e855a1310">
            <mixed-citation id="d14844e859" publication-type="journal">
Niemi, Albert W. (1987), "Institutional Contributions to the Lead-
ing Finance Journale, 1975-1986: A Note," Journal of Fi-
nance, 42 (December), 908-910.<person-group>
                  <string-name>
                     <surname>Niemi</surname>
                  </string-name>
               </person-group>
               <issue>December</issue>
               <fpage>908</fpage>
               <volume>42</volume>
               <source>Journal of Finance</source>
               <year>1987</year>
            </mixed-citation>
         </ref>
         <ref id="d14844e898a1310">
            <mixed-citation id="d14844e902" publication-type="journal">
Paradeos, Yorgo (1985), "A Bibiiometric Study of Advertising Ci-
tations," Journal of Advertising, 14, (4), 52-59.<person-group>
                  <string-name>
                     <surname>Paradeos</surname>
                  </string-name>
               </person-group>
               <issue>4</issue>
               <fpage>52</fpage>
               <volume>14</volume>
               <source>Journal of Advertising</source>
               <year>1985</year>
            </mixed-citation>
         </ref>
         <ref id="d14844e937a1310">
            <mixed-citation id="d14844e941" publication-type="journal">
Peter, J. Paul and Jerry C. Olson (1983), "le Science Marketingr
Journal of Marketing, 47 (Fall), 111-125.<object-id pub-id-type="doi">10.2307/1251404</object-id>
               <fpage>111</fpage>
            </mixed-citation>
         </ref>
         <ref id="d14844e957a1310">
            <mixed-citation id="d14844e961" publication-type="other">
Price, Derek J. de Solla (1963), "Citation Measures of Hard Sci-
ence, Soft Science, Technology, and Nonscience," Communi-
cation Among Scientists and Engineers, 3-22.</mixed-citation>
         </ref>
         <ref id="d14844e974a1310">
            <mixed-citation id="d14844e978" publication-type="journal">
- (1965), "Networks of Scientific Papers," Science,
149,510-516.<object-id pub-id-type="jstor">10.2307/1716232</object-id>
               <fpage>510</fpage>
            </mixed-citation>
         </ref>
         <ref id="d14844e994a1310">
            <mixed-citation id="d14844e998" publication-type="journal">
Powers, Thomas L., John E. Swan, Theodore Bob, and John Frank
Patton (1998), "Career Reeearch Productivity Patterne of
Marketing Academice," Journal of Business Research, 42,
75-86.<person-group>
                  <string-name>
                     <surname>Powers</surname>
                  </string-name>
               </person-group>
               <fpage>75</fpage>
               <volume>42</volume>
               <source>Journal of Business Research</source>
               <year>1998</year>
            </mixed-citation>
         </ref>
         <ref id="d14844e1036a1310">
            <mixed-citation id="d14844e1040" publication-type="book">
Rogers, Everett M. (1983). Diffusion of Innovations, New York:
Free Prese.<person-group>
                  <string-name>
                     <surname>Rogers</surname>
                  </string-name>
               </person-group>
               <source>Diffusion of Innovations</source>
               <year>1983</year>
            </mixed-citation>
         </ref>
         <ref id="d14844e1066a1310">
            <mixed-citation id="d14844e1070" publication-type="journal">
Salancik, G. R. (1986), "An Index of Subgroup Influence in De-
pendency Networke." Administrative Science Quarterly, 31,
194-211.<object-id pub-id-type="doi">10.2307/2392788</object-id>
               <fpage>194</fpage>
            </mixed-citation>
         </ref>
         <ref id="d14844e1089a1310">
            <mixed-citation id="d14844e1093" publication-type="journal">
Sharolin, A. D. and R. H. Mabry (1985), "The Relative Impor-
tance of Journale Used in Management Research: An Alter-
native Ranking," Human Relations, 38, 139-149.<person-group>
                  <string-name>
                     <surname>Sharolin</surname>
                  </string-name>
               </person-group>
               <fpage>139</fpage>
               <volume>38</volume>
               <source>Human Relations</source>
               <year>1985</year>
            </mixed-citation>
         </ref>
         <ref id="d14844e1128a1310">
            <mixed-citation id="d14844e1132" publication-type="journal">
Slovic, P. and S. Lichtenstein (1974), "Comparison of Bayesian and
Regression Approaches to the Study of Information Process-
ing In Judgment," Organizational Behavior and Human Per-
formance, 11, 172-194.<person-group>
                  <string-name>
                     <surname>Slovic</surname>
                  </string-name>
               </person-group>
               <fpage>172</fpage>
               <volume>11</volume>
               <source>Organizational Behavior and Human Performance</source>
               <year>1974</year>
            </mixed-citation>
         </ref>
         <ref id="d14844e1170a1310">
            <mixed-citation id="d14844e1174" publication-type="book">
Webster, D. S. and C. F Conrad, (1986), "Using Faculty Research
Performance for Academic Quality Rankings," Measuring Fac-
ulty Research Performance, J. W. Creswell, ed., San Fran-
cisco: Joesey-Baee, 43-57.<person-group>
                  <string-name>
                     <surname>Webster</surname>
                  </string-name>
               </person-group>
               <comment content-type="section">Using Faculty Research Performance for Academic Quality Rankings</comment>
               <fpage>43</fpage>
               <source>Measuring Faculty Research Performance</source>
               <year>1986</year>
            </mixed-citation>
         </ref>
         <ref id="d14844e1212a1310">
            <mixed-citation id="d14844e1216" publication-type="journal">
Yale, Laura and Mary C. Gilly (1988), Trends in Advertising Re-
search: A Look at the Content of Marketing-Oriented Journale
from 1976 to 1985," Journal of Advertising, 17, (1), 12- 22.<person-group>
                  <string-name>
                     <surname>Yale</surname>
                  </string-name>
               </person-group>
               <issue>1</issue>
               <fpage>12</fpage>
               <volume>17</volume>
               <source>Journal of Advertising</source>
               <year>1988</year>
            </mixed-citation>
         </ref>
         <ref id="d14844e1254a1310">
            <mixed-citation id="d14844e1258" publication-type="journal">
Zinkhan, George M., Martin Roth and Mary Jane Saxton (1992),
"Knowledge Development and Scientific Status in Consumer
Behavior Research: A Social Exchange Perepective," Journal
of Consumer Research, 18 (September), 282-291.<object-id pub-id-type="jstor">10.2307/2489334</object-id>
               <fpage>282</fpage>
            </mixed-citation>
         </ref>
         <ref id="d14844e1282a1310">
            <mixed-citation id="d14844e1286" publication-type="book">
— , Mary Jane Saxton, Martin Roth and Gerald
Zaltman (1990), "A Citation Analysis of the ACR Proceedings:
A Knowledge Development and Social Exchange Perspective,"
in Advances in Consumer Research, 17, M. Goldberg, G. Gorn,
and R. W. Polly, eds., Provo, UT: Association for Consumer
Research, 627-635.<person-group>
                  <string-name>
                     <surname>Zinkhan</surname>
                  </string-name>
               </person-group>
               <comment content-type="section">A Citation Analysis of the ACR Proceedings: A Knowledge Development and Social Exchange Perspective</comment>
               <fpage>627</fpage>
               <volume>17</volume>
               <source>Advances in Consumer Research</source>
               <year>1990</year>
            </mixed-citation>
         </ref>
         <ref id="d14844e1334a1310">
            <mixed-citation id="d14844e1338" publication-type="journal">
Zivney, Terry L. and William J. Bertin (1992), "Publish or Perish:
What the Competition is Really Doing," Journal of Finance,
47 (March), 295-329.<object-id pub-id-type="doi">10.2307/2329099</object-id>
               <fpage>295</fpage>
            </mixed-citation>
         </ref>
      </ref-list>
   </back>
</article>
