<article xmlns:xsi="http://www.w3.org/2001/XMLSchema-instance"
         xmlns:xlink="http://www.w3.org/1999/xlink"
         xmlns:mml="http://www.w3.org/1998/Math/MathML"
         dtd-version="1.0"
         article-type="research-article">
   <front>
      <journal-meta>
         <journal-id journal-id-type="jstor">jadve</journal-id>
         <journal-id journal-id-type="jstor">jadve</journal-id>
         <journal-id journal-id-type="jstor">j101355</journal-id>
         <journal-title-group>
            <journal-title>Journal of Advertising</journal-title>
         </journal-title-group>
         <publisher>
            <publisher-name>M. E. Sharpe, Inc.</publisher-name>
         </publisher>
         <issn pub-type="ppub">00913367</issn>
         <issn pub-type="epub">15577805</issn>
      </journal-meta>
      <article-meta>
         <article-id pub-id-type="jstor">4189274</article-id>
         <title-group>
            <article-title>The Influence of Ad Model Ethnicity and Self-Referencing on Attitudes: Evidence from New Zealand</article-title>
         </title-group>
         <contrib-group>
            <contrib contrib-type="author">
               <string-name>Brett A. S. Martin</string-name>
            </contrib>
            <contrib contrib-type="author">
               <string-name>Christina Kwai-Choi Lee</string-name>
            </contrib>
            <contrib contrib-type="author">
               <string-name>
                  <given-names>Feng</given-names>
                  <surname>Yang</surname>
               </string-name>
            </contrib>
         </contrib-group>
         <pub-date>
            <day>1</day>
            <month>12</month>
            <year>2004</year>
         </pub-date>
         <volume>33</volume>
         <issue>4</issue>
         <issue-id>i394122</issue-id>
         <fpage>27</fpage>
         <lpage>37</lpage>
         <page-range>27-37</page-range>
         <permissions>
            <copyright-statement>Copyright 2004 American Academy of Advertising</copyright-statement>
         </permissions>
         <self-uri xlink:href="http://www.jstor.org/stable/4189274"/>
         <abstract>
            <p> This paper examines consumer self-referencing as a mechanism for explaining ethnicity effects in advertising. Data was collected from a 2 (model ethnicity: Asian, white) × 2 (product stereotypicality: stereotypical, nonstereotypical) experiment. Measured independent variables included participant ethnicity and self-referencing. Results show that (1) Asians exhibit greater self-referencing of Asian models than do whites; (2) self-referencing mediates ethnicity effects on attitudes (i.e., attitude toward the model, attitude toward the ad, brand attitudes, and purchase intentions); (3) high-self-referencing Asians have more favorable attitude toward the ad and purchase intentions than low--self-referencing Asians; and (4) Asian models advertising atypical products generate more self-referencing and more favorable attitudes toward the model,<tex-math>$A_{\text{ad}}$</tex-math>, and purchase intentions from both Asians and whites. </p>
         </abstract>
         <custom-meta-group>
            <custom-meta>
               <meta-name>lang</meta-name>
               <meta-value>eng</meta-value>
            </custom-meta>
         </custom-meta-group>
      </article-meta>
   </front>
   <back>
      <ref-list>
         <title>References</title>
         <ref id="d32328e184a1310">
            <mixed-citation id="d32328e188" publication-type="journal">
Baron, Reuben M., and David A. Kenny (1986), "The Modera-
tor-Mediator Variable Distinction in Social Psychological
Research: Conceptual, Strategic, and Statistical Consider-
ations," Journal of Personality and Social Psychology, 51 (6),
1173-1182.<person-group>
                  <string-name>
                     <surname>Baron</surname>
                  </string-name>
               </person-group>
               <issue>6</issue>
               <fpage>1173</fpage>
               <volume>51</volume>
               <source>Journal of Personality and Social Psychology</source>
               <year>1986</year>
            </mixed-citation>
         </ref>
         <ref id="d32328e232a1310">
            <mixed-citation id="d32328e236" publication-type="journal">
Batra, Rajeev, and Douglas M. Stayman (1990), "The Role of
Mood in Advertising Effectiveness," Journal of Consumer
Research, 17 (2), 203-214.<object-id pub-id-type="jstor">10.2307/2626812</object-id>
               <fpage>203</fpage>
            </mixed-citation>
         </ref>
         <ref id="d32328e255a1310">
            <mixed-citation id="d32328e259" publication-type="journal">
—, and Debra Stephens (1994), "Attitudinal Effects of Ad-
Evoked Moods and Emotions: The Moderating Role of
Motivation," Psychology and Marketing, 11 (3), 199-215.<person-group>
                  <string-name>
                     <surname>Batra</surname>
                  </string-name>
               </person-group>
               <issue>3</issue>
               <fpage>199</fpage>
               <volume>11</volume>
               <source>Psychology and Marketing</source>
               <year>1994</year>
            </mixed-citation>
         </ref>
         <ref id="d32328e297a1310">
            <mixed-citation id="d32328e301" publication-type="book">
Bosmans, Anick, Patrick Van Kenhove, Peter Vlerick, and
Hendrik Hendrickx (2001), "The Effect of Mood on Self-
Referencing in a Persuasion Context," in Advances in Con-
sumer Research, vol. 28, Mary C. Gilly, ed., Provo, UT:
Association for Consumer Research, 115-121.<person-group>
                  <string-name>
                     <surname>Bosmans</surname>
                  </string-name>
               </person-group>
               <comment content-type="section">The Effect of Mood on Self-Referencing in a Persuasion Context</comment>
               <fpage>115</fpage>
               <volume>28</volume>
               <source>Advances in Consumer Research</source>
               <year>2001</year>
            </mixed-citation>
         </ref>
         <ref id="d32328e346a1310">
            <mixed-citation id="d32328e350" publication-type="journal">
Burnkrant, Robert E., and H. Rao Unnava (1995), "Effects of
Self-Referencing on Persuasion," Journal of Consumer Research,
22 (1), 17-26.<object-id pub-id-type="jstor">10.2307/2489697</object-id>
               <fpage>17</fpage>
            </mixed-citation>
         </ref>
         <ref id="d32328e369a1310">
            <mixed-citation id="d32328e373" publication-type="book">
Cohen, Jacob (1977), Statistical Power Analysis for the Behavioral
Sciences, New York: Academic Press.<person-group>
                  <string-name>
                     <surname>Cohen</surname>
                  </string-name>
               </person-group>
               <source>Statistical Power Analysis for the Behavioral Sciences</source>
               <year>1977</year>
            </mixed-citation>
         </ref>
         <ref id="d32328e398a1310">
            <mixed-citation id="d32328e402" publication-type="journal">
Cohen, Judy (1992), "White Consumer Response to Asian Models
in Advertising," Journal of Consumer Marketing9 (2), 17-27.<person-group>
                  <string-name>
                     <surname>Cohen</surname>
                  </string-name>
               </person-group>
               <issue>2</issue>
               <fpage>17</fpage>
               <volume>9</volume>
               <source>Journal of Consumer Marketing</source>
               <year>1992</year>
            </mixed-citation>
         </ref>
         <ref id="d32328e437a1310">
            <mixed-citation id="d32328e441" publication-type="book">
Courtney, Alice E., and Thomas W. Whipple (1983), Sex Stereo-
typing in Advertising, Toronto: Lexington Books.<person-group>
                  <string-name>
                     <surname>Courtney</surname>
                  </string-name>
               </person-group>
               <source>Sex Stereotyping in Advertising</source>
               <year>1983</year>
            </mixed-citation>
         </ref>
         <ref id="d32328e466a1310">
            <mixed-citation id="d32328e470" publication-type="journal">
Debevec, Kathleen, and Easwar Iyer (1988), "Self-Referencing
as a Mediator of the Effectiveness of Sex-Role Portrayals in
Advertising," Psychology and Marketing, 5 (1), 71-84.<person-group>
                  <string-name>
                     <surname>Debevec</surname>
                  </string-name>
               </person-group>
               <issue>1</issue>
               <fpage>71</fpage>
               <volume>5</volume>
               <source>Psychology and Marketing</source>
               <year>1988</year>
            </mixed-citation>
         </ref>
         <ref id="d32328e508a1310">
            <mixed-citation id="d32328e512" publication-type="journal">
—, and Jerome B. Kernan (1987), "Self-Referencing as a
Mediator of the Physical Attractiveness Stereotype," Ge-
netic, Social and General Psychology Monographs, 113 (4),
435-460.<person-group>
                  <string-name>
                     <surname>Debevec</surname>
                  </string-name>
               </person-group>
               <issue>4</issue>
               <fpage>435</fpage>
               <volume>113</volume>
               <source>Genetic, Social and General Psychology Monographs</source>
               <year>1987</year>
            </mixed-citation>
         </ref>
         <ref id="d32328e554a1310">
            <mixed-citation id="d32328e558" publication-type="journal">
-, and Jean B. Romeo (1992), "Self-Referent Processing
in Perceptions of Verbal and Visual Commercial Informa-
tion," Journal of Consumer Psychology, 1 (1), 83-102.<object-id pub-id-type="jstor">10.2307/1480548</object-id>
               <fpage>83</fpage>
            </mixed-citation>
         </ref>
         <ref id="d32328e577a1310">
            <mixed-citation id="d32328e581" publication-type="journal">
Deshpandé, Rohit, and Douglas M. Stayman (1994), "A Tale of
Two Cities: Distinctiveness Theory Effectiveness," Journal
of Marketing Research, 31 (1), 57-64.<object-id pub-id-type="doi">10.2307/3151946</object-id>
               <fpage>57</fpage>
            </mixed-citation>
         </ref>
         <ref id="d32328e600a1310">
            <mixed-citation id="d32328e604" publication-type="journal">
Esses, Victoria M., and Mark P. Zanna (1995), "Mood and the
Expression of Ethnic Stereotypes," Journal of Personality and
Social Psychology, 69(6), 1052-1068.<person-group>
                  <string-name>
                     <surname>Esses</surname>
                  </string-name>
               </person-group>
               <issue>6</issue>
               <fpage>1052</fpage>
               <volume>69</volume>
               <source>Journal of Personality and Social Psychology</source>
               <year>1995</year>
            </mixed-citation>
         </ref>
         <ref id="d32328e642a1310">
            <mixed-citation id="d32328e646" publication-type="journal">
Fern, Edward F., and Kent B. Monroe (1996), "Effect-Size Esti-
mates: Issues and Problems in Interpretation," Journal of
Consumer Research, 23 (2), 89-105.<object-id pub-id-type="jstor">10.2307/2489707</object-id>
               <fpage>89</fpage>
            </mixed-citation>
         </ref>
         <ref id="d32328e665a1310">
            <mixed-citation id="d32328e669" publication-type="journal">
Forehand, Mark R., and Rohit Deshpandé (2001), "What We
See Makes Us Who We Are: Priming Ethnic Self-Aware-
ness and Advertising Response," Journal of Marketing Re-
search, 38 (3), 336-348.<object-id pub-id-type="jstor">10.2307/1558528</object-id>
               <fpage>336</fpage>
            </mixed-citation>
         </ref>
         <ref id="d32328e692a1310">
            <mixed-citation id="d32328e696" publication-type="journal">
Gerbing, David W., and James C. Anderson (1988), "An Up-
dated Paradigm for Scale Development Incorporating Uni-
dimensionali ty and Its Assessment," Journal of Marketing
Research, 25 (2), 186-192.<object-id pub-id-type="doi">10.2307/3172650</object-id>
               <fpage>186</fpage>
            </mixed-citation>
         </ref>
         <ref id="d32328e720a1310">
            <mixed-citation id="d32328e724" publication-type="journal">
Gitlin, Saul (2002), "Meet the Lee Family," Retail Merchandiser,
42 (1), 14-16.<person-group>
                  <string-name>
                     <surname>Gitlin</surname>
                  </string-name>
               </person-group>
               <issue>1</issue>
               <fpage>14</fpage>
               <volume>42</volume>
               <source>Retail Merchandiser</source>
               <year>2002</year>
            </mixed-citation>
         </ref>
         <ref id="d32328e759a1310">
            <mixed-citation id="d32328e763" publication-type="journal">
Grier, Sonya ?., and Anne M. Brumbaugh (1999), "Noticing
Cultural Differences: Ad Meanings Created by Target and
Non-Target Markets," Journal of Advertising, 28 (1), 79-93.<person-group>
                  <string-name>
                     <surname>Grier</surname>
                  </string-name>
               </person-group>
               <issue>1</issue>
               <fpage>79</fpage>
               <volume>28</volume>
               <source>Journal of Advertising</source>
               <year>1999</year>
            </mixed-citation>
         </ref>
         <ref id="d32328e801a1310">
            <mixed-citation id="d32328e805" publication-type="journal">
Holbrook, Morris B., and Rajeev Batra (1987), "Assessing the
Role of Emotions as Mediators of Consumer Responses to
Advertising "Journal of Consumer Research, 14 (3), 404-420.<object-id pub-id-type="jstor">10.2307/2489501</object-id>
               <fpage>404</fpage>
            </mixed-citation>
         </ref>
         <ref id="d32328e824a1310">
            <mixed-citation id="d32328e828" publication-type="journal">
Kinsman, Matthew (2002), "Invisible Giants: Marketers Are Still
Out of Touch with Asian-Americans," Promo (2), 14-16.<person-group>
                  <string-name>
                     <surname>Kinsman</surname>
                  </string-name>
               </person-group>
               <issue>2</issue>
               <fpage>14</fpage>
               <source>Promo</source>
               <year>2002</year>
            </mixed-citation>
         </ref>
         <ref id="d32328e860a1310">
            <mixed-citation id="d32328e864" publication-type="journal">
Klohnen, Eva C, and Shanhong Luo (2003), "Interpersonal At-
traction and Personality: What Is Attractive-Self Similar-
ity, Ideal Similarity, Complementarity, or Attachment
Security?" Journal of Personality and Social Psychology, 85 (4),
709-722.<person-group>
                  <string-name>
                     <surname>Klohnen</surname>
                  </string-name>
               </person-group>
               <issue>4</issue>
               <fpage>709</fpage>
               <volume>85</volume>
               <source>Journal of Personality and Social Psychology</source>
               <year>2003</year>
            </mixed-citation>
         </ref>
         <ref id="d32328e908a1310">
            <mixed-citation id="d32328e912" publication-type="journal">
Krishnamurthy, Parthasarathy, and Mita Sujan (1999), "Retro-
spection Versus Anticipation: The Role of the Ad Under
Retrospective and Anticipatory Self-Referencing," Journal
of Consumer Research, 26 (1), 55-69.<object-id pub-id-type="jstor">10.2307/2489781</object-id>
               <fpage>55</fpage>
            </mixed-citation>
         </ref>
         <ref id="d32328e936a1310">
            <mixed-citation id="d32328e940" publication-type="journal">
Lee, Christina Kwai-Choi, Nalini Fernandez, and Brett A. S.
Martin (2002), "Using Self-Referencing to Explain the Ef-
fectiveness of Ethnic Minority Models in Advertising," In-
ternational Journal of Advertising, 21 (3), 363-375.<person-group>
                  <string-name>
                     <surname>Lee</surname>
                  </string-name>
               </person-group>
               <issue>3</issue>
               <fpage>363</fpage>
               <volume>21</volume>
               <source>International Journal of Advertising</source>
               <year>2002</year>
            </mixed-citation>
         </ref>
         <ref id="d32328e981a1310">
            <mixed-citation id="d32328e985" publication-type="journal">
Lee, Wei-Na, and David K. Tse (1994), "Changing Media Con-
sumption in a New Home: Acculturation Patterns Among
Hong Kong Immigrants to Canada, "Journal of Advertising,
23 (1), 57-70.<person-group>
                  <string-name>
                     <surname>Lee</surname>
                  </string-name>
               </person-group>
               <issue>1</issue>
               <fpage>57</fpage>
               <volume>23</volume>
               <source>Journal of Advertising</source>
               <year>1994</year>
            </mixed-citation>
         </ref>
         <ref id="d32328e1026a1310">
            <mixed-citation id="d32328e1030" publication-type="journal">
MacKenzie, Scott B., Richard J. Lutz, and George E. Belch
(1986), "The Role of Attitude Toward the Ad as a Media-
tor of Advertising Effectiveness: A Test of Competing Ex-
planations, "Journal of Marketing Research, 23 (2), 130-143.<object-id pub-id-type="doi">10.2307/3151660</object-id>
               <fpage>130</fpage>
            </mixed-citation>
         </ref>
         <ref id="d32328e1053a1310">
            <mixed-citation id="d32328e1057" publication-type="journal">
Maheswaran, Durairaj, and Shelley Chaiken (1991), "Promoting
Systematic Processing in Low-Motivation Settings: Effect of
Incongruent Information on Processing and Judgment, "Jour-
nal of Personality and Social Psychology, 61(1), 13-25.<person-group>
                  <string-name>
                     <surname>Maheswaran</surname>
                  </string-name>
               </person-group>
               <issue>1</issue>
               <fpage>13</fpage>
               <volume>61</volume>
               <source>Journal of Personality and Social Psychology</source>
               <year>1991</year>
            </mixed-citation>
         </ref>
         <ref id="d32328e1098a1310">
            <mixed-citation id="d32328e1102" publication-type="journal">
Mantel, Susan Powell, and Frank R. Kardes (1999), "The Role
of Direction of Comparison, Attribute-Based Processing,
and Attitude-Based Processing in Consumer Preference,"
Journal of Consumer Research, 25 (4), 335-352.<object-id pub-id-type="jstor">10.2307/2489643</object-id>
               <fpage>335</fpage>
            </mixed-citation>
         </ref>
         <ref id="d32328e1125a1310">
            <mixed-citation id="d32328e1129" publication-type="journal">
Markus, Hazel (1977), "Self-Schemata and Processing Informa-
tion About the Self," Journal of Personality and Social Psy-
chology, 35 (2), 63-78.<person-group>
                  <string-name>
                     <surname>Markus</surname>
                  </string-name>
               </person-group>
               <issue>2</issue>
               <fpage>63</fpage>
               <volume>35</volume>
               <source>Journal of Personality and Social Psychology</source>
               <year>1977</year>
            </mixed-citation>
         </ref>
         <ref id="d32328e1168a1310">
            <mixed-citation id="d32328e1174" publication-type="journal">
McGuire, William J., Claire V McGuire, Pamela Child, and Terry
Fujioka (1978), "Salience of Ethnicity in the Spontaneous
Self-Concept as a Function of One's Ethnic Distinctiveness
in the Social Environment," Journal of Personality and Social
Psychology, 36, 511-520.<person-group>
                  <string-name>
                     <surname>McGuire</surname>
                  </string-name>
               </person-group>
               <fpage>511</fpage>
               <volume>36</volume>
               <source>Journal of Personality and Social Psychology</source>
               <year>1978</year>
            </mixed-citation>
         </ref>
         <ref id="d32328e1215a1310">
            <mixed-citation id="d32328e1219" publication-type="journal">
Meyers-Levy, Joan, and Laura Peracchio (1996), "Moderators of
the Impact of Self-Reference on Persuasion," Journal of Con-
sumer Research, 22 (4), 408-423.<object-id pub-id-type="jstor">10.2307/2489790</object-id>
               <fpage>408</fpage>
            </mixed-citation>
         </ref>
         <ref id="d32328e1238a1310">
            <mixed-citation id="d32328e1242" publication-type="journal">
Morrison, Maria Michelle, and David R. Shaffer (2003), "Gen-
der-Role Congruence and Self-Referencing as Determinants
of Advertising Effectiveness," Sex Roles, 49 (5/6), 265-275.<person-group>
                  <string-name>
                     <surname>Morrison</surname>
                  </string-name>
               </person-group>
               <issue>5</issue>
               <fpage>265</fpage>
               <volume>49</volume>
               <source>Sex Roles</source>
               <year>2003</year>
            </mixed-citation>
         </ref>
         <ref id="d32328e1280a1310">
            <mixed-citation id="d32328e1284" publication-type="journal">
Peterson, Robert ?., Gerald Albaum, and Richard F. Beltramini
(1985), "A Meta-Analysis of Effects in Consumer Behavior
Experiments, "Journal of Consumer Research, 12(1), 97-103.<object-id pub-id-type="jstor">10.2307/2489385</object-id>
               <fpage>97</fpage>
            </mixed-citation>
         </ref>
         <ref id="d32328e1303a1310">
            <mixed-citation id="d32328e1307" publication-type="journal">
Phinney, Jean S. (1990), "Ethnic Identity in Adolescents and
Adults: Review of Research," Psychological Bulletin, 108 (3),
499-514.<person-group>
                  <string-name>
                     <surname>Phinney</surname>
                  </string-name>
               </person-group>
               <issue>3</issue>
               <fpage>499</fpage>
               <volume>108</volume>
               <source>Psychological Bulletin</source>
               <year>1990</year>
            </mixed-citation>
         </ref>
         <ref id="d32328e1345a1310">
            <mixed-citation id="d32328e1349" publication-type="journal">
Ratneshwar, S., Lawrence W. Barsalou, Cornelia Pechmann, and
Melissa Moore (2001), "Goal-Derived Categories: The Role
of Personal and Situational Goals in Category Representa-
tions , " Journal of Consumer Psychology, 10(3), 147-157.<object-id pub-id-type="jstor">10.2307/1480316</object-id>
               <fpage>147</fpage>
            </mixed-citation>
         </ref>
         <ref id="d32328e1373a1310">
            <mixed-citation id="d32328e1377" publication-type="journal">
Rossiter, John R., and Alvin M. Chan (1998), "Ethnicity in Busi-
ness and Consumer Behavior, "Journal of Business Research,
42(2), 127-134.<person-group>
                  <string-name>
                     <surname>Rossiter</surname>
                  </string-name>
               </person-group>
               <issue>2</issue>
               <fpage>127</fpage>
               <volume>42</volume>
               <source>Journal of Business Research</source>
               <year>1998</year>
            </mixed-citation>
         </ref>
         <ref id="d32328e1415a1310">
            <mixed-citation id="d32328e1419" publication-type="journal">
Schouten, John W. (1991), "Selves in Transition: Symbolic Con-
sumption in Personal Rites of Passage and Identity Re-
construction," Journal of Consumer Research, 17 (4),
412-425.<object-id pub-id-type="jstor">10.2307/2626836</object-id>
               <fpage>412</fpage>
            </mixed-citation>
         </ref>
         <ref id="d32328e1442a1310">
            <mixed-citation id="d32328e1446" publication-type="book">
Selig Center for Economic Growth (2004), "Special Preview: The
Multicultural Economy, 1990-2009," Terry College of
Business, University of Georgia, available at www.selig
.uga.edu (accessed August 1, 2004), 1-12.<person-group>
                  <string-name>
                     <surname>Selig Center for Economic Growth</surname>
                  </string-name>
               </person-group>
               <fpage>1</fpage>
               <source>Special Preview: The Multicultural Economy, 1990-2009</source>
               <year>2004</year>
            </mixed-citation>
         </ref>
         <ref id="d32328e1481a1310">
            <mixed-citation id="d32328e1485" publication-type="book">
Statistics New Zealand (1996), 1996 Census of Population and Dwell-
ings: Ethnic Groups, Wellington: Statistics New Zealand.<person-group>
                  <string-name>
                     <surname>Statistics New Zealand</surname>
                  </string-name>
               </person-group>
               <source>1996 Census of Population and Dwellings: Ethnic Groups</source>
               <year>1996</year>
            </mixed-citation>
         </ref>
         <ref id="d32328e1510a1310">
            <mixed-citation id="d32328e1514" publication-type="other">
— (2002), "Asian Population Projections," available at
www.stats.govt.nz (accessed June 15, 2004).</mixed-citation>
         </ref>
         <ref id="d32328e1524a1310">
            <mixed-citation id="d32328e1528" publication-type="journal">
Stayman, Douglas M., and Rohit Deshpandé (1989), "Situational
Ethnicity and Consumer Behavior," Journal of Consumer Re-
search, 16(3), 361-371.<object-id pub-id-type="jstor">10.2307/2489517</object-id>
               <fpage>361</fpage>
            </mixed-citation>
         </ref>
         <ref id="d32328e1548a1310">
            <mixed-citation id="d32328e1552" publication-type="journal">
Sujan, Mita, James R. Bettman, and Hans Baumgartner (1993),
"Influencing Consumer Judgments Using Autobiographi-
cal Memories: A Self-Referencing Perspective," Journal of
Marketing Research, 30 (4), 422-436.<object-id pub-id-type="doi">10.2307/3172688</object-id>
               <fpage>422</fpage>
            </mixed-citation>
         </ref>
         <ref id="d32328e1575a1310">
            <mixed-citation id="d32328e1579" publication-type="journal">
Szybillo, George J., and Jacob Jacoby (1974), "Effects of Differ-
ent Levels of Integration on Advertising Preference and
Intention to Purchase," Journal of Applied Psychology, 59 (3),
274-280.<person-group>
                  <string-name>
                     <surname>Szybillo</surname>
                  </string-name>
               </person-group>
               <issue>3</issue>
               <fpage>274</fpage>
               <volume>59</volume>
               <source>Journal of Applied Psychology</source>
               <year>1974</year>
            </mixed-citation>
         </ref>
         <ref id="d32328e1620a1310">
            <mixed-citation id="d32328e1624" publication-type="journal">
Taylor, Charles R., and Ju Yung Lee (1994), "Not in Vogue:
Portrayals of Asian Americans in Magazine Advertising,"
Journal of Public Policy and Marketing, 13 (2), 239-245.<person-group>
                  <string-name>
                     <surname>Taylor</surname>
                  </string-name>
               </person-group>
               <issue>2</issue>
               <fpage>239</fpage>
               <volume>13</volume>
               <source>Journal of Public Policy and Marketing</source>
               <year>1994</year>
            </mixed-citation>
         </ref>
         <ref id="d32328e1662a1310">
            <mixed-citation id="d32328e1666" publication-type="journal">
—, and Barbara B. Stern (1997), "Asian-Americans: Tele-
vision Advertising and the 'Model Minority' Stereotype,"
Journal of Advertising, 26 (2), 47-61.<person-group>
                  <string-name>
                     <surname>Taylor</surname>
                  </string-name>
               </person-group>
               <issue>2</issue>
               <fpage>47</fpage>
               <volume>26</volume>
               <source>Journal of Advertising</source>
               <year>1997</year>
            </mixed-citation>
         </ref>
         <ref id="d32328e1704a1310">
            <mixed-citation id="d32328e1708" publication-type="journal">
Tolley, Stuart, and John Goett (1971), "Reactions to Blacks in News-
paper Ads" Journal of Advertising Research, 11 (2), 11-17.<person-group>
                  <string-name>
                     <surname>Tolley</surname>
                  </string-name>
               </person-group>
               <issue>2</issue>
               <fpage>11</fpage>
               <volume>11</volume>
               <source>Journal of Advertising Research</source>
               <year>1971</year>
            </mixed-citation>
         </ref>
         <ref id="d32328e1743a1310">
            <mixed-citation id="d32328e1749" publication-type="journal">
Wang, Cheng Lu, Terry Bristol, John C. Mowen, and Goutam
Chakraborty (2000), "Alternative Modes of Self-Construal:
Dimensions of Connectedness-Separateness and Advertís-
ing Appeals to the Cultural and Gender-Specific Self "Jour-
nal of Consumer Psychology, 9 (2), 107—115.<object-id pub-id-type="jstor">10.2307/1480403</object-id>
               <fpage>107</fpage>
            </mixed-citation>
         </ref>
         <ref id="d32328e1776a1310">
            <mixed-citation id="d32328e1780" publication-type="journal">
Whittler, Tommy E. (1989), "Viewers' Processing of Actors' Race
and Message Claims in Advertising Stimuli," Psychology and
Marketing, 6 (4), 287-309.<person-group>
                  <string-name>
                     <surname>Whittler</surname>
                  </string-name>
               </person-group>
               <issue>4</issue>
               <fpage>287</fpage>
               <volume>6</volume>
               <source>Psychology and Marketing</source>
               <year>1989</year>
            </mixed-citation>
         </ref>
         <ref id="d32328e1818a1310">
            <mixed-citation id="d32328e1822" publication-type="journal">
Williams, Jerome D., and William J. Quails (1989), "Middle-
Class Black Consumers and Intensity of Ethnic Identifica-
tion," Psychology and Marketing, 6 (4), 263-286.<person-group>
                  <string-name>
                     <surname>Williams</surname>
                  </string-name>
               </person-group>
               <issue>4</issue>
               <fpage>263</fpage>
               <volume>6</volume>
               <source>Psychology and Marketing</source>
               <year>1989</year>
            </mixed-citation>
         </ref>
         <ref id="d32328e1860a1310">
            <mixed-citation id="d32328e1866" publication-type="journal">
—, William J. Quails, and Sonya A. Grier (1995), "Ra-
cially Exclusive Real Estate Advertising: Public Policy
Implications for Fair Housing Practices," Journal of Public
Policy and Marketing, 14 (2), 225-244.<person-group>
                  <string-name>
                     <surname>Williams</surname>
                  </string-name>
               </person-group>
               <issue>2</issue>
               <fpage>225</fpage>
               <volume>14</volume>
               <source>Journal of Public Policy and Marketing</source>
               <year>1995</year>
            </mixed-citation>
         </ref>
         <ref id="d32328e1907a1310">
            <mixed-citation id="d32328e1911" publication-type="journal">
Williamson, Debra A. (2002), "Foreign Flavors, Mainstream
Taste," Advertising Age, 73 (27), 2-3.<person-group>
                  <string-name>
                     <surname>Williamson</surname>
                  </string-name>
               </person-group>
               <issue>27</issue>
               <fpage>2</fpage>
               <volume>73</volume>
               <source>Advertising Age</source>
               <year>2002</year>
            </mixed-citation>
         </ref>
         <ref id="d32328e1946a1310">
            <mixed-citation id="d32328e1950" publication-type="book">
Zinkhan, George M., and Jae W. Hong (1991), "Self-Concept
and Advertising Effectiveness: A Conceptual Model of Con-
gruency, Conspicuousness, and Response Mode," in Advances
in Consumer Research, vol. 18, Rebecca Holman and Michael
Solomon, ed., Provo, UT: Association for Consumer Re-
search, 348-354.<person-group>
                  <string-name>
                     <surname>Zinkhan</surname>
                  </string-name>
               </person-group>
               <comment content-type="section">Self-Concept and Advertising Effectiveness: A Conceptual Model of Congruency, Conspicuousness, and Response Mode</comment>
               <fpage>348</fpage>
               <volume>18</volume>
               <source>Advances in Consumer Research</source>
               <year>1991</year>
            </mixed-citation>
         </ref>
      </ref-list>
   </back>
</article>
