<article xmlns:xsi="http://www.w3.org/2001/XMLSchema-instance"
         xmlns:xlink="http://www.w3.org/1999/xlink"
         xmlns:mml="http://www.w3.org/1998/Math/MathML"
         dtd-version="1.0"
         article-type="research-article">
   <front>
      <journal-meta>
         <journal-id journal-id-type="jstor">jadve</journal-id>
         <journal-id journal-id-type="jstor">jadve</journal-id>
         <journal-id journal-id-type="jstor">j101355</journal-id>
         <journal-title-group>
            <journal-title>Journal of Advertising</journal-title>
         </journal-title-group>
         <publisher>
            <publisher-name>M. E. Sharpe, Inc.</publisher-name>
         </publisher>
         <issn pub-type="ppub">00913367</issn>
         <issn pub-type="epub">15577805</issn>
      </journal-meta>
      <article-meta>
         <article-id pub-id-type="jstor">4189243</article-id>
         <title-group>
            <article-title>Brand Usage and Gender as Moderators of the Potential Deception Associated with Partial Comparative Advertising</article-title>
         </title-group>
         <contrib-group>
            <contrib contrib-type="author">
               <string-name>
                  <given-names>Michael J.</given-names>
                  <surname>Barone</surname>
               </string-name>
            </contrib>
            <contrib contrib-type="author">
               <string-name>
                  <given-names>Kay M.</given-names>
                  <surname>Palan</surname>
               </string-name>
            </contrib>
            <contrib contrib-type="author">
               <string-name>
                  <given-names>Paul W.</given-names>
                  <surname>Miniard</surname>
               </string-name>
            </contrib>
         </contrib-group>
         <pub-date>
            <day>1</day>
            <month>4</month>
            <year>2004</year>
         </pub-date>
         <volume>33</volume>
         <issue>1</issue>
         <issue-id>i394119</issue-id>
         <fpage>19</fpage>
         <lpage>28</lpage>
         <page-range>19-28</page-range>
         <permissions>
            <copyright-statement>Copyright 2004 American Academy of Advertising</copyright-statement>
         </permissions>
         <self-uri xlink:href="http://www.jstor.org/stable/4189243"/>
         <abstract>
            <p> Previous research (Barone and Miniard 1999) has demonstrated that brand usage can moderate the extent to which comparative ad information has the potential to deceive consumers. The current study extends that research by considering how gender interacts with brand usage to moderate the susceptibility of consumers to copy × copy interactions, a potentially deceptive effect associated with partial comparative advertising. Results from the present investigation indicate that, for comparison brand users, males were more susceptible than females. In contrast, for nonusers of the comparison brand, females exhibited greater evidence of this effect than did male nonusers. Implications of these findings for public policy and directions for future research are discussed. </p>
         </abstract>
         <custom-meta-group>
            <custom-meta>
               <meta-name>lang</meta-name>
               <meta-value>eng</meta-value>
            </custom-meta>
         </custom-meta-group>
      </article-meta>
   </front>
   <back>
      <ref-list>
         <title>References</title>
         <ref id="d31161e163a1310">
            <mixed-citation id="d31161e167" publication-type="journal">
Alba, Joseph W., and J. Wesley Hutchinson (1987), "Dimen-
sions of Consumer Expertise, "Journal of Consumer Research,
13 (March), 411-454.<object-id pub-id-type="jstor">10.2307/2489367</object-id>
               <fpage>411</fpage>
            </mixed-citation>
         </ref>
         <ref id="d31161e186a1310">
            <mixed-citation id="d31161e190" publication-type="journal">
Armstrong, Gary M., and Merrie Brucks (1988), "Dealing
with Children's Advertising: Public Policy Issues and
Alternatives," Journal of Public Policy and Marketing, 7,
98-113.<person-group>
                  <string-name>
                     <surname>Armstrong</surname>
                  </string-name>
               </person-group>
               <fpage>98</fpage>
               <volume>7</volume>
               <source>Journal of Public Policy and Marketing</source>
               <year>1988</year>
            </mixed-citation>
         </ref>
         <ref id="d31161e228a1310">
            <mixed-citation id="d31161e232" publication-type="journal">
Barone, Michael J., and Paul W. Miniard (1999), "How and When
Factual Ad Claims Can Mislead Consumers: Examining the
Deceptive Consequences of Copy X Copy Interactions for
Partial Comparative Ads,"Journal of Marketing Research, 36
(February), 58-74.<object-id pub-id-type="doi">10.2307/3151915</object-id>
               <fpage>58</fpage>
            </mixed-citation>
         </ref>
         <ref id="d31161e258a1310">
            <mixed-citation id="d31161e262" publication-type="book">
Costa, Janeen Arnold (1994), Introduction to Gender Issues and
Consumer Behavior, Janeen Arnold Costa, ed., Thousand Oaks,
CA: Sage, 1-10.<person-group>
                  <string-name>
                     <surname>Costa</surname>
                  </string-name>
               </person-group>
               <fpage>1</fpage>
               <source>Introduction to Gender Issues and Consumer Behavior</source>
               <year>1994</year>
            </mixed-citation>
         </ref>
         <ref id="d31161e295a1310">
            <mixed-citation id="d31161e299" publication-type="journal">
Dick, Alan, Dipankar Chakravarti, and Gabriel Biehal (1990),
"Memory-Based Inferences During Consumer Choice,"Jour-
nal of Consumer Research, 17 (June), 82-93.<object-id pub-id-type="jstor">10.2307/2626827</object-id>
               <fpage>82</fpage>
            </mixed-citation>
         </ref>
         <ref id="d31161e318a1310">
            <mixed-citation id="d31161e322" publication-type="journal">
Dittmar, Helga (1989), "Gender Identity-Related Meanings of
Personal Possessions," British Journal of Social Psychology, 28,
159-171.<person-group>
                  <string-name>
                     <surname>Dittmar</surname>
                  </string-name>
               </person-group>
               <fpage>159</fpage>
               <volume>28</volume>
               <source>British Journal of Social Psychology</source>
               <year>1989</year>
            </mixed-citation>
         </ref>
         <ref id="d31161e357a1310">
            <mixed-citation id="d31161e361" publication-type="journal">
—(1991), "Meanings of Material Possessions as Reflections
of Identity: Gender and Social-Material Position," in To Have
Possessions: A Handbook on Ownership and Property, F. W.
Rudmin, ed., Special Issue oí the Journal of Social Behavior
and Personality, 6(6), 165-186.<person-group>
                  <string-name>
                     <surname>Dittmar</surname>
                  </string-name>
               </person-group>
               <issue>6</issue>
               <fpage>165</fpage>
               <volume>6</volume>
               <source>Journal of Social Behavior and Personality</source>
               <year>1991</year>
            </mixed-citation>
         </ref>
         <ref id="d31161e405a1310">
            <mixed-citation id="d31161e409" publication-type="book">
Eagly, Alice H., and Shelly Chaiken (1993), The Psychology of
Attitudes, Fort Worth, TX: Harcourt Brace.<person-group>
                  <string-name>
                     <surname>Eagly</surname>
                  </string-name>
               </person-group>
               <source>The Psychology of Attitudes</source>
               <year>1993</year>
            </mixed-citation>
         </ref>
         <ref id="d31161e434a1310">
            <mixed-citation id="d31161e438" publication-type="journal">
Federal Trade Commission (FTC) (1979), "Comparative Adver-
tising: Issuance of a Policy Statement," Federal Register, 4,
no. 157,47328-47329.<person-group>
                  <string-name>
                     <surname>Federal Trade Commission (FTC)</surname>
                  </string-name>
               </person-group>
               <issue>157</issue>
               <fpage>47328</fpage>
               <volume>4</volume>
               <source>Federal Register</source>
               <year>1979</year>
            </mixed-citation>
         </ref>
         <ref id="d31161e476a1310">
            <mixed-citation id="d31161e480" publication-type="journal">
Ford, Gary T., and John E. Calfee (1986), "Recent Developments
in FTC Policy on Deception," Journal of Marketing, 50 (July),
82-103.<object-id pub-id-type="doi">10.2307/1251587</object-id>
               <fpage>82</fpage>
            </mixed-citation>
         </ref>
         <ref id="d31161e500a1310">
            <mixed-citation id="d31161e504" publication-type="journal">
—, and Ruth Ann Smith (1987), "Inferential Beliefs in Con-
sumer Evaluations: An Assessment of Alternative Process-
ing Strategies "Journal of Consumer Research, 14 (December),
363-371.<object-id pub-id-type="jstor">10.2307/2489497</object-id>
               <fpage>363</fpage>
            </mixed-citation>
         </ref>
         <ref id="d31161e527a1310">
            <mixed-citation id="d31161e531" publication-type="journal">
Gaeth, Gary J., and Timothy B. Heath (1987), "The Cognitive
Processing of Misleading Advertising in Young and Old
Adults: Assessment and Training," Journal of Consumer Re-
search, 14 (June), 43-54.<object-id pub-id-type="jstor">10.2307/2489241</object-id>
               <fpage>43</fpage>
            </mixed-citation>
         </ref>
         <ref id="d31161e554a1310">
            <mixed-citation id="d31161e558" publication-type="book">
Gilligan, Carol (1982), In a Different Voice: Psychological Theory and
Women's Development, Cambridge: Harvard University Press.<person-group>
                  <string-name>
                     <surname>Gilligan</surname>
                  </string-name>
               </person-group>
               <source>In a Different Voice: Psychological Theory and Women's Development</source>
               <year>1982</year>
            </mixed-citation>
         </ref>
         <ref id="d31161e583a1310">
            <mixed-citation id="d31161e587" publication-type="journal">
Hong, Sung-Tai, and Robert S. Wyer, Jr. (1989), "Effects of Coun-
try-of-Origin and Product-Attribute Information on Prod-
uct Evaluation: An Information Processing Perspective,"
Journal of Consumer Research, 16 (September), 175-187.<object-id pub-id-type="jstor">10.2307/2489316</object-id>
               <fpage>175</fpage>
            </mixed-citation>
         </ref>
         <ref id="d31161e610a1310">
            <mixed-citation id="d31161e614" publication-type="journal">
Johar, Gita V. (1995), "Consumer Involvement and Deception
from Implied Claims," Journal of Marketing Research, 32
(August), 291-307.<person-group>
                  <string-name>
                     <surname>Johar</surname>
                  </string-name>
               </person-group>
               <issue>August</issue>
               <fpage>291</fpage>
               <volume>32</volume>
               <source>Journal of Marketing Research</source>
               <year>1995</year>
            </mixed-citation>
         </ref>
         <ref id="d31161e652a1310">
            <mixed-citation id="d31161e656" publication-type="journal">
John, Deborah Roedder, and Catherine A. Cole (1986), "Age
Differences in Information Processing: Understanding Defi-
cits in Young and Elderly Consumers," Journal of Consumer
Research, 13 (December), 297-315.<object-id pub-id-type="jstor">10.2307/2489422</object-id>
               <fpage>297</fpage>
            </mixed-citation>
         </ref>
         <ref id="d31161e680a1310">
            <mixed-citation id="d31161e684" publication-type="journal">
Kamptner, Laura N. (1991), "Personal Possessions and Their
Meanings: A Life-Span Perspective," in To Have Possessions:
A Handbook on Ownership and Property, F. W. Rudmin, ed.,
Special Issue of the Journal of Social Behavior and Personality,
6 (6), 209-228.<person-group>
                  <string-name>
                     <surname>Kamptner</surname>
                  </string-name>
               </person-group>
               <issue>6</issue>
               <fpage>209</fpage>
               <volume>6</volume>
               <source>Journal of Social Behavior and Personality</source>
               <year>1991</year>
            </mixed-citation>
         </ref>
         <ref id="d31161e728a1310">
            <mixed-citation id="d31161e732" publication-type="journal">
Kinnear, Thomas C, and Ann R. Root (1988), "The FTC and
Deceptive Advertising in the 1980s: Are Consumers Being
Adequately Protected?" Journal of Public Policy and Market-
ing, 7, 40-48.<person-group>
                  <string-name>
                     <surname>Kinnear</surname>
                  </string-name>
               </person-group>
               <fpage>40</fpage>
               <volume>7</volume>
               <source>Journal of Public Policy and Marketing</source>
               <year>1988</year>
            </mixed-citation>
         </ref>
         <ref id="d31161e770a1310">
            <mixed-citation id="d31161e774" publication-type="book">
Meyers-Levy, Joan (1989), "Gender Differences in Information
Processing: A Selectivity Interpretation," in Cognitive and
Affective Responses to Advertising, Patricia Cafferata and Alice
Tybout, eds., Boston: Lexington Books, 219-260.<person-group>
                  <string-name>
                     <surname>Meyers-Levy</surname>
                  </string-name>
               </person-group>
               <comment content-type="section">Gender Differences in Information Processing: A Selectivity Interpretation</comment>
               <fpage>219</fpage>
               <source>Cognitive and Affective Responses to Advertising</source>
               <year>1989</year>
            </mixed-citation>
         </ref>
         <ref id="d31161e812a1310">
            <mixed-citation id="d31161e816" publication-type="journal">
-, and Durairaj Maheswaran (1991), "Exploring Differ-
ences in Males' and Females' Processing Strategies," Jour-
nal of Consumer Research, 18 (June), 63-70.<object-id pub-id-type="jstor">10.2307/2489485</object-id>
               <fpage>63</fpage>
            </mixed-citation>
         </ref>
         <ref id="d31161e835a1310">
            <mixed-citation id="d31161e839" publication-type="journal">
-, and Brian Sternthal (1991), "Gender Differences in the
Use of Message Cues and Judgments," Journal of Marketing
Research, 28 (February), 84-96.<object-id pub-id-type="doi">10.2307/3172728</object-id>
               <fpage>84</fpage>
            </mixed-citation>
         </ref>
         <ref id="d31161e858a1310">
            <mixed-citation id="d31161e862" publication-type="journal">
Miniard, Paul W., Randall L. Rose, Michael J. Barone, and Ken-
neth C. Manning (1993), "On the Need for Relative Mea-
surements in Assessing Comparative Advertising Effects,"
Journal of Advertising, 22 (September), 41-57.<person-group>
                  <string-name>
                     <surname>Miniard</surname>
                  </string-name>
               </person-group>
               <issue>September</issue>
               <fpage>41</fpage>
               <volume>22</volume>
               <source>Journal of Advertising</source>
               <year>1993</year>
            </mixed-citation>
         </ref>
         <ref id="d31161e904a1310">
            <mixed-citation id="d31161e908" publication-type="journal">
Muehling, Darrel D., and Norman Kangun (1985), "The Multi-
Dimensionality of Comparative Advertising: Implications
for the Federal Trade Commission, "Journal of Public Policy
and Marketing, 4, 112-128.<person-group>
                  <string-name>
                     <surname>Muehling</surname>
                  </string-name>
               </person-group>
               <fpage>112</fpage>
               <volume>4</volume>
               <source>Journal of Public Policy and Marketing</source>
               <year>1985</year>
            </mixed-citation>
         </ref>
         <ref id="d31161e946a1310">
            <mixed-citation id="d31161e952" publication-type="journal">
Olson, Jerry C, and Philip A. Dover (1978), "Cognitive Effects
of Deceptive Advertising, "Journal of Marketing Research, 15
(February), 29-38.<object-id pub-id-type="doi">10.2307/3150398</object-id>
               <fpage>29</fpage>
            </mixed-citation>
         </ref>
         <ref id="d31161e971a1310">
            <mixed-citation id="d31161e975" publication-type="journal">
Pechmann, Cornelia, and S. Ratneshwar (1991), "The Use of
Comparative Advertising for Brand Positioning: Associa-
tion Versus Differentiation," Journal of Consumer Research,
18 (September), 145-160.<object-id pub-id-type="jstor">10.2307/2489551</object-id>
               <fpage>145</fpage>
            </mixed-citation>
         </ref>
         <ref id="d31161e998a1310">
            <mixed-citation id="d31161e1002" publication-type="journal">
Prasad, V Kanti (1976), "Communications Effectiveness of Com-
parative Advertising: A Laboratory Analysis," Journal of
Marketing Research, 13 (May), 128-137.<object-id pub-id-type="doi">10.2307/3150846</object-id>
               <fpage>128</fpage>
            </mixed-citation>
         </ref>
         <ref id="d31161e1021a1310">
            <mixed-citation id="d31161e1025" publication-type="journal">
Rose, Randall L., Paul W. Miniard, Michael J. Barone, Kenneth
C. Manning, and Brian D. Till (1993), "When Persuasion
Goes Undetected: The Case of Comparative Advertising,"
Journal of Marketing Research, 30 (August), 315-330.<object-id pub-id-type="doi">10.2307/3172884</object-id>
               <fpage>315</fpage>
            </mixed-citation>
         </ref>
         <ref id="d31161e1048a1310">
            <mixed-citation id="d31161e1052" publication-type="journal">
Snyder, Rita (1989), "Misleading Characteristics of Implied-
Superiority Claims," Journal of Advertising, 18 (4),
54-61.<person-group>
                  <string-name>
                     <surname>Snyder</surname>
                  </string-name>
               </person-group>
               <issue>4</issue>
               <fpage>54</fpage>
               <volume>18</volume>
               <source>Journal of Advertising</source>
               <year>1989</year>
            </mixed-citation>
         </ref>
         <ref id="d31161e1091a1310">
            <mixed-citation id="d31161e1097" publication-type="book">
Stern, Barbara B., and Morris B. Holbrook (1994), "Gender and
Genre in the Interpretation of Advertising Text," in Gen-
der Issues and Consumer Behavior, Janeen Arnold Costa, ed.,
Thousand Oaks, CA: Sage, 11-41.<person-group>
                  <string-name>
                     <surname>Stern</surname>
                  </string-name>
               </person-group>
               <comment content-type="section">Gender and Genre in the Interpretation of Advertising Text</comment>
               <fpage>11</fpage>
               <source>Gender Issues and Consumer Behavior</source>
               <year>1994</year>
            </mixed-citation>
         </ref>
         <ref id="d31161e1135a1310">
            <mixed-citation id="d31161e1139" publication-type="book">
Tesser, Abraham (1978), "Self-Generated Attitude Change," in
Advances in Experimental Social Psychology, vol. 11, Leonard
Berkowitz, ed., New York: Academic Press, 289-338.<person-group>
                  <string-name>
                     <surname>Tesser</surname>
                  </string-name>
               </person-group>
               <comment content-type="section">Self-Generated Attitude Change</comment>
               <fpage>289</fpage>
               <volume>11</volume>
               <source>Advances in Experimental Social Psychology</source>
               <year>1978</year>
            </mixed-citation>
         </ref>
         <ref id="d31161e1177a1310">
            <mixed-citation id="d31161e1181" publication-type="journal">
Wilkie, William L., and Paul W. Farris (1975), "Comparison
Advertising: Problems and Potential," Journal of Market-
ing, 39 (October), 7-15.<object-id pub-id-type="doi">10.2307/1250590</object-id>
               <fpage>7</fpage>
            </mixed-citation>
         </ref>
         <ref id="d31161e1200a1310">
            <mixed-citation id="d31161e1204" publication-type="journal">
Wyer, Robert S., and Thomas K. Srull (1986), "Human Cognition
in Its Social Context," Psychological Review, 93 (3), 322-359.<person-group>
                  <string-name>
                     <surname>Wyer</surname>
                  </string-name>
               </person-group>
               <issue>3</issue>
               <fpage>322</fpage>
               <volume>93</volume>
               <source>Psychological Review</source>
               <year>1986</year>
            </mixed-citation>
         </ref>
         <ref id="d31161e1239a1310">
            <mixed-citation id="d31161e1243" publication-type="journal">
Yi, Youjae (1990), "The Effects of Contextual Priming in Print
Advertisements," Journal of Consumer Research, 17 (Septem-
ber), 215-222.<object-id pub-id-type="jstor">10.2307/2626813</object-id>
               <fpage>215</fpage>
            </mixed-citation>
         </ref>
         <ref id="d31161e1262a1310">
            <mixed-citation id="d31161e1266" publication-type="journal">
—(1993), "Contextual Priming Effects in Print Advertise-
ments: The Moderating Role of Prior Knowledge, "Journal
of Advertising, 22 (March), 1-10.<person-group>
                  <string-name>
                     <surname>Yi</surname>
                  </string-name>
               </person-group>
               <issue>March</issue>
               <fpage>1</fpage>
               <volume>22</volume>
               <source>Journal of Advertising</source>
               <year>1993</year>
            </mixed-citation>
         </ref>
      </ref-list>
   </back>
</article>
