<article xmlns:xsi="http://www.w3.org/2001/XMLSchema-instance"
         xmlns:xlink="http://www.w3.org/1999/xlink"
         xmlns:mml="http://www.w3.org/1998/Math/MathML"
         dtd-version="1.0"
         article-type="research-article">
   <front>
      <journal-meta>
         <journal-id journal-id-type="jstor">jadve</journal-id>
         <journal-id journal-id-type="jstor">jadve</journal-id>
         <journal-id journal-id-type="jstor">j101355</journal-id>
         <journal-title-group>
            <journal-title>Journal of Advertising</journal-title>
         </journal-title-group>
         <publisher>
            <publisher-name>Board of Directors, American Academy of Advertising</publisher-name>
         </publisher>
         <issn pub-type="ppub">00913367</issn>
         <issn pub-type="epub">15577805</issn>
      </journal-meta>
      <article-meta>
         <article-id pub-id-type="jstor">4189166</article-id>
         <title-group>
            <article-title>Is Beauty Best? Highly versus Normally Attractive Models in Advertising</article-title>
         </title-group>
         <contrib-group>
            <contrib contrib-type="author">
               <string-name>Amanda B. Bower</string-name>
            </contrib>
            <contrib contrib-type="author">
               <string-name>Stacy Landreth</string-name>
            </contrib>
         </contrib-group>
         <pub-date>
            <day>1</day>
            <month>4</month>
            <year>2001</year>
         </pub-date>
         <volume>30</volume>
         <issue>1</issue>
         <issue-id>i394111</issue-id>
         <fpage>1</fpage>
         <lpage>12</lpage>
         <page-range>1-12</page-range>
         <permissions>
            <copyright-statement>Copyright 2001 American Academy of Advertising</copyright-statement>
         </permissions>
         <self-uri xlink:href="http://www.jstor.org/stable/4189166"/>
         <abstract>
            <p>Several studies investigating the positive effects of including highly attractive models (HAMs) in advertising have failed to unilaterally support their use. This paper explores the differential effects of pairing highly versus normally attractive models with different types of attractiveness-relevant products. Contrary to past research (Kahle and Homer 1985; Kamins 1990), the results suggest that HAMS are not the most effective choice for all categories of attractiveness-relevant products. This research also explores the method by which the match between model attractiveness and product type influences advertising effectiveness. Results suggest that a match between a model and a product improves ad effectiveness not necessarily through the elicitation of product arguments from model appearance, but instead by heightening perceptions of the model's expertise about the product.</p>
         </abstract>
         <custom-meta-group>
            <custom-meta>
               <meta-name>lang</meta-name>
               <meta-value>eng</meta-value>
            </custom-meta>
         </custom-meta-group>
      </article-meta>
   </front>
   <back>
      <ref-list>
         <title>References</title>
         <ref id="d12052e124a1310">
            <mixed-citation id="d12052e128" publication-type="journal">
Baker, Michael J. and Gilbert A. Churchill Jr. (1977), &amp;apos;The Impact
of Physically Attractive Models on Advertising Evaluations,&amp;quot;
Journal of Marketing Research, 14 (November), 538-555.<object-id pub-id-type="doi">10.2307/3151194</object-id>
               <fpage>538</fpage>
            </mixed-citation>
         </ref>
         <ref id="d12052e147a1310">
            <mixed-citation id="d12052e151" publication-type="journal">
Baron, Ruben M. and David A. Kenny (1986), &amp;quot;The Moderator-
Mediator Variable Distinction in Social Psychological Research:
Conceptual, Strategic, and Statistical Consideration,&amp;quot; Jour-
nal of Personality and Social Psychology, 51 (6), 1173-1182.<person-group>
                  <string-name>
                     <surname>Baron</surname>
                  </string-name>
               </person-group>
               <issue>6</issue>
               <fpage>1173</fpage>
               <volume>51</volume>
               <source>Journal of Personality and Social Psychology</source>
               <year>1986</year>
            </mixed-citation>
         </ref>
         <ref id="d12052e192a1310">
            <mixed-citation id="d12052e196" publication-type="book">
Berscheid, Ellen (1985), &amp;quot;Interpersonal Attraction,&amp;quot; in Handbook
of Social Psychology, 3rd ed., Vol. 2, G. Lindzey and Elaine
Aronson, eds., New York: Random House, 413-484.<person-group>
                  <string-name>
                     <surname>Berscheid</surname>
                  </string-name>
               </person-group>
               <edition>3</edition>
               <comment content-type="section">Interpersonal Attraction</comment>
               <fpage>413</fpage>
               <volume>2</volume>
               <source>Handbook of Social Psychology</source>
               <year>1985</year>
            </mixed-citation>
         </ref>
         <ref id="d12052e237a1310">
            <mixed-citation id="d12052e241" publication-type="journal">
Bloch, Peter H. and Marsha L. Richins (1992), &amp;quot;You Look
&amp;apos;Mahvelous&amp;apos;: The Pursuit of Beauty and the Marketing Con-
cept,&amp;quot; Psychology and Marketing, 9 (1), 3-15.<person-group>
                  <string-name>
                     <surname>Bloch</surname>
                  </string-name>
               </person-group>
               <issue>1</issue>
               <fpage>3</fpage>
               <volume>9</volume>
               <source>Psychology and Marketing</source>
               <year>1992</year>
            </mixed-citation>
         </ref>
         <ref id="d12052e280a1310">
            <mixed-citation id="d12052e284" publication-type="book">
Byrne, D. (1969), &amp;quot;Attitudes and Attraction,&amp;quot; in Advances in Ex-
perimental Social Psychology, Vol. 4, L. Berkowitz, ed., New
York: Academic Press, 35-89.<person-group>
                  <string-name>
                     <surname>Byrne</surname>
                  </string-name>
               </person-group>
               <comment content-type="section">Attitudes and Attraction</comment>
               <fpage>35</fpage>
               <volume>4</volume>
               <source>Advances in Experimental Social Psychology</source>
               <year>1969</year>
            </mixed-citation>
         </ref>
         <ref id="d12052e322a1310">
            <mixed-citation id="d12052e326" publication-type="journal">
Caballero, Marjorie J., James R. Lumpkin, and Charles S. Madden
(1989), &amp;quot;Using Physical Attractiveness as an Advertising Tool:
An Empirical Test of the Attraction Phenomenon,&amp;quot; Journal of
Advertising Research, 29 (August/September) 16-22.<person-group>
                  <string-name>
                     <surname>Caballero</surname>
                  </string-name>
               </person-group>
               <issue>August</issue>
               <fpage>16</fpage>
               <volume>29</volume>
               <source>Journal of Advertising Research</source>
               <year>1989</year>
            </mixed-citation>
         </ref>
         <ref id="d12052e367a1310">
            <mixed-citation id="d12052e371" publication-type="journal">
- and Paul J. Solomon (1984), effects of Model Attrac-
tiveness on Sales Response,&amp;quot; Journal of Advertising, 13 (1), 17-23.<person-group>
                  <string-name>
                     <surname>Caballero</surname>
                  </string-name>
               </person-group>
               <issue>1</issue>
               <fpage>17</fpage>
               <volume>13</volume>
               <source>Journal of Advertising</source>
               <year>1984</year>
            </mixed-citation>
         </ref>
         <ref id="d12052e406a1310">
            <mixed-citation id="d12052e410" publication-type="journal">
Deshpandé, Rohit and Douglas M. Stayman (1994), &amp;quot;A Tale of Two
Cities: Distinctiveness Theory and Advertising Effectiveness,&amp;quot;
Journal of Marketing Research, 31 (February), 57-64.<object-id pub-id-type="doi">10.2307/3151946</object-id>
               <fpage>57</fpage>
            </mixed-citation>
         </ref>
         <ref id="d12052e429a1310">
            <mixed-citation id="d12052e433" publication-type="journal">
Dholakia, Ruby Roy and Brian Sternthal (1977), &amp;quot;Highly Credible
Sources: Persuasive Facilitators or Persuasive Liabilities?&amp;quot;
Journal of Consumer Research, 3 (March), 223-232.<object-id pub-id-type="jstor">10.2307/2489608</object-id>
               <fpage>223</fpage>
            </mixed-citation>
         </ref>
         <ref id="d12052e452a1310">
            <mixed-citation id="d12052e456" publication-type="journal">
Dion, Karen, Ellen Berscheid, and Elaine Walster (1972), &amp;quot;What Is
Beautiful Is Good,&amp;quot; Journal of Personality and Social Psychol-
ogy, 24 (3), 285-290.<person-group>
                  <string-name>
                     <surname>Dion</surname>
                  </string-name>
               </person-group>
               <issue>3</issue>
               <fpage>285</fpage>
               <volume>24</volume>
               <source>Journal of Personality and Social Psychology</source>
               <year>1972</year>
            </mixed-citation>
         </ref>
         <ref id="d12052e495a1310">
            <mixed-citation id="d12052e499" publication-type="journal">
Downs, A. Chris and Sheila K. Harrison (1985), &amp;quot;Embarrassing
Age Spots or Just Plain Ugly?: Physical Attractiveness Ste-
reotyping as an Instrument of Sexism on American Television
Commercials,&amp;quot; Sex Roles, 13 (1/2), 9-19.<person-group>
                  <string-name>
                     <surname>Downs</surname>
                  </string-name>
               </person-group>
               <issue>1</issue>
               <fpage>9</fpage>
               <volume>13</volume>
               <source>Sex Roles</source>
               <year>1985</year>
            </mixed-citation>
         </ref>
         <ref id="d12052e540a1310">
            <mixed-citation id="d12052e544" publication-type="journal">
Harman, Robert R. and Kenneth A. Coney (1982), &amp;apos;The Persuasive
Effects of Source Credibility in Buy and Lease Situations,&amp;quot;
Journal of Marketing Research, 19 (May), 255-260.<person-group>
                  <string-name>
                     <surname>Harman</surname>
                  </string-name>
               </person-group>
               <issue>May</issue>
               <fpage>255</fpage>
               <volume>19</volume>
               <source>Journal of Marketing Research</source>
               <year>1982</year>
            </mixed-citation>
         </ref>
         <ref id="d12052e582a1310">
            <mixed-citation id="d12052e586" publication-type="book">
Hovland, Carl L, Irving L. Janis, and Harold H. Kelley (1953), Commu-
nication and Persuasion, New Haven, CT: Yale University Press.<person-group>
                  <string-name>
                     <surname>Hovland</surname>
                  </string-name>
               </person-group>
               <source>Communication and Persuasion</source>
               <year>1953</year>
            </mixed-citation>
         </ref>
         <ref id="d12052e611a1310">
            <mixed-citation id="d12052e615" publication-type="journal">
Joseph, W. Benoy ( 1982), &amp;quot;The Credibility of Physically Attractive Com-
municators: A Review,&amp;quot; Journal of Advertising, 11 (3), 15-24.<person-group>
                  <string-name>
                     <surname>Joseph</surname>
                  </string-name>
               </person-group>
               <issue>3</issue>
               <fpage>15</fpage>
               <volume>11</volume>
               <source>Journal of Advertising</source>
               <year>1982</year>
            </mixed-citation>
         </ref>
         <ref id="d12052e650a1310">
            <mixed-citation id="d12052e654" publication-type="journal">
Kahle, Lynn R. and Pamela M. Homer (1985), &amp;quot;Physical Attractive-
ness of the Celebrity Endorser: A Social Adaptation Perspec-
tive,&amp;quot; Journal of Consumer Research, 11 (March), 954-961.<object-id pub-id-type="jstor">10.2307/2489220</object-id>
               <fpage>954</fpage>
            </mixed-citation>
         </ref>
         <ref id="d12052e673a1310">
            <mixed-citation id="d12052e677" publication-type="journal">
Kamins, Michael A. (1990), &amp;quot;An Investigation into the &amp;apos;Match-Up&amp;apos;
Hypothesis in Celebrity Advertising: When Beauty May Be
Only Skin Deep,&amp;quot; Journal of Advertising, 19 (1), 4-13.<person-group>
                  <string-name>
                     <surname>Kamins</surname>
                  </string-name>
               </person-group>
               <issue>1</issue>
               <fpage>4</fpage>
               <volume>19</volume>
               <source>Journal of Advertising</source>
               <year>1990</year>
            </mixed-citation>
         </ref>
         <ref id="d12052e716a1310">
            <mixed-citation id="d12052e720" publication-type="journal">
Kanner, Bernice (1994), &amp;quot;Plump Sells: Ads&amp;apos; Plain Faces a Bid to Connect
with Customers,&amp;quot; The Charlotte Observer, (December 20), D 1,8.<person-group>
                  <string-name>
                     <surname>Kanner</surname>
                  </string-name>
               </person-group>
               <issue>December 20</issue>
               <fpage>D 1</fpage>
               <source>The Charlotte Observer</source>
               <year>1994</year>
            </mixed-citation>
         </ref>
         <ref id="d12052e752a1310">
            <mixed-citation id="d12052e756" publication-type="book">
Kelley, Harold H. (1972), &amp;quot;Causal Schemata and the Attribution
Process,&amp;quot; in Attribution: Perceiving the Causes of Behavior, E.
E. Jones, D. E. Kanouse, Harold H. Kelley, R. E. Nisbett, S.
Valins, and B. Winer, eds., Morristown, NJ: General Learn-
ing Press, 151-174.<person-group>
                  <string-name>
                     <surname>Kelley</surname>
                  </string-name>
               </person-group>
               <comment content-type="section">Causal Schemata and the Attribution Process</comment>
               <fpage>151</fpage>
               <source>Attribution: Perceiving the Causes of Behavior</source>
               <year>1972</year>
            </mixed-citation>
         </ref>
         <ref id="d12052e797a1310">
            <mixed-citation id="d12052e801" publication-type="journal">
Lynch, James and Drue Schüler (1994), &amp;apos;The Matchup Effect of
Spokesperson and Product Congruence: A Schema Theory
Interpretation,&amp;quot; Psychology and Marketing, 11 (5), 417-445.<person-group>
                  <string-name>
                     <surname>Lynch</surname>
                  </string-name>
               </person-group>
               <issue>5</issue>
               <fpage>417</fpage>
               <volume>11</volume>
               <source>Psychology and Marketing</source>
               <year>1994</year>
            </mixed-citation>
         </ref>
         <ref id="d12052e839a1310">
            <mixed-citation id="d12052e843" publication-type="journal">
Maddux, James E. and Ronald W. Rogers (1980), &amp;quot;Effects of Source
Expertness, Physical Attractiveness, and Supporting Argu-
ments on Persuasion: A Case of Brains over Beauty,&amp;quot; Journal
of Personality and Social Psychology, 39 (2), 235-244.<person-group>
                  <string-name>
                     <surname>Maddux</surname>
                  </string-name>
               </person-group>
               <issue>2</issue>
               <fpage>235</fpage>
               <volume>39</volume>
               <source>Journal of Personality and Social Psychology</source>
               <year>1980</year>
            </mixed-citation>
         </ref>
         <ref id="d12052e884a1310">
            <mixed-citation id="d12052e888" publication-type="book">
McQuarrie, Edward F. and J. Michael Munson (1991), &amp;quot;A Revised
Product Involvement Inventory: Improved Usability and Va-
lidity,&amp;quot; in Advances in Consumer Research, Vol. 19, John F.
Sherry and Brain Stern thai, eds., Provo, UT: Association for
Consumer Research, 108-115.<person-group>
                  <string-name>
                     <surname>McQuarrie</surname>
                  </string-name>
               </person-group>
               <comment content-type="section">A Revised Product Involvement Inventory: Improved Usability and Validity</comment>
               <fpage>108</fpage>
               <volume>19</volume>
               <source>Advances in Consumer Research</source>
               <year>1991</year>
            </mixed-citation>
         </ref>
         <ref id="d12052e932a1310">
            <mixed-citation id="d12052e936" publication-type="journal">
Miller, Arthur G. (1970), &amp;quot;Role of Physical Attractiveness in Im-
pression Formation,&amp;quot; Psychonomic Science, 19 (4), 241-243.<person-group>
                  <string-name>
                     <surname>Miller</surname>
                  </string-name>
               </person-group>
               <issue>4</issue>
               <fpage>241</fpage>
               <volume>19</volume>
               <source>Psychonomic Science</source>
               <year>1970</year>
            </mixed-citation>
         </ref>
         <ref id="d12052e972a1310">
            <mixed-citation id="d12052e976" publication-type="journal">
Miniard, Paul W., Sunil Bhatla, Kenneth R. Lord, Peter R. Dickson,
and H. Rao Unnava (1991), &amp;quot;Picture-Based Persuasion Pro-
cesses and the Moderating Role of Involvement,&amp;quot; Journal of
Consumer Research, 18 (June), 92-107.<object-id pub-id-type="jstor">10.2307/2489488</object-id>
               <fpage>92</fpage>
            </mixed-citation>
         </ref>
         <ref id="d12052e999a1310">
            <mixed-citation id="d12052e1003" publication-type="journal">
Mitchell, Andrew A. and Jerry C. Olson (1981), &amp;quot;Are Product Attribute
Beliefs the Only Mediator of Advertising Effects on Brand Atti-
tudes?&amp;quot; Journal of Marketing Research, 18 (August), 318-332.<object-id pub-id-type="doi">10.2307/3150973</object-id>
               <fpage>318</fpage>
            </mixed-citation>
         </ref>
         <ref id="d12052e1022a1310">
            <mixed-citation id="d12052e1026" publication-type="journal">
Ohanian, Roobina (1990), &amp;quot;Construction and Validation of a Scale to
Measure Celebrity Endorsers&amp;apos; Perceived Expertise, Trustworthi-
ness, and Attractiveness,&amp;quot; Journal of Advertising, 19 (3), 39-53.<person-group>
                  <string-name>
                     <surname>Ohanian</surname>
                  </string-name>
               </person-group>
               <issue>3</issue>
               <fpage>39</fpage>
               <volume>19</volume>
               <source>Journal of Advertising</source>
               <year>1990</year>
            </mixed-citation>
         </ref>
         <ref id="d12052e1064a1310">
            <mixed-citation id="d12052e1068" publication-type="book">
O&amp;apos;Keefe, Daniel J. (1990), Persuasion Theory and Research,
Newbury Park, CA: Sage Publications.<person-group>
                  <string-name>
                     <surname>O&amp;apos;Keefe</surname>
                  </string-name>
               </person-group>
               <source>Persuasion Theory and Research</source>
               <year>1990</year>
            </mixed-citation>
         </ref>
         <ref id="d12052e1093a1310">
            <mixed-citation id="d12052e1097" publication-type="journal">
Park, C. Whan and S. Mark Young (1986), &amp;quot;Consumer Response to
Television Commercials: The Impact of Involvement and Back-
ground Music on Brand Attitude Formation,&amp;quot; Journal of Mar-
keting Research, 23 (1), 11-24.<object-id pub-id-type="doi">10.2307/3151772</object-id>
               <fpage>11</fpage>
            </mixed-citation>
         </ref>
         <ref id="d12052e1120a1310">
            <mixed-citation id="d12052e1124" publication-type="journal">
Patzer, Gordon L. (1983), &amp;quot;Source Credibility as a Function of
Communicator Physical Attractiveness,&amp;quot; Journal of Business
Research, 11 (2), 229-241.<person-group>
                  <string-name>
                     <surname>Patzer</surname>
                  </string-name>
               </person-group>
               <issue>2</issue>
               <fpage>229</fpage>
               <volume>11</volume>
               <source>Journal of Business Research</source>
               <year>1983</year>
            </mixed-citation>
         </ref>
         <ref id="d12052e1163a1310">
            <mixed-citation id="d12052e1167" publication-type="journal">
Peterson, Robert A. and Roger A. Kerin (1977), &amp;quot;The Female Role
in Advertisements: Some Experimental Evidence,&amp;quot; Journal
of Marketing, 41 (October), 59-63.<object-id pub-id-type="doi">10.2307/1250235</object-id>
               <fpage>59</fpage>
            </mixed-citation>
         </ref>
         <ref id="d12052e1186a1310">
            <mixed-citation id="d12052e1190" publication-type="book">
Petty, Richard E. and John T. Cacioppo (1980), &amp;quot;Effects of Issue Involve-
ment on Attitudes in an Advertising Context,&amp;quot; in Proceedings of the
Division 23 Program, G. G. Gorn and M. E. Goldberg, eds., Montreal:
American Psychological Association, 75-79.<person-group>
                  <string-name>
                     <surname>Petty</surname>
                  </string-name>
               </person-group>
               <comment content-type="section">Effects of Issue Involvement on Attitudes in an Advertising Context</comment>
               <fpage>75</fpage>
               <source>Proceedings of the Division 23 Program</source>
               <year>1980</year>
            </mixed-citation>
         </ref>
         <ref id="d12052e1228a1310">
            <mixed-citation id="d12052e1232" publication-type="journal">
- ,-, Constantine Sedikides, and Alan J.
Strathman (1988), &amp;quot;Affect and Persuasion: A Contemporary
Perspective,&amp;quot; American Behavioral Scientist, 31 (3), 355-371.<person-group>
                  <string-name>
                     <surname>Petty</surname>
                  </string-name>
               </person-group>
               <issue>3</issue>
               <fpage>355</fpage>
               <volume>31</volume>
               <source>American Behavioral Scientist</source>
               <year>1988</year>
            </mixed-citation>
         </ref>
         <ref id="d12052e1270a1310">
            <mixed-citation id="d12052e1274" publication-type="journal">
Richins, Marsha ( 1991), &amp;quot;Social Comparison and the Idealized Images of
Advertising,&amp;quot; Journal of Consumer Research, 18 (June), 71-83.<object-id pub-id-type="jstor">10.2307/2489486</object-id>
               <fpage>71</fpage>
            </mixed-citation>
         </ref>
         <ref id="d12052e1290a1310">
            <mixed-citation id="d12052e1294" publication-type="journal">
Rossiter, John R. and L. Percy (1980), &amp;quot;Attitude Change Through Visual
Imagery in Advertising,&amp;quot; Journal of Advertising, 9 (2), 10-16.<person-group>
                  <string-name>
                     <surname>Rossiter</surname>
                  </string-name>
               </person-group>
               <issue>2</issue>
               <fpage>10</fpage>
               <volume>9</volume>
               <source>Journal of Advertising</source>
               <year>1980</year>
            </mixed-citation>
         </ref>
         <ref id="d12052e1329a1310">
            <mixed-citation id="d12052e1333" publication-type="journal">
Simons, H. W., N. N. Berkowitz, and R. J. Moyer (1970), &amp;quot;Similar-
ity, Credibility and Attitude Change: A Review and a Theory,&amp;quot;
Psychological Bulletin, 73 (1), 1-16.<person-group>
                  <string-name>
                     <surname>Simons</surname>
                  </string-name>
               </person-group>
               <issue>1</issue>
               <fpage>1</fpage>
               <volume>73</volume>
               <source>Psychological Bulletin</source>
               <year>1970</year>
            </mixed-citation>
         </ref>
         <ref id="d12052e1372a1310">
            <mixed-citation id="d12052e1376" publication-type="journal">
Solomon, Michael R., Richard D. Ashmore, and Laura C. Longo
(1992), &amp;apos;The Beauty Match-Up Hypothesis: Congruence Be-
tween Types of Beauty and Product Images in Advertising,&amp;quot;
Journal of Advertising, 21 (December), 23-34.<person-group>
                  <string-name>
                     <surname>Solomon</surname>
                  </string-name>
               </person-group>
               <issue>December</issue>
               <fpage>23</fpage>
               <volume>21</volume>
               <source>Journal of Advertising</source>
               <year>1992</year>
            </mixed-citation>
         </ref>
         <ref id="d12052e1417a1310">
            <mixed-citation id="d12052e1421" publication-type="journal">
Sternthal, Brian, Ruby Dholakia, and Clark Leavitt (1978), &amp;apos;The Per-
suasive Effect of Source Credibility: A Test of Cognitive Response
Analysis,&amp;quot; Journal of Consumer Research, 4 (March), 252-260.<object-id pub-id-type="jstor">10.2307/2488816</object-id>
               <fpage>252</fpage>
            </mixed-citation>
         </ref>
         <ref id="d12052e1440a1310">
            <mixed-citation id="d12052e1444" publication-type="journal">
Striegel-Moore, Ruth H., Lisa R. Silberstein, and Judith Rodin
(1986), &amp;apos;Towards an Understanding of Risk Factors for Bu-
limia,&amp;quot; American Psychologist, 41 (3), 246-263.<person-group>
                  <string-name>
                     <surname>Striegel-Moore</surname>
                  </string-name>
               </person-group>
               <issue>3</issue>
               <fpage>246</fpage>
               <volume>41</volume>
               <source>American Psychologist</source>
               <year>1986</year>
            </mixed-citation>
         </ref>
         <ref id="d12052e1482a1310">
            <mixed-citation id="d12052e1486" publication-type="journal">
Walster, Elaine H., Vera Aronson, Darcy Abrahams, and Leon
Rottman (1966), &amp;quot;Importance of Physical Attractiveness in
Dating Behavior,&amp;quot; Journal of Personality and Social Psychol-
ogy, 4 (November), 508-516.<person-group>
                  <string-name>
                     <surname>Walster</surname>
                  </string-name>
               </person-group>
               <issue>November</issue>
               <fpage>508</fpage>
               <volume>4</volume>
               <source>Journal of Personality and Social Psychology</source>
               <year>1966</year>
            </mixed-citation>
         </ref>
      </ref-list>
   </back>
</article>
