<article xmlns:xsi="http://www.w3.org/2001/XMLSchema-instance"
         xmlns:xlink="http://www.w3.org/1999/xlink"
         xmlns:mml="http://www.w3.org/1998/Math/MathML"
         dtd-version="1.0"
         article-type="research-article">
   <front>
      <journal-meta>
         <journal-id journal-id-type="jstor">jadve</journal-id>
         <journal-id journal-id-type="jstor">jadve</journal-id>
         <journal-id journal-id-type="jstor">j101355</journal-id>
         <journal-title-group>
            <journal-title>Journal of Advertising</journal-title>
         </journal-title-group>
         <publisher>
            <publisher-name>Board of Directors, American Academy of Advertising</publisher-name>
         </publisher>
         <issn pub-type="ppub">00913367</issn>
         <issn pub-type="epub">15577805</issn>
      </journal-meta>
      <article-meta>
         <article-id pub-id-type="jstor">4189019</article-id>
         <title-group>
            <article-title>Business Advertising Appeals as a Mirror of Cultural Dimensions: A Study of Eleven Countries</article-title>
         </title-group>
         <contrib-group>
            <contrib contrib-type="author">
               <string-name>Nancy D. Albers-Miller</string-name>
            </contrib>
            <contrib contrib-type="author">
               <string-name>
                  <given-names>Betsy D.</given-names>
                  <surname>Gelb</surname>
               </string-name>
            </contrib>
         </contrib-group>
         <pub-date>
            <day>1</day>
            <month>12</month>
            <year>1996</year>
         </pub-date>
         <volume>25</volume>
         <issue>4</issue>
         <issue-id>i394094</issue-id>
         <fpage>57</fpage>
         <lpage>70</lpage>
         <page-range>57-70</page-range>
         <permissions>
            <copyright-statement>Copyright 1996 American Academy of Advertising</copyright-statement>
         </permissions>
         <self-uri xlink:href="http://www.jstor.org/stable/4189019"/>
         <abstract>
            <p>Across cultures, do systematic differences in advertising content mirror predictable differences in the cultures themselves? The authors designed a study to shed light on that question, using Hofstede's cultural model as a tool for analyzing cultures and using advertising appeals identified by Pollay. After coding advertisements in business publications from 11 countries for the appeals employed, they computed correlation coefficients relating the proportional use of each appeal and Hofstede's cultural dimensions: individualism, uncertainty avoidance, power distance, and masculinity. The culture-reflecting quality of advertising was supported for 10 of 30 hypothesized relationships, and for an additional eight after removal of outliers from the data.</p>
         </abstract>
         <custom-meta-group>
            <custom-meta>
               <meta-name>lang</meta-name>
               <meta-value>eng</meta-value>
            </custom-meta>
         </custom-meta-group>
      </article-meta>
   </front>
   <back>
      <ref-list>
         <title>References</title>
         <ref id="d9107e130a1310">
            <mixed-citation id="d9107e134" publication-type="journal">
Andrews, J. Craig, Srinivas Durvasula, and Richard G. Netemeyer
(1994), Testing the Cross-National Applicability of U.S. and
Russian Advertising Belief and Attitude Measures," Journal
of Advertising, 23 (1), 71-82.<person-group>
                  <string-name>
                     <surname>Andrews</surname>
                  </string-name>
               </person-group>
               <issue>1</issue>
               <fpage>71</fpage>
               <volume>23</volume>
               <source>Journal of Advertising</source>
               <year>1994</year>
            </mixed-citation>
         </ref>
         <ref id="d9107e175a1310">
            <mixed-citation id="d9107e179" publication-type="journal">
Biswas, Abhijit, Janeen E. Olsen, and Valerie Carlet (1992), "A
Comparison of Print Advertisements from the United States
and France," Journal of Advertising21 (4), 73-81.<person-group>
                  <string-name>
                     <surname>Biswas</surname>
                  </string-name>
               </person-group>
               <issue>4</issue>
               <fpage>73</fpage>
               <volume>21</volume>
               <source>Journal of Advertising</source>
               <year>1992</year>
            </mixed-citation>
         </ref>
         <ref id="d9107e217a1310">
            <mixed-citation id="d9107e221" publication-type="journal">
Caillat, Zahna and Barbara Mueller (1996), The Influence of Cul-
ture on American and British Advertising: An Exploratory
Comparison of Beer Advertising," Journal of Advertising Re-
search36 (3), 27-45.<person-group>
                  <string-name>
                     <surname>Caillat</surname>
                  </string-name>
               </person-group>
               <issue>3</issue>
               <fpage>27</fpage>
               <volume>36</volume>
               <source>Journal of Advertising Research</source>
               <year>1996</year>
            </mixed-citation>
         </ref>
         <ref id="d9107e262a1310">
            <mixed-citation id="d9107e266" publication-type="journal">
Cheng, Hong and John C. Schweitzer (1996), "Cultural Values
Reflected in Chinese and U.S. Televisions Commercials," Jour-
nal of Advertising Research36 (3), 27-45.<person-group>
                  <string-name>
                     <surname>Cheng</surname>
                  </string-name>
               </person-group>
               <issue>3</issue>
               <fpage>27</fpage>
               <volume>36</volume>
               <source>Journal of Advertising Research</source>
               <year>1996</year>
            </mixed-citation>
         </ref>
         <ref id="d9107e305a1310">
            <mixed-citation id="d9107e309" publication-type="journal">
Culter, Bob D. and Rajshekhar G. Javalgi (1992), "A Cross-Cul-
tural Analysis of the Visual Components of Print Advertising:
The United States and the European Community," Journal of
Advertising Research, 32 (January/February), 71-80.<person-group>
                  <string-name>
                     <surname>Culter</surname>
                  </string-name>
               </person-group>
               <issue>January</issue>
               <fpage>71</fpage>
               <volume>32</volume>
               <source>Journal of Advertising Research</source>
               <year>1992</year>
            </mixed-citation>
         </ref>
         <ref id="d9107e350a1310">
            <mixed-citation id="d9107e354" publication-type="journal">
di Benedetto, C. Anthony, Mariko Tamate, and Rajan Chandran
(1992), "Developing Creative Advertising Strategy for the Japa-
nese Marketplace," Journal of Advertising Research, 32 (Janu-
ary/February), 39-48.<person-group>
                  <string-name>
                     <surname>di Benedetto</surname>
                  </string-name>
               </person-group>
               <issue>January</issue>
               <fpage>39</fpage>
               <volume>32</volume>
               <source>Journal of Advertising Research</source>
               <year>1992</year>
            </mixed-citation>
         </ref>
         <ref id="d9107e395a1310">
            <mixed-citation id="d9107e399" publication-type="book">
Gale International Directory of Publications (1989-1990), First Edi-
tion, Kay Gill and Darren L. Smith, eds., Detroit: Gale Re-
search, Inc.<person-group>
                  <string-name>
                     <surname>Gill</surname>
                  </string-name>
               </person-group>
               <edition>1</edition>
               <source>Gale International Directory of Publications</source>
               <year>1989</year>
            </mixed-citation>
         </ref>
         <ref id="d9107e431a1310">
            <mixed-citation id="d9107e435" publication-type="book">
Hall, Edward T. (1976), Beyond Culture, New York: Anchor Press
Doubleday.<person-group>
                  <string-name>
                     <surname>Hall</surname>
                  </string-name>
               </person-group>
               <source>Beyond Culture</source>
               <year>1976</year>
            </mixed-citation>
         </ref>
         <ref id="d9107e460a1310">
            <mixed-citation id="d9107e464" publication-type="book">
-and Mildred Reed Hall (1987), Hidden Differences:
Doing Business with the Japanese, New York: Anchor Press.<person-group>
                  <string-name>
                     <surname>Hall</surname>
                  </string-name>
               </person-group>
               <source>Hidden Differences: Doing Business with the Japanese</source>
               <year>1987</year>
            </mixed-citation>
         </ref>
         <ref id="d9107e489a1310">
            <mixed-citation id="d9107e493" publication-type="book">
Hofstede, Geert (1980), Culture's Consequences: International Dif-
ferences in Work-Related Value, Beverly Hills, CA.: Sage Pub-
lications.<person-group>
                  <string-name>
                     <surname>Hofstede</surname>
                  </string-name>
               </person-group>
               <source>Culture's Consequences: International Differences in Work-Related Value</source>
               <year>1980</year>
            </mixed-citation>
         </ref>
         <ref id="d9107e523a1310">
            <mixed-citation id="d9107e527" publication-type="book">
-(1991), Cultures and Organizations: Software of the
Mind, London: McGraw-Hill Book Company.<person-group>
                  <string-name>
                     <surname>Hofstede</surname>
                  </string-name>
               </person-group>
               <source>Cultures and Organizations: Software of the Mind</source>
               <year>1991</year>
            </mixed-citation>
         </ref>
         <ref id="d9107e552a1310">
            <mixed-citation id="d9107e556" publication-type="journal">
- (1994), "Management Scientists Are Human," Man-
agement Science, 40 (1), 4-13.<object-id pub-id-type="jstor">10.2307/2632841</object-id>
               <fpage>4</fpage>
            </mixed-citation>
         </ref>
         <ref id="d9107e572a1310">
            <mixed-citation id="d9107e576" publication-type="journal">
Hong, Jae W., Ay din Muderrisoglu, and George M. Zinkhan (1987),
"Cultural Differences and Advertising Expression: A Com-
parative Content Analysis of Japanese and U. S. Magazine
Advertising," Journal of Advertising, 16 (1), 55-68.<person-group>
                  <string-name>
                     <surname>Hong</surname>
                  </string-name>
               </person-group>
               <issue>1</issue>
               <fpage>55</fpage>
               <volume>16</volume>
               <source>Journal of Advertising</source>
               <year>1987</year>
            </mixed-citation>
         </ref>
         <ref id="d9107e617a1310">
            <mixed-citation id="d9107e621" publication-type="journal">
Kassarjian, Harold H. (1977), "Content Analysis in Consumer Re-
search," Journal of Consumer Research, 4 (June), 8-18.<object-id pub-id-type="jstor">10.2307/2488631</object-id>
               <fpage>8</fpage>
            </mixed-citation>
         </ref>
         <ref id="d9107e637a1310">
            <mixed-citation id="d9107e641" publication-type="journal">
Kolbe, Richard H. and Melissa S. Burnett (1991), "Content-Analy-
sis Research: An Examination of Applications with Directives
for Improving Research Reliability and Objectivity," Journal
of Consumer Research, 18 (September), 243-250.<object-id pub-id-type="jstor">10.2307/2489559</object-id>
               <fpage>243</fpage>
            </mixed-citation>
         </ref>
         <ref id="d9107e664a1310">
            <mixed-citation id="d9107e668" publication-type="journal">
Madden, Charles S, Marjorie J. Caballero, and Shinya Matsukubo
(1986), "Analysis of Information Content in U.S. and Japa-
nese Magazine Advertising," Journal of Advertising, 15 (3),
38-45.<person-group>
                  <string-name>
                     <surname>Madden</surname>
                  </string-name>
               </person-group>
               <issue>3</issue>
               <fpage>38</fpage>
               <volume>15</volume>
               <source>Journal of Advertising</source>
               <year>1986</year>
            </mixed-citation>
         </ref>
         <ref id="d9107e710a1310">
            <mixed-citation id="d9107e714" publication-type="journal">
Martenson, Rita (1987), "Advertising Strategies and Information
Content in American and Swedish Advertising: A Compara-
tive Content Analysis in Cross-Culturai Copy Research," In-
ternational Journal of Advertising, 6 (2), 133-144.<person-group>
                  <string-name>
                     <surname>Martenson</surname>
                  </string-name>
               </person-group>
               <issue>2</issue>
               <fpage>133</fpage>
               <volume>6</volume>
               <source>International Journal of Advertising</source>
               <year>1987</year>
            </mixed-citation>
         </ref>
         <ref id="d9107e755a1310">
            <mixed-citation id="d9107e759" publication-type="journal">
Mueller, Barbara (1987), "Reflections of Culture: An Analysis of
Japanese and American Advertising Appeals," Journal of Ad-
vertising Research, (June/July), 51-59.<person-group>
                  <string-name>
                     <surname>Mueller</surname>
                  </string-name>
               </person-group>
               <issue>June</issue>
               <fpage>51</fpage>
               <source>Journal of Advertising Research</source>
               <year>1987</year>
            </mixed-citation>
         </ref>
         <ref id="d9107e794a1310">
            <mixed-citation id="d9107e798" publication-type="journal">
-(1992), "Standardization vs. Specialization: An Ex-
amination of Westernization in Japanese Advertising," Jour-
nal of Advertising Research, 32 (January/February), 15-24.<person-group>
                  <string-name>
                     <surname>Mueller</surname>
                  </string-name>
               </person-group>
               <issue>January</issue>
               <fpage>15</fpage>
               <volume>32</volume>
               <source>Journal of Advertising Research</source>
               <year>1992</year>
            </mixed-citation>
         </ref>
         <ref id="d9107e836a1310">
            <mixed-citation id="d9107e840" publication-type="journal">
Perreault, William D., Jr. and Laurence E. Leigh (1989), "Reliabil-
ity of Nominal Data Based on Qualitative Judgements," Jour-
nal of Marketing Research, 26 (May), 135-148.<object-id pub-id-type="doi">10.2307/3172601</object-id>
               <fpage>135</fpage>
            </mixed-citation>
         </ref>
         <ref id="d9107e859a1310">
            <mixed-citation id="d9107e863" publication-type="book">
Pollay, Richard W. (1983), "Measuring the Cultural Values Mani-
fest in Advertising," in Current Issues and Research in Adver-
tising, James H. Leigh and Claude R. Martin, Jr., eds., Ann
Arbor: Graduate School of Business, Division of Research,
University of Michigan, 72-92.<person-group>
                  <string-name>
                     <surname>Pollay</surname>
                  </string-name>
               </person-group>
               <comment content-type="section">Measuring the Cultural Values Manifest in Advertising</comment>
               <fpage>72</fpage>
               <source>Current Issues and Research in Advertising</source>
               <year>1983</year>
            </mixed-citation>
         </ref>
         <ref id="d9107e904a1310">
            <mixed-citation id="d9107e908" publication-type="journal">
- (1985) "The Subsiding Sizzle: A Descriptive His-
tory of Print Advertising, 1900-1980," Journal of Marketing,
49 (Summer), 24-37.<object-id pub-id-type="doi">10.2307/1251613</object-id>
               <fpage>24</fpage>
            </mixed-citation>
         </ref>
         <ref id="d9107e928a1310">
            <mixed-citation id="d9107e932" publication-type="journal">
Ramaprasad, Jyotika and Kazumi Hasegawa (1992), "Creative
Strategies in American and Japanese TV Commercials: A
Comparison," Journal of Advertising Research, 32 (January/
February), 59-70.<person-group>
                  <string-name>
                     <surname>Ramaprasad</surname>
                  </string-name>
               </person-group>
               <issue>January</issue>
               <fpage>59</fpage>
               <volume>32</volume>
               <source>Journal of Advertising Research</source>
               <year>1992</year>
            </mixed-citation>
         </ref>
         <ref id="d9107e973a1310">
            <mixed-citation id="d9107e977" publication-type="journal">
Rice, Marshall D. and Zaiming Lu (1988), "A Content Analysis of
Chinese Magazine Advertisements," Journal of Advertising,
17 (4), 43-48.<person-group>
                  <string-name>
                     <surname>Rice</surname>
                  </string-name>
               </person-group>
               <issue>4</issue>
               <fpage>43</fpage>
               <volume>17</volume>
               <source>Journal of Advertising</source>
               <year>1988</year>
            </mixed-citation>
         </ref>
         <ref id="d9107e1015a1310">
            <mixed-citation id="d9107e1019" publication-type="journal">
Roth, Martin S. (1992), "Depth Versus Breadth Strategies for Glo-
bal Brand Image Management," Journal of Advertising, 21
(2), 25-36.<person-group>
                  <string-name>
                     <surname>Roth</surname>
                  </string-name>
               </person-group>
               <issue>2</issue>
               <fpage>25</fpage>
               <volume>21</volume>
               <source>Journal of Advertising</source>
               <year>1992</year>
            </mixed-citation>
         </ref>
         <ref id="d9107e1057a1310">
            <mixed-citation id="d9107e1061" publication-type="journal">
Sayre, Shay (1994), "Images of Freedom and Equality: A Values
Analysis of Hungarian Political Commercials," Journal of
Advertising, 23 (1), 97-110.<person-group>
                  <string-name>
                     <surname>Sayre</surname>
                  </string-name>
               </person-group>
               <issue>1</issue>
               <fpage>97</fpage>
               <volume>23</volume>
               <source>Journal of Advertising</source>
               <year>1994</year>
            </mixed-citation>
         </ref>
         <ref id="d9107e1099a1310">
            <mixed-citation id="d9107e1103" publication-type="book">
Schwartz, Shalom H. (1992), "Universals in the Content and Struc-
ture of Values: Theoretical Advances and Empirical Tests in
20 Countries," in Advances in Experimental Social Psychol-
ogy, Mark P. Zanna, ed., San Diego: Academic Press, Inc. 1-
65.<person-group>
                  <string-name>
                     <surname>Schwartz</surname>
                  </string-name>
               </person-group>
               <comment content-type="section">Universals in the Content and Structure of Values: Theoretical Advances and Empirical Tests in 20 Countries</comment>
               <fpage>1</fpage>
               <source>Advances in Experimental Social Psychology</source>
               <year>1992</year>
            </mixed-citation>
         </ref>
         <ref id="d9107e1144a1310">
            <mixed-citation id="d9107e1148" publication-type="journal">
Tansey, Richard, Michael R. Hyman, and George M. Zinkhan (1990),
"Cultural Themes in Brazilian and U.S. Auto Ads: A Cross-
Cultural Comparison," Journal of Advertising, 19 (2), 30-39.<person-group>
                  <string-name>
                     <surname>Tansey</surname>
                  </string-name>
               </person-group>
               <issue>2</issue>
               <fpage>30</fpage>
               <volume>19</volume>
               <source>Journal of Advertising</source>
               <year>1990</year>
            </mixed-citation>
         </ref>
         <ref id="d9107e1187a1310">
            <mixed-citation id="d9107e1191" publication-type="book">
Triandis, Harry C. (1990), "Cross-Cultural Studies of Individual-
ism and Collectivism," in Cross-Cultural Perspectives, John
Berman, ed., Lincoln: University of Nebraska Press, 41-121.<person-group>
                  <string-name>
                     <surname>Triandis</surname>
                  </string-name>
               </person-group>
               <comment content-type="section">Cross-Cultural Studies of Individualism and Collectivism</comment>
               <fpage>41</fpage>
               <source>Cross-Cultural Perspectives</source>
               <year>1990</year>
            </mixed-citation>
         </ref>
         <ref id="d9107e1226a1310">
            <mixed-citation id="d9107e1230" publication-type="journal">
Tse, David K., Russell W. Belk, and Nan Zhou (1989), "Becoming a
Consumer Society: A Longitudinal and Cross-Cultural Con-
tent Analysis of Print Ads from Hong Kong, the People's Re-
public of China and Taiwan," Journal of Consumer Research,
15 (March), 457-472.<object-id pub-id-type="jstor">10.2307/2489542</object-id>
               <fpage>457</fpage>
            </mixed-citation>
         </ref>
         <ref id="d9107e1256a1310">
            <mixed-citation id="d9107e1260" publication-type="book">
Ulrich's International Periodicals Directory (1992), New York: R.
R. Bowker.<source>Ulrich's International Periodicals Directory</source>
               <year>1992</year>
            </mixed-citation>
         </ref>
         <ref id="d9107e1276a1310">
            <mixed-citation id="d9107e1280" publication-type="journal">
Weinberger, Marc G. and Harlan E. Spotts (1989), "Humor in U.S.
versus U.K. TV Commercials: A Comparison," Journal of Ad-
vertising, 18 (2), 39-44.<person-group>
                  <string-name>
                     <surname>Weinberger</surname>
                  </string-name>
               </person-group>
               <issue>2</issue>
               <fpage>39</fpage>
               <volume>18</volume>
               <source>Journal of Advertising</source>
               <year>1989</year>
            </mixed-citation>
         </ref>
         <ref id="d9107e1318a1310">
            <mixed-citation id="d9107e1322" publication-type="journal">
Wells, Ludmilla Gricenko (1994), "Western Concepts, Russian Per-
spectives: Meanings of Advertising in the Former Soviet
Union," Journal of Advertising, 23 (1), 83-95.<person-group>
                  <string-name>
                     <surname>Wells</surname>
                  </string-name>
               </person-group>
               <issue>1</issue>
               <fpage>83</fpage>
               <volume>23</volume>
               <source>Journal of Advertising</source>
               <year>1994</year>
            </mixed-citation>
         </ref>
         <ref id="d9107e1360a1310">
            <mixed-citation id="d9107e1364" publication-type="journal">
Zandpour, Fred, Cypress Chang, and Joëlle Catalano (1992), "Sto-
ries, Symbols, and Straight Talk: A Comparative Analysis of
French, Taiwanese and U.S. TV Commercials," Journal of
Advertising Research, 32 (January/February), 25-38.<person-group>
                  <string-name>
                     <surname>Zandpour</surname>
                  </string-name>
               </person-group>
               <issue>January</issue>
               <fpage>25</fpage>
               <volume>32</volume>
               <source>Journal of Advertising Research</source>
               <year>1992</year>
            </mixed-citation>
         </ref>
         <ref id="d9107e1406a1310">
            <mixed-citation id="d9107e1410" publication-type="journal">
Zinkhan, George M. (1994), "International Advertising: A Research
Agenda," Journal of Advertising, 23 (1), 11-16.<person-group>
                  <string-name>
                     <surname>Zinkhan</surname>
                  </string-name>
               </person-group>
               <issue>1</issue>
               <fpage>11</fpage>
               <volume>23</volume>
               <source>Journal of Advertising</source>
               <year>1994</year>
            </mixed-citation>
         </ref>
      </ref-list>
   </back>
</article>
