<article xmlns:xsi="http://www.w3.org/2001/XMLSchema-instance"
         xmlns:xlink="http://www.w3.org/1999/xlink"
         xmlns:mml="http://www.w3.org/1998/Math/MathML"
         dtd-version="1.0"
         article-type="research-article">
   <front>
      <journal-meta>
         <journal-id journal-id-type="jstor">jadve</journal-id>
         <journal-id journal-id-type="jstor">jadve</journal-id>
         <journal-id journal-id-type="jstor">j101355</journal-id>
         <journal-title-group>
            <journal-title>Journal of Advertising</journal-title>
         </journal-title-group>
         <publisher>
            <publisher-name>Board of Directors, American Academy of Advertising</publisher-name>
         </publisher>
         <issn pub-type="ppub">00913367</issn>
         <issn pub-type="epub">15577805</issn>
      </journal-meta>
      <article-meta>
         <article-id pub-id-type="jstor">4189149</article-id>
         <title-group>
            <article-title>Explaining Gendered Responses to "Help-Self" and "Help-Others" Charity Ad Appeals: The Mediating Role of World-Views</article-title>
         </title-group>
         <contrib-group>
            <contrib contrib-type="author">
               <string-name>
                  <given-names>Frédéric F.</given-names>
                  <surname>Brunel</surname>
               </string-name>
            </contrib>
            <contrib contrib-type="author">
               <string-name>Michelle R. Nelson</string-name>
            </contrib>
         </contrib-group>
         <pub-date>
            <day>1</day>
            <month>10</month>
            <year>2000</year>
         </pub-date>
         <volume>29</volume>
         <issue>3</issue>
         <issue-id>i394109</issue-id>
         <fpage>15</fpage>
         <lpage>28</lpage>
         <page-range>15-28</page-range>
         <permissions>
            <copyright-statement>Copyright 2000 American Academy of Advertising</copyright-statement>
         </permissions>
         <self-uri xlink:href="http://www.jstor.org/stable/4189149"/>
         <abstract>
            <p>This research investigates gendered responses to self-oriented (help-self) and altruistic (help-others) charitable ad appeals. Results from two studies conducted with U.S. undergraduates show that sex is a determinant of message evaluations, and that variations in moral world-views explain these gendered differences. Study One establishes sex differences in absolute (attitude toward the ad) and comparative (ad preference) judgments toward help-self and help-others ad appeals. Females respond more favorably to the help-others appeal and males to the help-self appeal. Study Two replicates these findings from Study One and demonstrates that sex differences can be explained through a full mediation of world-view values.</p>
         </abstract>
         <custom-meta-group>
            <custom-meta>
               <meta-name>lang</meta-name>
               <meta-value>eng</meta-value>
            </custom-meta>
         </custom-meta-group>
      </article-meta>
   </front>
   <back>
      <ref-list>
         <title>References</title>
         <ref id="d23842e181a1310">
            <mixed-citation id="d23842e185" publication-type="journal">
Aaker, Jennifer L. and Patti Williams (1998), "Empathy versus
Pride: The Influence of Emotional Appeals Across Cultures,"
Journal of Consumer Research, 25, 214-261.<person-group>
                  <string-name>
                     <surname>Aaker</surname>
                  </string-name>
               </person-group>
               <fpage>214</fpage>
               <volume>25</volume>
               <source>Journal of Consumer Research</source>
               <year>1998</year>
            </mixed-citation>
         </ref>
         <ref id="d23842e220a1310">
            <mixed-citation id="d23842e224" publication-type="book">
Areni, Charles S. and Pamela Kiecker (1993), "Gender Differences
in Competitiveness and Risk Aversion: Theoretical Founda-
tions and Some Preliminary Findings," in Proceedings of the
Second Conference on Gender and Consumer Behavior, Janeen
Arnold Costa, ed., Salt Lake City, UT: University of Utah
Printing Service, 30-43.<person-group>
                  <string-name>
                     <surname>Areni</surname>
                  </string-name>
               </person-group>
               <comment content-type="section">Gender Differences in Competitiveness and Risk Aversion: Theoretical Foundations and Some Preliminary Findings</comment>
               <fpage>30</fpage>
               <source>Proceedings of the Second Conference on Gender and Consumer Behavior</source>
               <year>1993</year>
            </mixed-citation>
         </ref>
         <ref id="d23842e268a1310">
            <mixed-citation id="d23842e272" publication-type="journal">
Bagozzi, Richard P. and David J. Moore (1994), "Public Service
Advertisements: Emotions and Empathy Guide Prosocial
Behavior," Journal of Marketing, 58, 56-70.<object-id pub-id-type="doi">10.2307/1252251</object-id>
               <fpage>56</fpage>
            </mixed-citation>
         </ref>
         <ref id="d23842e291a1310">
            <mixed-citation id="d23842e295" publication-type="book">
Bandura, A. and R. H. Walters (1963), Social Learning and Person-
ality Development, New York: Holt, Rinehart and Winston.<person-group>
                  <string-name>
                     <surname>Bandura</surname>
                  </string-name>
               </person-group>
               <source>Social Learning and Personality Development</source>
               <year>1963</year>
            </mixed-citation>
         </ref>
         <ref id="d23842e321a1310">
            <mixed-citation id="d23842e325" publication-type="journal">
Baron, Reuben M., and David A. Kenny (1986), "The Moderator-
Mediator Variable Distinction in Social Psychological Research:
Conceptual, Strategic, and Statistical Considerations," Jour-
nal of Personality and Social Psychology, 51 (6), 1173-1182.<person-group>
                  <string-name>
                     <surname>Baron</surname>
                  </string-name>
               </person-group>
               <issue>6</issue>
               <fpage>1173</fpage>
               <volume>51</volume>
               <source>Journal of Personality and Social Psychology</source>
               <year>1986</year>
            </mixed-citation>
         </ref>
         <ref id="d23842e366a1310">
            <mixed-citation id="d23842e370" publication-type="journal">
Beck, L. and I. Ajzen (1991), "Predicting Dishonest Actions Using
the Theory of Planned Behavior," Journal of Research in Per-
sonality, 25, 285-301.<person-group>
                  <string-name>
                     <surname>Beck</surname>
                  </string-name>
               </person-group>
               <fpage>285</fpage>
               <volume>25</volume>
               <source>Journal of Research in Personality</source>
               <year>1991</year>
            </mixed-citation>
         </ref>
         <ref id="d23842e405a1310">
            <mixed-citation id="d23842e409" publication-type="book">
Belenky, M.F., B.M. Clinchy, N.R. Goldberger and J.M. Tarule
(1986), Women's Ways of Knowing, New York: Basic Books.<person-group>
                  <string-name>
                     <surname>Belenky</surname>
                  </string-name>
               </person-group>
               <source>Women's Ways of Knowing</source>
               <year>1986</year>
            </mixed-citation>
         </ref>
         <ref id="d23842e434a1310">
            <mixed-citation id="d23842e438" publication-type="journal">
Bendapudi, Neeli, Surendra N. Singh and Venkat Bendapudi (1996),
"Enhancing Helping Behavior: An Integrative Framework for
Promotion Planning," Journal of Marketing, Vol. 60 (3), 33-49.<object-id pub-id-type="doi">10.2307/1251840</object-id>
               <fpage>33</fpage>
            </mixed-citation>
         </ref>
         <ref id="d23842e457a1310">
            <mixed-citation id="d23842e461" publication-type="book">
Benderly, Beryl Lieff, Mary F. Gallagher and John M. Young (1977),
Discovering Culture: An Introduction to Anthropology, New
York: D. Van Nostrand Company.<person-group>
                  <string-name>
                     <surname>Benderly</surname>
                  </string-name>
               </person-group>
               <source>Discovering Culture: An Introduction to Anthropology</source>
               <year>1977</year>
            </mixed-citation>
         </ref>
         <ref id="d23842e490a1310">
            <mixed-citation id="d23842e494" publication-type="journal">
Bennett, William, Ronald Stadt and Joseph Karmos (1997), 'Values
Preferences By Gender for Nontraditional College Students Be-
tween 1992 and 1982," Counseling and Values, 41(3), 246-252.<person-group>
                  <string-name>
                     <surname>Bennett</surname>
                  </string-name>
               </person-group>
               <issue>3</issue>
               <fpage>246</fpage>
               <volume>41</volume>
               <source>Counseling and Values</source>
               <year>1997</year>
            </mixed-citation>
         </ref>
         <ref id="d23842e533a1310">
            <mixed-citation id="d23842e537" publication-type="book">
Bernard, J. (1981), The Female World, New York: Free Press.<person-group>
                  <string-name>
                     <surname>Bernard</surname>
                  </string-name>
               </person-group>
               <source>The Female World</source>
               <year>1981</year>
            </mixed-citation>
         </ref>
         <ref id="d23842e559a1310">
            <mixed-citation id="d23842e563" publication-type="journal">
Beutel, Ann M. and Margaret Mooney Marini ( 1995), "Gender and
Values," American Sociological Review, 60 (3), 436-448.<object-id pub-id-type="doi">10.2307/2096423</object-id>
               <fpage>436</fpage>
            </mixed-citation>
         </ref>
         <ref id="d23842e579a1310">
            <mixed-citation id="d23842e583" publication-type="journal">
Bochner, Stephen (1994), "The Effectiveness of Same-Sex Versus Oppo-
site-Sex Role Models in Advertisements to Reduce Alcohol Con-
sumption in Teenagers," Addictive Behaviors, 19 (1), 69-82.<person-group>
                  <string-name>
                     <surname>Bochner</surname>
                  </string-name>
               </person-group>
               <issue>1</issue>
               <fpage>69</fpage>
               <volume>19</volume>
               <source>Addictive Behaviors</source>
               <year>1994</year>
            </mixed-citation>
         </ref>
         <ref id="d23842e621a1310">
            <mixed-citation id="d23842e625" publication-type="book">
Bonnelli, Lisa (1989), "Sex-Role Stereotyping in Fragrance Adver-
tising," Beyond Boundaries: Sex and Gender Diversity in
Communication, Cynthia M. Lont and Sheryl A. Fiedley, eds.,
Fairfax: George Mason University Press.<person-group>
                  <string-name>
                     <surname>Bonnelli</surname>
                  </string-name>
               </person-group>
               <comment content-type="section">Sex-Role Stereotyping in Fragrance Advertising</comment>
               <source>Beyond Boundaries: Sex and Gender Diversity in Communication</source>
               <year>1989</year>
            </mixed-citation>
         </ref>
         <ref id="d23842e660a1310">
            <mixed-citation id="d23842e664" publication-type="journal">
Braus, Patricia (1994), "Will Boomers Give Generously?" Ameri-
can Demographics, 16 (7), 48.<person-group>
                  <string-name>
                     <surname>Braus</surname>
                  </string-name>
               </person-group>
               <issue>7</issue>
               <fpage>48</fpage>
               <volume>16</volume>
               <source>American Demographics</source>
               <year>1994</year>
            </mixed-citation>
         </ref>
         <ref id="d23842e699a1310">
            <mixed-citation id="d23842e703" publication-type="journal">
Brown, Steven P. and Douglas M. Stayman (1992), "Antecedents
and Consequences of Attitude Toward the Ad: A Meta- Analy-
sis," Journal of Consumer Research, 19 (June), 34-51.<object-id pub-id-type="jstor">10.2307/2489186</object-id>
               <fpage>34</fpage>
            </mixed-citation>
         </ref>
         <ref id="d23842e723a1310">
            <mixed-citation id="d23842e727" publication-type="book">
Carsky, Mary L. and Mary E. Zuckerman (1991), "In Search of
Gender Differences in Marketing Communication: An His-
torical/Contemporary Analysis," Gender and Consumer Be-
havior, Janeen A. Costa, ed., Salt Lake City, UT: University
of Utah Printing Press.<person-group>
                  <string-name>
                     <surname>Carsky</surname>
                  </string-name>
               </person-group>
               <comment content-type="section">In Search of Gender Differences in Marketing Communication: An Historical/Contemporary Analysis</comment>
               <source>Gender and Consumer Behavior</source>
               <year>1991</year>
            </mixed-citation>
         </ref>
         <ref id="d23842e765a1310">
            <mixed-citation id="d23842e769" publication-type="book">
Costa, Janeen (1994), "Introduction/* Gender Issues and Consumer
Behavior, Janeen Arnold Costa, ed., Thousand Oaks, CA: Sage
Publications, 1-10.<person-group>
                  <string-name>
                     <surname>Costa</surname>
                  </string-name>
               </person-group>
               <comment content-type="section">Introduction</comment>
               <fpage>1</fpage>
               <source>Gender Issues and Consumer Behavior</source>
               <year>1994</year>
            </mixed-citation>
         </ref>
         <ref id="d23842e804a1310">
            <mixed-citation id="d23842e808" publication-type="book">
— ( 1996), "Advocating a Critical, Cross-Cultural Perspec-
tive," in Proceedings of the Third Conference on Gender, Marketing
and Consumer Behavior, Janeen Arnold Costa, ed., Salt Lake City,
UT: University of Utah Printing Service, 183-184.<person-group>
                  <string-name>
                     <surname>Costa</surname>
                  </string-name>
               </person-group>
               <comment content-type="section">Advocating a Critical, Cross-Cultural Perspective</comment>
               <fpage>183</fpage>
               <source>Proceedings of the Third Conference on Gender, Marketing and Consumer Behavior</source>
               <year>1996</year>
            </mixed-citation>
         </ref>
         <ref id="d23842e846a1310">
            <mixed-citation id="d23842e850" publication-type="journal">
Darley, William K. and Robert E. Smith (1995), "Gender Differ-
ences in Information Processing Strategies: An Empirical
Test of the Selectivity Model in Advertising Response," Jour-
nal of Advertising, 24 (1), 42-56.<person-group>
                  <string-name>
                     <surname>Darley</surname>
                  </string-name>
               </person-group>
               <issue>1</issue>
               <fpage>42</fpage>
               <volume>24</volume>
               <source>Journal of Advertising</source>
               <year>1995</year>
            </mixed-citation>
         </ref>
         <ref id="d23842e891a1310">
            <mixed-citation id="d23842e895" publication-type="book">
Deaux, Kay and Mary E. Kite (1987), 'Thinking About Gender" in
Analyzing Gender: A Handbook of Social Science Research,
Beth B. Hess and Myra Marx Ferree, eds., Newbury Park,
CA: Sage Publications, 92-117.<person-group>
                  <string-name>
                     <surname>Deaux</surname>
                  </string-name>
               </person-group>
               <comment content-type="section">Thinking About Gender</comment>
               <fpage>92</fpage>
               <source>Analyzing Gender: A Handbook of Social Science Research</source>
               <year>1987</year>
            </mixed-citation>
         </ref>
         <ref id="d23842e933a1310">
            <mixed-citation id="d23842e937" publication-type="journal">
DeCocco, John P. and Jon P. Elia (1993), "A Critique and Synthesis
of Biological Essentialism and Social Constructionist Views of
Sexuality and Gender," Journal of Homosexuality, 24 (3/4).<person-group>
                  <string-name>
                     <surname>DeCocco</surname>
                  </string-name>
               </person-group>
               <issue>3</issue>
               <volume>24</volume>
               <source>Journal of Homosexuality</source>
               <year>1993</year>
            </mixed-citation>
         </ref>
         <ref id="d23842e973a1310">
            <mixed-citation id="d23842e977" publication-type="book">
Eagly, Alice H. and Shelly Chaiken (1993), The Psychology of Atti-
tudes, Fort Worth, TX: Harcourt Brace Jovanovich College
Publishers.<person-group>
                  <string-name>
                     <surname>Eagly</surname>
                  </string-name>
               </person-group>
               <source>The Psychology of Attitudes</source>
               <year>1993</year>
            </mixed-citation>
         </ref>
         <ref id="d23842e1006a1310">
            <mixed-citation id="d23842e1010" publication-type="book">
Eisenberg, Nancy (1986), Altruistic Emotion, Cognition, and Be-
havior, Hillsdale, NJ: Lawrence Erlbaum Associates.<person-group>
                  <string-name>
                     <surname>Eisenberg</surname>
                  </string-name>
               </person-group>
               <source>Altruistic Emotion, Cognition, and Behavior</source>
               <year>1986</year>
            </mixed-citation>
         </ref>
         <ref id="d23842e1035a1310">
            <mixed-citation id="d23842e1039" publication-type="book">
Freimuth, Vicki S., Judith A Stein and Thomas J. Kean (1993), 'Talk-
ing With the Public About Cancer: The Cancer Information Ser-
vice," in Case Studies in Health Communication, Eileen Berlin
Ray, ed., Hillsdale, NJ: Lawrence Erlbaum Associates, 277-289.<person-group>
                  <string-name>
                     <surname>Freimuth</surname>
                  </string-name>
               </person-group>
               <comment content-type="section">Talking With the Public About Cancer: The Cancer Information Service</comment>
               <fpage>277</fpage>
               <source>Case Studies in Health Communication</source>
               <year>1993</year>
            </mixed-citation>
         </ref>
         <ref id="d23842e1077a1310">
            <mixed-citation id="d23842e1081" publication-type="book">
Gilligan, Carol (1982), In a Different Voice: Psychological Theory and
Women's Development, Cambridge, MA Harvard University Press.<person-group>
                  <string-name>
                     <surname>Gilligan</surname>
                  </string-name>
               </person-group>
               <source>In a Different Voice: Psychological Theory and Women's Development</source>
               <year>1982</year>
            </mixed-citation>
         </ref>
         <ref id="d23842e1106a1310">
            <mixed-citation id="d23842e1110" publication-type="journal">
Gorsuch, R. L. and J. Ortberg (1983), "Moral Obligation and Atti-
tudes: Their Relation to Behavioral Intentions," Journal of
Personality and Social Psychology, 44 (5), 1025-1028.<person-group>
                  <string-name>
                     <surname>Gorsuch</surname>
                  </string-name>
               </person-group>
               <issue>5</issue>
               <fpage>1025</fpage>
               <volume>44</volume>
               <source>Journal of Personality and Social Psychology</source>
               <year>1983</year>
            </mixed-citation>
         </ref>
         <ref id="d23842e1148a1310">
            <mixed-citation id="d23842e1152" publication-type="journal">
Han, S. and S. Shavitt (1994), "Persuasion and Culture: Advertis-
ing Appeals in Individualistic and Collectivistic Cultures,"
Journal of Experimental Social Psychology, 30, 326-350.<person-group>
                  <string-name>
                     <surname>Han</surname>
                  </string-name>
               </person-group>
               <fpage>326</fpage>
               <volume>30</volume>
               <source>Journal of Experimental Social Psychology</source>
               <year>1994</year>
            </mixed-citation>
         </ref>
         <ref id="d23842e1188a1310">
            <mixed-citation id="d23842e1192" publication-type="other">
Heylighen, Francis (1996), "What is a World View?" Principia
Cybernetica Web, http://pespmc1.vub.ac.be/WORLVIEW.html.</mixed-citation>
         </ref>
         <ref id="d23842e1202a1310">
            <mixed-citation id="d23842e1206" publication-type="book">
Hinde, R. A. (1996), 'The Interpenetration of Biology and Culture,"
The Lifespan Development of Individuals: Behavioral, Neuro-
biological, and Psychosocial Perspectives, David Magnusson,
ed., Cambridge University Press, 359-375.<person-group>
                  <string-name>
                     <surname>Hinde</surname>
                  </string-name>
               </person-group>
               <comment content-type="section">The Interpenetration of Biology and Culture</comment>
               <fpage>359</fpage>
               <source>The Lifespan Development of Individuals: Behavioral, Neurobiological, and Psychosocial Perspectives</source>
               <year>1996</year>
            </mixed-citation>
         </ref>
         <ref id="d23842e1244a1310">
            <mixed-citation id="d23842e1248" publication-type="journal">
Holbrook, Morris B. (1986), "Aims, Concepts, and Methods for the
Representation of Individual Differences in Esthetic Responses
to Design Features," Journal of Consumer Research, 13 (De-
cember), 337-347.<object-id pub-id-type="jstor">10.2307/2489425</object-id>
               <fpage>337</fpage>
            </mixed-citation>
         </ref>
         <ref id="d23842e1271a1310">
            <mixed-citation id="d23842e1275" publication-type="journal">
— (1987), "Mirror, Mirror, on the Wall, What's Unfair
About Advertising?" Journal of Marketing, 51 (July), 95-103.<object-id pub-id-type="doi">10.2307/1251650</object-id>
               <fpage>95</fpage>
            </mixed-citation>
         </ref>
         <ref id="d23842e1291a1310">
            <mixed-citation id="d23842e1295" publication-type="book">
Household Spending, Who Spends How Much on What (1999), 5th
Edition, Ithaca, NY: New Strategist Publications, Inc.<edition>5</edition>
               <source>Household Spending, Who Spends How Much on What</source>
               <year>1999</year>
            </mixed-citation>
         </ref>
         <ref id="d23842e1314a1310">
            <mixed-citation id="d23842e1318" publication-type="book">
Jandt, Fred E. (1995), Intercultural Communication, Thousand
Oaks, CA: Sage Publications.<person-group>
                  <string-name>
                     <surname>Jandt</surname>
                  </string-name>
               </person-group>
               <source>Intercultural Communication</source>
               <year>1995</year>
            </mixed-citation>
         </ref>
         <ref id="d23842e1344a1310">
            <mixed-citation id="d23842e1348" publication-type="journal">
Jensen, Larry C, Angela P. McGhie and Janet R. Jensen (1991),
"Do Men's and Women's World-Views Differ?" Psychological
Reports, 68,312-314.<person-group>
                  <string-name>
                     <surname>Jensen</surname>
                  </string-name>
               </person-group>
               <fpage>312</fpage>
               <volume>68</volume>
               <source>Psychological Reports</source>
               <year>1991</year>
            </mixed-citation>
         </ref>
         <ref id="d23842e1383a1310">
            <mixed-citation id="d23842e1387" publication-type="book">
Kardes, Frank ( 1999), Consumer Behavior and Managerial Deci-
sion Making, Reading, MA: Addison Wesley.<person-group>
                  <string-name>
                     <surname>Kardes</surname>
                  </string-name>
               </person-group>
               <source>Consumer Behavior and Managerial Decision Making</source>
               <year>1999</year>
            </mixed-citation>
         </ref>
         <ref id="d23842e1412a1310">
            <mixed-citation id="d23842e1416" publication-type="book">
Krebs, D.L. and D.T. Miller (1985), "Altruism and Aggression," in
Handbook of Social Psychology: Vol. 2, Special Fields and
Applications, 3rd ed., G. Lindzey and E. Aronson, eds., New
York: Random House, 1-71.<person-group>
                  <string-name>
                     <surname>Krebs</surname>
                  </string-name>
               </person-group>
               <edition>3</edition>
               <comment content-type="section">Altruism and Aggression</comment>
               <fpage>1</fpage>
               <source>Handbook of Social Psychology: Vol. 2, Special Fields and Applications</source>
               <year>1985</year>
            </mixed-citation>
         </ref>
         <ref id="d23842e1457a1310">
            <mixed-citation id="d23842e1461" publication-type="book">
Kristiansen, Connie M. and Alan M. Hotte (1996), "Morality and
the Self: Implications for The When and How of Value-Atti-
tude-Behavior Relations," in The Psychology of Values: The
Ontario Symposium, Volume 8, Clive Seligman, James M.
Olson, and Mark P. Zanna, eds., Mahwah, NJ: Lawrence
Erlbaum Associates, Inc., 77-106.<person-group>
                  <string-name>
                     <surname>Kristiansen</surname>
                  </string-name>
               </person-group>
               <comment content-type="section">Morality and the Self: Implications for The When and How of Value-Attitude-Behavior Relations</comment>
               <fpage>77</fpage>
               <volume>8</volume>
               <source>The Psychology of Values: The Ontario Symposium</source>
               <year>1996</year>
            </mixed-citation>
         </ref>
         <ref id="d23842e1509a1310">
            <mixed-citation id="d23842e1513" publication-type="book">
Lake, Howard (1996), Fundraising on the Internet, London:
Aurelian.<person-group>
                  <string-name>
                     <surname>Lake</surname>
                  </string-name>
               </person-group>
               <source>Fundraising on the Internet</source>
               <year>1996</year>
            </mixed-citation>
         </ref>
         <ref id="d23842e1538a1310">
            <mixed-citation id="d23842e1542" publication-type="book">
Lakoff, Robin Tolmach (1975), Language and Women's Place, New
York: Harper &amp; Row.<person-group>
                  <string-name>
                     <surname>Lakoff</surname>
                  </string-name>
               </person-group>
               <source>Language and Women's Place</source>
               <year>1975</year>
            </mixed-citation>
         </ref>
         <ref id="d23842e1568a1310">
            <mixed-citation id="d23842e1572" publication-type="journal">
Lever, Janet (1976), "Sex Differences in the Complexity of Children's
Play and Games," American Sociological Review, 43, 471-483.<person-group>
                  <string-name>
                     <surname>Lever</surname>
                  </string-name>
               </person-group>
               <fpage>471</fpage>
               <volume>43</volume>
               <source>American Sociological Review</source>
               <year>1976</year>
            </mixed-citation>
         </ref>
         <ref id="d23842e1604a1310">
            <mixed-citation id="d23842e1608" publication-type="journal">
Maio, Gregory R. and James M. Olson (1995), "Relations Between
Values, Attitudes, and Behavioral Intentions: The Moderat-
ing Role of Attitude Function," Journal of Experimental So-
cial Psychology, 31, 266-285.<person-group>
                  <string-name>
                     <surname>Maio</surname>
                  </string-name>
               </person-group>
               <fpage>266</fpage>
               <volume>31</volume>
               <source>Journal of Experimental Social Psychology</source>
               <year>1995</year>
            </mixed-citation>
         </ref>
         <ref id="d23842e1646a1310">
            <mixed-citation id="d23842e1650" publication-type="book">
Manrai, Lalita A. and Meryl P. Gardner (1992), "Consumer Pro-
cessing of Social Ideas Advertising: A Conceptual Model," in
Advances in Consumer Research, Vol. 19, J. Sherry and B.
Sternthal, eds., Provo, UT: Association for Consumer Re-
search, 15-22.<person-group>
                  <string-name>
                     <surname>Manrai</surname>
                  </string-name>
               </person-group>
               <comment content-type="section">Consumer Processing of Social Ideas Advertising: A Conceptual Model</comment>
               <fpage>15</fpage>
               <volume>19</volume>
               <source>Advances in Consumer Research</source>
               <year>1992</year>
            </mixed-citation>
         </ref>
         <ref id="d23842e1694a1310">
            <mixed-citation id="d23842e1698" publication-type="journal">
MacKenzie, Scott B. and Richard J. Lutz (1989), "An Empirical
Examination of the Structural Antecedents of Attitude To-
ward the Ad in an Advertising Pretesting Context," Journal
of Marketing, 53 (April), 48-65.<object-id pub-id-type="doi">10.2307/1251413</object-id>
               <fpage>48</fpage>
            </mixed-citation>
         </ref>
         <ref id="d23842e1721a1310">
            <mixed-citation id="d23842e1725" publication-type="journal">
- ,- and George E. Belch (1986), "The
Role of Attitude Toward the Ad as a Mediator of Advertising
Effectiveness: A Test of Competing Explanations," Journal of
Marketing Research, 23 (May), 130-143.<object-id pub-id-type="doi">10.2307/3151660</object-id>
               <fpage>130</fpage>
            </mixed-citation>
         </ref>
         <ref id="d23842e1748a1310">
            <mixed-citation id="d23842e1752" publication-type="book">
Martin, Mike W. (1994), Virtuous Giving: Philanthropy, Voluntary
Service, and Caring, Bloomington, IN: Indiana University Press.<person-group>
                  <string-name>
                     <surname>Martin</surname>
                  </string-name>
               </person-group>
               <source>Virtuous Giving: Philanthropy, Voluntary Service, and Caring</source>
               <year>1994</year>
            </mixed-citation>
         </ref>
         <ref id="d23842e1778a1310">
            <mixed-citation id="d23842e1782" publication-type="book">
Meyers-Levy, Joan (1989), "Gender Differences in Information Pro-
cessing: A Selectivity Interpretation," in Cognitive and Affec-
tive Responses to Advertising, Patricia Cafferata and Alice M.
Tybout, eds., Lexington, MA: Lexington.<person-group>
                  <string-name>
                     <surname>Meyers-Levy</surname>
                  </string-name>
               </person-group>
               <comment content-type="section">Gender Differences in Information Processing: A Selectivity Interpretation</comment>
               <source>Cognitive and Affective Responses to Advertising</source>
               <year>1989</year>
            </mixed-citation>
         </ref>
         <ref id="d23842e1817a1310">
            <mixed-citation id="d23842e1821" publication-type="journal">
- and Durairaj Maheswaran (1991), "Exploring Dif-
ferences in Males' and Females' Processing Strategy," Jour-
nal of Consumer Research, 18 (June), 63-70.<object-id pub-id-type="jstor">10.2307/2489485</object-id>
               <fpage>63</fpage>
            </mixed-citation>
         </ref>
         <ref id="d23842e1840a1310">
            <mixed-citation id="d23842e1844" publication-type="journal">
- and Brian Sternthal (1991), "Gender Differences in
the Use of Message Cues and Judgements," Journal of Mar-
keting Research, 28 (February), 84-96.<object-id pub-id-type="doi">10.2307/3172728</object-id>
               <fpage>84</fpage>
            </mixed-citation>
         </ref>
         <ref id="d23842e1863a1310">
            <mixed-citation id="d23842e1867" publication-type="journal">
Miller, Joan G. (1994), "Cultural Diversity in the Morality of Car-
ing: Individually Oriented Versus Duty-Based Interpersonal
Moral Codes," Cross-Cultural Research, 28 (1 ), 3-39.<person-group>
                  <string-name>
                     <surname>Miller</surname>
                  </string-name>
               </person-group>
               <issue>1</issue>
               <fpage>3</fpage>
               <volume>28</volume>
               <source>Cross-Cultural Research</source>
               <year>1994</year>
            </mixed-citation>
         </ref>
         <ref id="d23842e1905a1310">
            <mixed-citation id="d23842e1909" publication-type="book">
Mischel, W. (1966), " A Social-learning View of Sex Differences in
Behavior," The Development of Sex Differences, E. E. Maccoby,
ed., Stanford, CA: Standford University Press, 56-81.<person-group>
                  <string-name>
                     <surname>Mischel</surname>
                  </string-name>
               </person-group>
               <comment content-type="section">A Social-learning View of Sex Differences in Behavior</comment>
               <fpage>56</fpage>
               <source>The Development of Sex Differences</source>
               <year>1966</year>
            </mixed-citation>
         </ref>
         <ref id="d23842e1944a1310">
            <mixed-citation id="d23842e1948" publication-type="journal">
Morrison, Nancy K. and Sally K. Severino (1997), "Moral Values:
Development and Gender Influences," Journal of the Ameri-
can Academy of Psychoanalysis, 25 (2), 255-275.<person-group>
                  <string-name>
                     <surname>Morrison</surname>
                  </string-name>
               </person-group>
               <issue>2</issue>
               <fpage>255</fpage>
               <volume>25</volume>
               <source>Journal of the American Academy of Psychoanalysis</source>
               <year>1997</year>
            </mixed-citation>
         </ref>
         <ref id="d23842e1987a1310">
            <mixed-citation id="d23842e1991" publication-type="book">
Noddings, N. (1984), Caring: A Feminine Approach to Ethics and
Moral Education, Berkeley, CA: University of California Press.<person-group>
                  <string-name>
                     <surname>Noddings</surname>
                  </string-name>
               </person-group>
               <source>Caring: A Feminine Approach to Ethics and Moral Education</source>
               <year>1984</year>
            </mixed-citation>
         </ref>
         <ref id="d23842e2016a1310">
            <mixed-citation id="d23842e2020" publication-type="journal">
- (1988), "An Ethic of Caring and Its Implications for
Instructional Arrangements," American Journal of Educa-
tion, 170, 215-230.<object-id pub-id-type="jstor">10.2307/1085252</object-id>
               <fpage>215</fpage>
            </mixed-citation>
         </ref>
         <ref id="d23842e2039a1310">
            <mixed-citation id="d23842e2043" publication-type="book">
O'Guinn, Thomas C, Chris T. Allen and Richard J. Semenik (1998),
Advertising, Cincinnati, OH: South-Western College Publishing.<person-group>
                  <string-name>
                     <surname>O'Guinn</surname>
                  </string-name>
               </person-group>
               <source>Advertising</source>
               <year>1998</year>
            </mixed-citation>
         </ref>
         <ref id="d23842e2068a1310">
            <mixed-citation id="d23842e2072" publication-type="journal">
Perdue, Barbara C. and John O. Summers (1986), "Checking the
Success of Manipulations in Marketing Experiments," Jour-
nal of Marketing Research, 23 (November), 317-326.<object-id pub-id-type="doi">10.2307/3151807</object-id>
               <fpage>317</fpage>
            </mixed-citation>
         </ref>
         <ref id="d23842e2091a1310">
            <mixed-citation id="d23842e2095" publication-type="book">
Piaget, Jean (1932) (1965), The Moral Judgment of the Child,
Trans., M. Gabain, Glencoe, IL: Free Press.<person-group>
                  <string-name>
                     <surname>Piaget</surname>
                  </string-name>
               </person-group>
               <source>The Moral Judgment of the Child</source>
               <year>1965</year>
            </mixed-citation>
         </ref>
         <ref id="d23842e2120a1310">
            <mixed-citation id="d23842e2124" publication-type="journal">
Pollay, Richard W. (1986), 'The Distorted Mirror: Reflections on
the Unintended Consequences of Advertising," Journal of
Marketing, 50 (April), 18-36.<object-id pub-id-type="doi">10.2307/1251597</object-id>
               <fpage>18</fpage>
            </mixed-citation>
         </ref>
         <ref id="d23842e2144a1310">
            <mixed-citation id="d23842e2148" publication-type="journal">
Prince-Gibson, Eetta and Shalom H. Schwartz (1998), "Value Priori-
ties and Gender," Social Psychology Quarterly, 61 (1), 49-67.<object-id pub-id-type="doi">10.2307/2787057</object-id>
               <fpage>49</fpage>
            </mixed-citation>
         </ref>
         <ref id="d23842e2164a1310">
            <mixed-citation id="d23842e2168" publication-type="journal">
Reis, Georges R. (1998), "Charitable Giving Increased 7.5 percent
in 1997," Fund Raising Management, 29 (5), 3.<person-group>
                  <string-name>
                     <surname>Reis</surname>
                  </string-name>
               </person-group>
               <issue>5</issue>
               <fpage>3</fpage>
               <volume>29</volume>
               <source>Fund Raising Management</source>
               <year>1998</year>
            </mixed-citation>
         </ref>
         <ref id="d23842e2203a1310">
            <mixed-citation id="d23842e2207" publication-type="book">
Rest, James R. (1986), Moral Development: Advances in Judging
Moral Issues, Minneapolis, MN: University of Minnesota Press.<person-group>
                  <string-name>
                     <surname>Rest</surname>
                  </string-name>
               </person-group>
               <source>Moral Development: Advances in Judging Moral Issues</source>
               <year>1986</year>
            </mixed-citation>
         </ref>
         <ref id="d23842e2232a1310">
            <mixed-citation id="d23842e2236" publication-type="journal">
Rothschild, Michael L. (1979), "Marketing Communications in Non-
business Situations or Why It's So Hard to Sell Brotherhood
Like Soap," Journal of Marketing, 43, 11-20.<object-id pub-id-type="doi">10.2307/1250737</object-id>
               <fpage>11</fpage>
            </mixed-citation>
         </ref>
         <ref id="d23842e2255a1310">
            <mixed-citation id="d23842e2259" publication-type="journal">
Ruth, Julie ?., Cele C. Otnes and Frédéric F. Brunei (1999), "Gift
Receipt and the Reformulation of Interpersonal Relationships,"
Journal of Consumer Research, 25 (4) 385-402.<object-id pub-id-type="jstor">10.2307/2489646</object-id>
               <fpage>385</fpage>
            </mixed-citation>
         </ref>
         <ref id="d23842e2278a1310">
            <mixed-citation id="d23842e2282" publication-type="journal">
Saxton, J. (1996), "Five Direct Marketing Strategies for Non-profit
Organizations," Journal of Non Profit and Voluntary Sector
Marketing, 1 (4).<person-group>
                  <string-name>
                     <surname>Saxton</surname>
                  </string-name>
               </person-group>
               <issue>4</issue>
               <volume>1</volume>
               <source>Journal of Non Profit and Voluntary Sector Marketing</source>
               <year>1996</year>
            </mixed-citation>
         </ref>
         <ref id="d23842e2318a1310">
            <mixed-citation id="d23842e2322" publication-type="journal">
Schwartz, Shalom H. and Wolfgang Bilsky (1990), "Toward a Theory
of the Universal Content and Structure of Values: Extensions
and Cross-Cultural Replications," Journal of Personality and
Social Psychology, 58 (5), 878-891.<person-group>
                  <string-name>
                     <surname>Schwartz</surname>
                  </string-name>
               </person-group>
               <issue>5</issue>
               <fpage>878</fpage>
               <volume>58</volume>
               <source>Journal of Personality and Social Psychology</source>
               <year>1990</year>
            </mixed-citation>
         </ref>
         <ref id="d23842e2363a1310">
            <mixed-citation id="d23842e2367" publication-type="journal">
Scott, Linda M . (1994), 'The Bridge from Text to Mind: Adapting
Reader-Response Theory to Consumer Research," Journal of
Consumer Research, 21 (December), 461-480.<object-id pub-id-type="jstor">10.2307/2489686</object-id>
               <fpage>461</fpage>
            </mixed-citation>
         </ref>
         <ref id="d23842e2386a1310">
            <mixed-citation id="d23842e2390" publication-type="journal">
Shavitt, Sharon (1990), "The Role of Attitude Objects in Attitude
Functions," Journal of Experimental Social Psychology, 26
(2), 124-148.<person-group>
                  <string-name>
                     <surname>Shavitt</surname>
                  </string-name>
               </person-group>
               <issue>2</issue>
               <fpage>124</fpage>
               <volume>26</volume>
               <source>Journal of Experimental Social Psychology</source>
               <year>1990</year>
            </mixed-citation>
         </ref>
         <ref id="d23842e2428a1310">
            <mixed-citation id="d23842e2432" publication-type="journal">
Smith, Gerald E. and Paul D. Berger (1996), 'The Impact of Direct
Marketing Appeals on Charitable Marketing Effectiveness,"
Journal of the Academy of Marketing Science, 24 (3), 219-231.<person-group>
                  <string-name>
                     <surname>Smith</surname>
                  </string-name>
               </person-group>
               <issue>3</issue>
               <fpage>219</fpage>
               <volume>24</volume>
               <source>Journal of the Academy of Marketing Science</source>
               <year>1996</year>
            </mixed-citation>
         </ref>
         <ref id="d23842e2470a1310">
            <mixed-citation id="d23842e2474" publication-type="journal">
Snyder, Mark and Kenneth G. DeBono (1985), "Appeals to Image
and Claims About Quality: Understanding the Psychology of
Advertising," Journal of Personality and Social Psychology,
49 (3), 586-597.<person-group>
                  <string-name>
                     <surname>Snyder</surname>
                  </string-name>
               </person-group>
               <issue>3</issue>
               <fpage>586</fpage>
               <volume>49</volume>
               <source>Journal of Personality and Social Psychology</source>
               <year>1985</year>
            </mixed-citation>
         </ref>
         <ref id="d23842e2515a1310">
            <mixed-citation id="d23842e2519" publication-type="book">
Stafford, Maria Royne and Robert Pearson (1997), "Gender Differences
of Advertising Information for Services," in The Proceedings of the
1997 Conference of the American Academy of Advertising, M.
Carole Macklin, ed., American Academy of Advertising.<person-group>
                  <string-name>
                     <surname>Stafford</surname>
                  </string-name>
               </person-group>
               <comment content-type="section">Gender Differences of Advertising Information for Services</comment>
               <source>The Proceedings of the 1997 Conference of the American Academy of Advertising</source>
               <year>1997</year>
            </mixed-citation>
         </ref>
         <ref id="d23842e2555a1310">
            <mixed-citation id="d23842e2559" publication-type="journal">
Stander, Valerie and Larry Jensen (1993), 'The Relationship of
Value Orientation to Moral Cognition," Journal of Cross-Cul-
tural Psychology, 24 (1), 42-52.<person-group>
                  <string-name>
                     <surname>Stander</surname>
                  </string-name>
               </person-group>
               <issue>1</issue>
               <fpage>42</fpage>
               <volume>24</volume>
               <source>Journal of Cross-Cultural Psychology</source>
               <year>1993</year>
            </mixed-citation>
         </ref>
         <ref id="d23842e2597a1310">
            <mixed-citation id="d23842e2601" publication-type="book">
Stern, Barbara B. (1994), "Advertising to the `Other' Culture:
Women's Use of Language and Language's Use of Women," in
Global and Multinational Advertising, Basil G. Englis, ed.,
Hillsdale, NJ: Erlbaum, 67-81.<person-group>
                  <string-name>
                     <surname>Stern</surname>
                  </string-name>
               </person-group>
               <comment content-type="section">Advertising to the `Other' Culture: Women's Use of Language and Language's Use of Women</comment>
               <fpage>67</fpage>
               <source>Global and Multinational Advertising</source>
               <year>1994</year>
            </mixed-citation>
         </ref>
         <ref id="d23842e2639a1310">
            <mixed-citation id="d23842e2643" publication-type="journal">
— (1997), "Advertising to the Other' Culture,"National
Forum, the Phi Kappa Phi Journal, 77 (2), 35-39.<person-group>
                  <string-name>
                     <surname>Stern</surname>
                  </string-name>
               </person-group>
               <issue>2</issue>
               <fpage>35</fpage>
               <volume>77</volume>
               <source>National Forum, the Phi Kappa Phi Journal</source>
               <year>1997</year>
            </mixed-citation>
         </ref>
         <ref id="d23842e2678a1310">
            <mixed-citation id="d23842e2682" publication-type="book">
and Morris B. Holbrook (1994), "Gender and Genre
in the Interpretation of Advertising Text," Gender Issues and
Consumer Behavior, Janeen Arnold Costa, ed., Thousand Oaks,
CA: Sage Publications, 11-41.<person-group>
                  <string-name>
                     <surname>Stern</surname>
                  </string-name>
               </person-group>
               <comment content-type="section">Gender and Genre in the Interpretation of Advertising Text</comment>
               <fpage>11</fpage>
               <source>Gender Issues and Consumer Behavior</source>
               <year>1994</year>
            </mixed-citation>
         </ref>
         <ref id="d23842e2720a1310">
            <mixed-citation id="d23842e2724" publication-type="book">
Supphellen, Magne, Olav A. Kvitastein, and Michelle R. Nelson (1997),
"Cognitive Responses to Charitable Donation Requests: Consumer
Welfare and Public Policy Implications," Proceedings of the 1997
Macromarketing Conference, Bergen, June 1997.<person-group>
                  <string-name>
                     <surname>Supphellen</surname>
                  </string-name>
               </person-group>
               <comment content-type="section">Cognitive Responses to Charitable Donation Requests: Consumer Welfare and Public Policy Implications</comment>
               <source>Proceedings of the 1997 Macromarketing Conference, Bergen, June 1997</source>
               <year>1997</year>
            </mixed-citation>
         </ref>
         <ref id="d23842e2759a1310">
            <mixed-citation id="d23842e2763" publication-type="book">
Tannen, Deborah (1990), You Just Don't Understand: Women and
Men in Conversation, New York: Morrow.<person-group>
                  <string-name>
                     <surname>Tannen</surname>
                  </string-name>
               </person-group>
               <source>You Just Don't Understand: Women and Men in Conversation</source>
               <year>1990</year>
            </mixed-citation>
         </ref>
         <ref id="d23842e2789a1310">
            <mixed-citation id="d23842e2793" publication-type="book">
— ( 1996), Gender and Discourse, Oxford University Press.<person-group>
                  <string-name>
                     <surname>Tannen</surname>
                  </string-name>
               </person-group>
               <source>Gender and Discourse</source>
               <year>1996</year>
            </mixed-citation>
         </ref>
         <ref id="d23842e2815a1310">
            <mixed-citation id="d23842e2819" publication-type="book">
— (1998), The Argument Culture, Virago Press.<person-group>
                  <string-name>
                     <surname>Tannen</surname>
                  </string-name>
               </person-group>
               <source>The Argument Culture</source>
               <year>1998</year>
            </mixed-citation>
         </ref>
         <ref id="d23842e2841a1310">
            <mixed-citation id="d23842e2845" publication-type="book">
Tapp, Alan (1998), Principles of Direct &amp; Database Marketing,
London: Financial Times Management, Pitman Publishing.<person-group>
                  <string-name>
                     <surname>Tapp</surname>
                  </string-name>
               </person-group>
               <source>Principles of Direct &amp; Database Marketing</source>
               <year>1998</year>
            </mixed-citation>
         </ref>
         <ref id="d23842e2870a1310">
            <mixed-citation id="d23842e2874" publication-type="journal">
Thoma, S.J. (1986), "Estimating Gender Differences in the Com-
prehension and Preference of Moral Issues," Developmental
Review, 6, 165-180.<person-group>
                  <string-name>
                     <surname>Thoma</surname>
                  </string-name>
               </person-group>
               <fpage>165</fpage>
               <volume>6</volume>
               <source>Developmental Review</source>
               <year>1986</year>
            </mixed-citation>
         </ref>
         <ref id="d23842e2909a1310">
            <mixed-citation id="d23842e2913" publication-type="book">
Thorne, Barrie (1993), Gender Play: Girls and Boys in School,
New Brunswick, NJ: Rutgers University Press.<person-group>
                  <string-name>
                     <surname>Thorne</surname>
                  </string-name>
               </person-group>
               <source>Gender Play: Girls and Boys in School</source>
               <year>1993</year>
            </mixed-citation>
         </ref>
         <ref id="d23842e2938a1310">
            <mixed-citation id="d23842e2942" publication-type="book">
Walker, L.J. (1991), "Sex Differences in Moral Reasoning," Hand-
book of Moral Behavior and Development, W. M. Kurtines and
J. L. Gewirtz, eds., Hillsdale, NJ: Lawrence Erlbaum Associ-
ates, 333-364.<person-group>
                  <string-name>
                     <surname>Walker</surname>
                  </string-name>
               </person-group>
               <comment content-type="section">Sex Differences in Moral Reasoning</comment>
               <fpage>333</fpage>
               <source>Handbook of Moral Behavior and Development</source>
               <year>1991</year>
            </mixed-citation>
         </ref>
         <ref id="d23842e2981a1310">
            <mixed-citation id="d23842e2985" publication-type="book">
Wallston, Barbara S. and Kathryn E. Grady (1985), "Integrating
the Feminist Critique and the Crisis in Social Psychology:
Another Look at Research Methods," Women, Gender and
Social Psychology, Virginia E. O'Leary, Rhoda K. Unger and
Barbara S. Wallston, eds., Hillsdale, NJ: Erlbaum.<person-group>
                  <string-name>
                     <surname>Wallston</surname>
                  </string-name>
               </person-group>
               <comment content-type="section">Integrating the Feminist Critique and the Crisis in Social Psychology: Another Look at Research Methods</comment>
               <source>Women, Gender and Social Psychology</source>
               <year>1985</year>
            </mixed-citation>
         </ref>
         <ref id="d23842e3023a1310">
            <mixed-citation id="d23842e3027" publication-type="book">
Wardlow, Daniel L. (1996), "Gender 2000: Summary of Panel Re-
marks," in Proceedings of the Third Conference on Gender,
Marketing and Consumer Behavior, Janeen Arnold Costa, ed.,
Salt Lake City, UT: University of Utah Printing Service, 179-
181.<person-group>
                  <string-name>
                     <surname>Wardlow</surname>
                  </string-name>
               </person-group>
               <comment content-type="section">Gender 2000: Summary of Panel Remarks</comment>
               <fpage>179</fpage>
               <source>Proceedings of the Third Conference on Gender, Marketing and Consumer Behavior</source>
               <year>1996</year>
            </mixed-citation>
         </ref>
         <ref id="d23842e3068a1310">
            <mixed-citation id="d23842e3072" publication-type="journal">
Wilkie, D. (1996), '"Macho' Approach Blamed as GOP's Gender Gap
Widens," The San Diego Union-Tribune, GOP-5, August 14.<person-group>
                  <string-name>
                     <surname>Wilkie</surname>
                  </string-name>
               </person-group>
               <issue>August 14</issue>
               <source>The San Diego Union-Tribune</source>
               <year>1996</year>
            </mixed-citation>
         </ref>
         <ref id="d23842e3101a1310">
            <mixed-citation id="d23842e3105" publication-type="book">
Williams, J. E. and D. L. Best (1990), Sex and Psyche: Gender and
Self Viewed Cross-Culturally, Newbury Park, CA: Sage.<person-group>
                  <string-name>
                     <surname>Williams</surname>
                  </string-name>
               </person-group>
               <source>Sex and Psyche: Gender and Self Viewed Cross-Culturally</source>
               <year>1990</year>
            </mixed-citation>
         </ref>
         <ref id="d23842e3130a1310">
            <mixed-citation id="d23842e3134" publication-type="book">
Wilson, James Q. (1993), The Moral Sense, New York: The Free
Press.<person-group>
                  <string-name>
                     <surname>Wilson</surname>
                  </string-name>
               </person-group>
               <source>The Moral Sense</source>
               <year>1993</year>
            </mixed-citation>
         </ref>
         <ref id="d23842e3159a1310">
            <mixed-citation id="d23842e3163" publication-type="book">
Wood, J. T. (1994), Gendered Lives: Communication, Gender, and
Culture, Belmont, CA: Wadsworth.<person-group>
                  <string-name>
                     <surname>Wood</surname>
                  </string-name>
               </person-group>
               <source>Gendered Lives: Communication, Gender, and Culture</source>
               <year>1994</year>
            </mixed-citation>
         </ref>
      </ref-list>
   </back>
</article>
