<article xmlns:xsi="http://www.w3.org/2001/XMLSchema-instance"
         xmlns:xlink="http://www.w3.org/1999/xlink"
         xmlns:mml="http://www.w3.org/1998/Math/MathML"
         dtd-version="1.0"
         article-type="research-article">
   <front>
      <journal-meta>
         <journal-id journal-id-type="jstor">jadve</journal-id>
         <journal-id journal-id-type="jstor">jadve</journal-id>
         <journal-id journal-id-type="jstor">j101355</journal-id>
         <journal-title-group>
            <journal-title>Journal of Advertising</journal-title>
         </journal-title-group>
         <publisher>
            <publisher-name>Board of Directors, American Academy of Advertising</publisher-name>
         </publisher>
         <issn pub-type="ppub">00913367</issn>
         <issn pub-type="epub">15577805</issn>
      </journal-meta>
      <article-meta>
         <article-id pub-id-type="jstor">4189069</article-id>
         <title-group>
            <article-title>Context Is Key: The Effect of Program-Induced Mood on Thoughts about the Ad</article-title>
         </title-group>
         <contrib-group>
            <contrib contrib-type="author">
               <string-name>Andrew B. Aylesworth</string-name>
            </contrib>
            <contrib contrib-type="author">
               <string-name>
                  <given-names>Scott B.</given-names>
                  <surname>MacKenzie</surname>
               </string-name>
            </contrib>
         </contrib-group>
         <pub-date>
            <day>1</day>
            <month>7</month>
            <year>1998</year>
         </pub-date>
         <volume>27</volume>
         <issue>2</issue>
         <issue-id>i394100</issue-id>
         <fpage>17</fpage>
         <lpage>31</lpage>
         <page-range>17-31</page-range>
         <permissions>
            <copyright-statement>Copyright 1998 American Academy of Advertising</copyright-statement>
         </permissions>
         <self-uri xlink:href="http://www.jstor.org/stable/4189069"/>
         <abstract>
            <p>Prior research has shown that the context in which a commercial message is presented can have important effects on how the message is processed and its success in the marketplace. The authors examine the impact of context-induced moods on the processing of embedded television advertisements. Mood was manipulated naturally by varying the program context in which the stimulus ads were embedded, and its effects on ad processing were observed. The results indicate that ads placed in programs that induce negative moods are processed less systematically than ones placed in programs that put viewers in positive moods. Moreover, mood was found to influence attitudes toward the advertisements both by affecting the number of cognitions the audience generates about the ads and by modifying the effect of those cognitions on A<sub>ad</sub>.</p>
         </abstract>
         <custom-meta-group>
            <custom-meta>
               <meta-name>lang</meta-name>
               <meta-value>eng</meta-value>
            </custom-meta>
         </custom-meta-group>
      </article-meta>
   </front>
   <back>
      <ref-list>
         <title>References</title>
         <ref id="d8391e133a1310">
            <mixed-citation id="d8391e137" publication-type="journal">
Batra, Rajeev and Douglas M. Stayman (1990), The Role or Mood
in Advertising Effectiveness," Journal of Consumer Research,
17 (September), 203-214.<object-id pub-id-type="jstor">10.2307/2626812</object-id>
               <fpage>203</fpage>
            </mixed-citation>
         </ref>
         <ref id="d8391e156a1310">
            <mixed-citation id="d8391e160" publication-type="journal">
Bless, Herbert, Gerd Bohncr, Norbert Schwarz, and Fritz Strack
(1990), "Mood and Persuasion: A Cognitive Response Analy-
sis," Personality and Social Psychology Bulletin, 16 (June),
331-345.<person-group>
                  <string-name>
                     <surname>Bless</surname>
                  </string-name>
               </person-group>
               <issue>June</issue>
               <fpage>331</fpage>
               <volume>16</volume>
               <source>Personality and Social Psychology Bulletin</source>
               <year>1990</year>
            </mixed-citation>
         </ref>
         <ref id="d8391e201a1310">
            <mixed-citation id="d8391e205" publication-type="journal">
Bower, Gordon H. (1981), "Mood and Memory," American Psy-
chologist, 36 (February), 129-148.<person-group>
                  <string-name>
                     <surname>Bower</surname>
                  </string-name>
               </person-group>
               <issue>February</issue>
               <fpage>129</fpage>
               <volume>36</volume>
               <source>American Psychologist</source>
               <year>1981</year>
            </mixed-citation>
         </ref>
         <ref id="d8391e240a1310">
            <mixed-citation id="d8391e244" publication-type="journal">
Brown, Steven P. and Douglas M. Stayman (1992), "Antecedents
and Consequences of Attitude Toward the Ad: A Mcta-Analy-
sis," Journal of Consumer Research, 19 (June), 34-51.<object-id pub-id-type="jstor">10.2307/2489186</object-id>
               <fpage>34</fpage>
            </mixed-citation>
         </ref>
         <ref id="d8391e264a1310">
            <mixed-citation id="d8391e268" publication-type="journal">
Chattopadhyay, Amitava and Prakash Nodungadi (1992), "Docs
Attitude Toward the Ad Endure? The Moderating Effects of
Attention and Delay," Journal of Consumer Research, 19
(June), 26-33.<object-id pub-id-type="jstor">10.2307/2489185</object-id>
               <fpage>26</fpage>
            </mixed-citation>
         </ref>
         <ref id="d8391e291a1310">
            <mixed-citation id="d8391e295" publication-type="book">
Clark, Margarets. (1982), "A Role for Arousal in the Link Between
Feeling States, Judgment, and Behavior," in Affect and Cog-
nition, Margaret S. Clark and Susan T. Fiske, eds., Hillsdalc,
NJ: Lawrence Erlbaum, 263-289.<person-group>
                  <string-name>
                     <surname>Clark</surname>
                  </string-name>
               </person-group>
               <comment content-type="section">A Role for Arousal in the Link Between Feeling States, Judgment, and Behavior</comment>
               <fpage>263</fpage>
               <source>Affect and Cognition</source>
               <year>1982</year>
            </mixed-citation>
         </ref>
         <ref id="d8391e333a1310">
            <mixed-citation id="d8391e337" publication-type="book">
— and Alice M. Isen (1982), "Toward Understanding
the Relationship Between Feeling States and Social Behav-
ior," in Cognitive Social Psychology, Albert H. Hastorf and
Alice M. Isen, eds., New York: American Elsevier, 73-108.<person-group>
                  <string-name>
                     <surname>Clark</surname>
                  </string-name>
               </person-group>
               <comment content-type="section">Toward Understanding the Relationship Between Feeling States and Social Behavior</comment>
               <fpage>73</fpage>
               <source>Cognitive Social Psychology</source>
               <year>1982</year>
            </mixed-citation>
         </ref>
         <ref id="d8391e375a1310">
            <mixed-citation id="d8391e379" publication-type="book">
Cohen, Jacob and Patricia Cohen (1983), Applied Multiple Regres-
sion/Correlation Analysis for the Behavioral Sciences,
Hillsdalc, NJ: Lawrence Erlbau m.<person-group>
                  <string-name>
                     <surname>Cohen</surname>
                  </string-name>
               </person-group>
               <source>Applied Multiple Regression/Correlation Analysis for the Behavioral Sciences</source>
               <year>1983</year>
            </mixed-citation>
         </ref>
         <ref id="d8391e408a1310">
            <mixed-citation id="d8391e412" publication-type="book">
Cohen, Joel B. and Charles S. Areni (1991), "Affect and Consumer
Behavior," in Handbook of Consumer Behavior, Thomas S.
Robertson and Harold H. Kassarjian, eds., Englewood Cliffs,
NJ: Prentice Hall, 188-240.<person-group>
                  <string-name>
                     <surname>Cohen</surname>
                  </string-name>
               </person-group>
               <comment content-type="section">Affect and Consumer Behavior</comment>
               <fpage>188</fpage>
               <source>Handbook of Consumer Behavior</source>
               <year>1991</year>
            </mixed-citation>
         </ref>
         <ref id="d8391e450a1310">
            <mixed-citation id="d8391e454" publication-type="journal">
Edell, Julie and Marian C. Burke (1987), "The Power of Feelings in
Understanding Advertising Effects," Journal of Consumer
Research, 14 (December), 421-433.<object-id pub-id-type="jstor">10.2307/2489502</object-id>
               <fpage>421</fpage>
            </mixed-citation>
         </ref>
         <ref id="d8391e474a1310">
            <mixed-citation id="d8391e478" publication-type="book">
France, Karen Russo, Rcshma H. Shah, and C. Whan Park (1994),
"The Impact of Emotional Valence and Intensity on Ad Evalu-
ation and Memory," in Advances in Consumer Research, Vol.
21, Chris T. Allen and Deborah Roedder John, eds., Provo,
UT: Association for Consumer Research, 583-588.<person-group>
                  <string-name>
                     <surname>France</surname>
                  </string-name>
               </person-group>
               <comment content-type="section">The Impact of Emotional Valence and Intensity on Ad Evaluation and Memory</comment>
               <fpage>583</fpage>
               <volume>21</volume>
               <source>Advances in Consumer Research</source>
               <year>1994</year>
            </mixed-citation>
         </ref>
         <ref id="d8391e522a1310">
            <mixed-citation id="d8391e526" publication-type="journal">
Friestad, Marian and Esther Thorson (1993), "Remembering Ads:
The Effect of Encoding Strategies, Retrieval Cues, and Emo-
tional Response," Journal of Consumer Psychology, 2 (1), 1-
24.<object-id pub-id-type="jstor">10.2307/1480294</object-id>
               <fpage>1</fpage>
            </mixed-citation>
         </ref>
         <ref id="d8391e549a1310">
            <mixed-citation id="d8391e553" publication-type="journal">
Frijda, Nico H. (1988), "The Laws of Emotion." American Psycholo-
gist, 43 (5), 349-358.<person-group>
                  <string-name>
                     <surname>Frijda</surname>
                  </string-name>
               </person-group>
               <issue>5</issue>
               <fpage>349</fpage>
               <volume>43</volume>
               <source>American Psychologist</source>
               <year>1988</year>
            </mixed-citation>
         </ref>
         <ref id="d8391e588a1310">
            <mixed-citation id="d8391e592" publication-type="journal">
Gardner, Meryl Paula (1985), "Mood States and Consumer Behav-
ior: A Critical Review," Journal of Consumer Research, 12
(December), 281-300.<object-id pub-id-type="jstor">10.2307/254374</object-id>
               <fpage>281</fpage>
            </mixed-citation>
         </ref>
         <ref id="d8391e611a1310">
            <mixed-citation id="d8391e615" publication-type="journal">
— and Ronald Paul Hill (1988), "Consumers' Mood
States: Antecedents and Consequences of Experiential Ver-
sus Informational Strategies for Brand Choice," Psychology
and Marketing, 5 (Summer), 169-183.<person-group>
                  <string-name>
                     <surname>Gardner</surname>
                  </string-name>
               </person-group>
               <issue>Summer</issue>
               <fpage>169</fpage>
               <volume>5</volume>
               <source>Psychology and Marketing</source>
               <year>1988</year>
            </mixed-citation>
         </ref>
         <ref id="d8391e656a1310">
            <mixed-citation id="d8391e660" publication-type="book">
Goodstein, Ronald C. (1994), "Mood Effects in Consumer Behavior:
A Unifying Theme," in Advances in Consumer Research, Vol.
21, Chris T. Allen and Deborah Roedder John, eds., Provo,
UT: Association for Consumer Research, 526-529.<person-group>
                  <string-name>
                     <surname>Goodstein</surname>
                  </string-name>
               </person-group>
               <comment content-type="section">Mood Effects in Consumer Behavior: A Unifying Theme</comment>
               <fpage>526</fpage>
               <volume>21</volume>
               <source>Advances in Consumer Research</source>
               <year>1994</year>
            </mixed-citation>
         </ref>
         <ref id="d8391e702a1310">
            <mixed-citation id="d8391e706" publication-type="book">
Greenwald, Anthony G. (1968), "Cognitive Learning, Cognitive
Response to Persuasion, and Attitude Change," in Psychologi-
cal Foundations of Attitudes, A. Greenwald, T. Brock, and T.
Ostrum, eds., New York: Academic Press.<person-group>
                  <string-name>
                     <surname>Greenwald</surname>
                  </string-name>
               </person-group>
               <comment content-type="section">Cognitive Learning, Cognitive Response to Persuasion, and Attitude Change</comment>
               <source>Psychological Foundations of Attitudes</source>
               <year>1968</year>
            </mixed-citation>
         </ref>
         <ref id="d8391e741a1310">
            <mixed-citation id="d8391e745" publication-type="journal">
Haley, Russell I. and Allan L. Baldinger ( 1991), "The ARF Copy
Research Validity Project," Journal of Advertising Research,
31 (April/May), 11-32.<person-group>
                  <string-name>
                     <surname>Haley</surname>
                  </string-name>
               </person-group>
               <issue>April</issue>
               <fpage>11</fpage>
               <volume>31</volume>
               <source>Journal of Advertising Research</source>
               <year>1991</year>
            </mixed-citation>
         </ref>
         <ref id="d8391e783a1310">
            <mixed-citation id="d8391e787" publication-type="journal">
Holbrook, Morris B. and John O'Shaughnessy (1984), "The Role of
Emotion in Advertising," Psychology &amp; Marketing, 1 (Sum-
mer), 45-64.<person-group>
                  <string-name>
                     <surname>Holbrook</surname>
                  </string-name>
               </person-group>
               <issue>Summer</issue>
               <fpage>45</fpage>
               <volume>1</volume>
               <source>Psychology &amp; Marketing</source>
               <year>1984</year>
            </mixed-citation>
         </ref>
         <ref id="d8391e825a1310">
            <mixed-citation id="d8391e829" publication-type="journal">
Homer, Pamela M. (1990), "The Mediating Role of Attitude Toward
the Ad: Some Additional Evidence," Journal of Marketing
Research, 27 (February), 78-86.<object-id pub-id-type="doi">10.2307/3172553</object-id>
               <fpage>78</fpage>
            </mixed-citation>
         </ref>
         <ref id="d8391e848a1310">
            <mixed-citation id="d8391e852" publication-type="book">
Innes, J. Michael and C. R. Ahrens (1991), "Positive Mood, Pro-
cessing Goals and the Effects of Information on Evaluative
Judgment," in Emotion and Social Judgments, Joseph P.
Forgas, ed., New York: Pergamon Press, 221-239.<person-group>
                  <string-name>
                     <surname>Innes</surname>
                  </string-name>
               </person-group>
               <comment content-type="section">Positive Mood, Processing Goals and the Effects of Information on Evaluative Judgment</comment>
               <fpage>221</fpage>
               <source>Emotion and Social Judgments</source>
               <year>1991</year>
            </mixed-citation>
         </ref>
         <ref id="d8391e890a1310">
            <mixed-citation id="d8391e894" publication-type="journal">
Isen, Alice M., Margaret Clark, Thomas E. Shalker, and Lynn
Karp (1978), "Affect, Accessibility of Material in Memory and
Behavior A Cognitive Loop?" Journal of Personality and
Social Psychology, 36 (January), 1-12.<person-group>
                  <string-name>
                     <surname>Isen</surname>
                  </string-name>
               </person-group>
               <issue>January</issue>
               <fpage>1</fpage>
               <volume>36</volume>
               <source>Journal of Personality and Social Psychology</source>
               <year>1978</year>
            </mixed-citation>
         </ref>
         <ref id="d8391e936a1310">
            <mixed-citation id="d8391e940" publication-type="journal">
- and Thomas E. Shalker (1982), "The EfTect of Feel-
ing State on the Evaluation of Positive, Neutral and Negative
Stimuli: When You 'Accentuate the Positive' Do You *Elimi-
nate the Negative?" Social Psychology Quarterly, 45 (March),
58-63.<object-id pub-id-type="doi">10.2307/3033676</object-id>
               <fpage>58</fpage>
            </mixed-citation>
         </ref>
         <ref id="d8391e966a1310">
            <mixed-citation id="d8391e970" publication-type="book">
Kahneman, Daniel (1973), Attention and Effort, Englewood Cliffs,
NJ: Prentice Hall.<person-group>
                  <string-name>
                     <surname>Kahneman</surname>
                  </string-name>
               </person-group>
               <source>Attention and Effort</source>
               <year>1973</year>
            </mixed-citation>
         </ref>
         <ref id="d8391e995a1310">
            <mixed-citation id="d8391e999" publication-type="journal">
Kennedy, John R. (1971), "How Program Environment Affects TV
Commercials," Journal of Advertising Research, 11 (Febru-
ary), 33-38.<person-group>
                  <string-name>
                     <surname>Kennedy</surname>
                  </string-name>
               </person-group>
               <issue>February</issue>
               <fpage>33</fpage>
               <volume>11</volume>
               <source>Journal of Advertising Research</source>
               <year>1971</year>
            </mixed-citation>
         </ref>
         <ref id="d8391e1037a1310">
            <mixed-citation id="d8391e1041" publication-type="journal">
Knowles, Patricia ?., Stephen J. Grove, and W. Jeffrey Burroughs
(1993), "An Experimental Examination of Mood Effects on
Retrieval and Evaluation of Advertisement and Brand Infor-
mation," Journal of the Academy of Marketing Science, 21
(Spring), 135-142.<person-group>
                  <string-name>
                     <surname>Knowles</surname>
                  </string-name>
               </person-group>
               <issue>Spring</issue>
               <fpage>135</fpage>
               <volume>21</volume>
               <source>Journal of the Academy of Marketing Science</source>
               <year>1993</year>
            </mixed-citation>
         </ref>
         <ref id="d8391e1085a1310">
            <mixed-citation id="d8391e1089" publication-type="journal">
Kuykendall, David and John P. Keating (1990), "Mood and Persua-
sion: Evidence for the Differential Influence of Positive and
Negative States," Psychology and Marketing, 7 (Spring), 1-9.<person-group>
                  <string-name>
                     <surname>Kuykendall</surname>
                  </string-name>
               </person-group>
               <issue>Spring</issue>
               <fpage>1</fpage>
               <volume>7</volume>
               <source>Psychology and Marketing</source>
               <year>1990</year>
            </mixed-citation>
         </ref>
         <ref id="d8391e1127a1310">
            <mixed-citation id="d8391e1131" publication-type="journal">
Laczniak, Russell N. and Les Carlson (1989), "Examining the In-
fluence of Attitude-Toward-thc-Ad on Brand Attitudes," Jour-
nal of Business Research, 19 (December), 303-311.<person-group>
                  <string-name>
                     <surname>Laczniak</surname>
                  </string-name>
               </person-group>
               <issue>December</issue>
               <fpage>303</fpage>
               <volume>19</volume>
               <source>Journal of Business Research</source>
               <year>1989</year>
            </mixed-citation>
         </ref>
         <ref id="d8391e1170a1310">
            <mixed-citation id="d8391e1174" publication-type="book">
Lutz, Richard J. (1985), "Affective and Cognitive Antecedents of
Attitude Toward the Ad: A Conceptual Framework," in Psy-
chological Process and Advertising Effects: Theory, Research
and Application, L. F. Alwitt and A. A. Mitchell, eds., Hillsdale,
NJ: Lawrence Erlbaum, 45-63.<person-group>
                  <string-name>
                     <surname>Lutz</surname>
                  </string-name>
               </person-group>
               <comment content-type="section">Affective and Cognitive Antecedents of Attitude Toward the Ad: A Conceptual Framework</comment>
               <fpage>45</fpage>
               <source>Psychological Process and Advertising Effects: Theory, Research and Application</source>
               <year>1985</year>
            </mixed-citation>
         </ref>
         <ref id="d8391e1215a1310">
            <mixed-citation id="d8391e1219" publication-type="journal">
MacKenzie, Scott B. and Richard J. Lutz (1989), "An Empirical
Examination of the Structural Antecedents of Attitude To-
ward the Ad in an Advertising Pretesting Context," Journal
of Marketing, 53 (April), 48-65.<object-id pub-id-type="doi">10.2307/1251413</object-id>
               <fpage>48</fpage>
            </mixed-citation>
         </ref>
         <ref id="d8391e1242a1310">
            <mixed-citation id="d8391e1246" publication-type="journal">
- , Richard J. Lutz, and George E. Belch (1986), "The
Role of Attitude Toward the Ad as a Mediator of Advertising
Effectiveness: A Test of Competing Explanations," Journal of
Marketing Research, 23 (May), 130-143.<object-id pub-id-type="doi">10.2307/3151660</object-id>
               <fpage>130</fpage>
            </mixed-citation>
         </ref>
         <ref id="d8391e1269a1310">
            <mixed-citation id="d8391e1273" publication-type="journal">
and Richard A. Spreng (1992), "How Docs Motiva-
tion Moderate the Impact of Central and Peripheral Process-
ing on Brand Attitudes and Intentions?" Journal of Consumer
Research, 18 (March), 519-529.<object-id pub-id-type="jstor">10.2307/2489263</object-id>
               <fpage>519</fpage>
            </mixed-citation>
         </ref>
         <ref id="d8391e1296a1310">
            <mixed-citation id="d8391e1300" publication-type="journal">
Mackie, Diane M. and Leila T. Worth (1989), "Processing Deficits
and Mediation of Positive Affect in Persuasion," Journal of
Personality and Social Psychology, 57 (July), 27-40.<person-group>
                  <string-name>
                     <surname>Mackie</surname>
                  </string-name>
               </person-group>
               <issue>July</issue>
               <fpage>27</fpage>
               <volume>57</volume>
               <source>Journal of Personality and Social Psychology</source>
               <year>1989</year>
            </mixed-citation>
         </ref>
         <ref id="d8391e1338a1310">
            <mixed-citation id="d8391e1342" publication-type="book">
— and-(1991), "Feeling Good But Not Think-
ing Straight: The Impact of Positive Mood on Persuasion," in
Emotion and Social Judgments, Joseph P. Forgas, ed., New
York: Pergamon Press, 201-219.<person-group>
                  <string-name>
                     <surname>Mackie</surname>
                  </string-name>
               </person-group>
               <comment content-type="section">Feeling Good But Not Thinking Straight: The Impact of Positive Mood on Persuasion</comment>
               <fpage>201</fpage>
               <source>Emotion and Social Judgments</source>
               <year>1991</year>
            </mixed-citation>
         </ref>
         <ref id="d8391e1381a1310">
            <mixed-citation id="d8391e1385" publication-type="book">
Mano, Haim (1990), "Emotional States and Decision Making," in
Advances in Consumer Research, Vol. 17, Marvin E. Goldberg,
Gerald Gorn and Richard W. Pollay, eds., Provo, UT: Associa-
tion for Consumer Research, 577-584.<person-group>
                  <string-name>
                     <surname>Mano</surname>
                  </string-name>
               </person-group>
               <comment content-type="section">Emotional States and Decision Making</comment>
               <fpage>577</fpage>
               <volume>17</volume>
               <source>Advances in Consumer Research</source>
               <year>1990</year>
            </mixed-citation>
         </ref>
         <ref id="d8391e1426a1310">
            <mixed-citation id="d8391e1430" publication-type="journal">
— (1992), "Judgments Under Distress: Assessing the
Role of Unpleasantness and Arousal in Judgment Forma-
tion," Organizational Behavior and Human Decision Processes,
52 (July), 216-245.<person-group>
                  <string-name>
                     <surname>Mano</surname>
                  </string-name>
               </person-group>
               <issue>July</issue>
               <fpage>216</fpage>
               <volume>52</volume>
               <source>Organizational Behavior and Human Decision Processes</source>
               <year>1992</year>
            </mixed-citation>
         </ref>
         <ref id="d8391e1471a1310">
            <mixed-citation id="d8391e1475" publication-type="book">
Marketing Science Institute (1992-1994), Marketing Science Insti-
tute Research Priorities, Cambridge, MA.<person-group>
                  <string-name>
                     <surname>Marketing Science Institute</surname>
                  </string-name>
               </person-group>
               <source>Marketing Science Institute Research Priorities</source>
               <year>1992</year>
            </mixed-citation>
         </ref>
         <ref id="d8391e1500a1310">
            <mixed-citation id="d8391e1504" publication-type="journal">
Martin, Leonard L., David W. Ward, John W. Achec, and Robert S.
Wyer, Jr. (1993), "Mood as Input: People Have to Interpret
the Motivational Implications of Their Moods," Journal of
Personality and Social Psychology, 64 (March), 317-326.<person-group>
                  <string-name>
                     <surname>Martin</surname>
                  </string-name>
               </person-group>
               <issue>March</issue>
               <fpage>317</fpage>
               <volume>64</volume>
               <source>Journal of Personality and Social Psychology</source>
               <year>1993</year>
            </mixed-citation>
         </ref>
         <ref id="d8391e1545a1310">
            <mixed-citation id="d8391e1549" publication-type="journal">
Mathur, Mahima and Amitava Chattopadhyay (1991), "The Im-
pact of Moods Generated by Television Programs on Responses
to Advertising," Psychology and Marketing, 8 (Spring), 59-77.<person-group>
                  <string-name>
                     <surname>Mathur</surname>
                  </string-name>
               </person-group>
               <issue>Spring</issue>
               <fpage>59</fpage>
               <volume>8</volume>
               <source>Psychology and Marketing</source>
               <year>1991</year>
            </mixed-citation>
         </ref>
         <ref id="d8391e1587a1310">
            <mixed-citation id="d8391e1591" publication-type="book">
McClung, Gordon W., C. Whan Park, and William J. Sauer (1985),
"Viewer Processing of Commercial Messages: Context and
Involvement," in Advances in Consumer Research, Vol. 12,
Elizabeth C. Hirschman and Morris B. Holbrook, eds., Provo,
UT: Association for Consumer Research, 351-355.<person-group>
                  <string-name>
                     <surname>McClung</surname>
                  </string-name>
               </person-group>
               <comment content-type="section">Viewer Processing of Commercial Messages: Context and Involvement</comment>
               <fpage>351</fpage>
               <volume>12</volume>
               <source>Advances in Consumer Research</source>
               <year>1985</year>
            </mixed-citation>
         </ref>
         <ref id="d8391e1636a1310">
            <mixed-citation id="d8391e1640" publication-type="book">
Mehrabian, Albert and James A. Russell (1974), An Approach to
Environmental Psychology, Cambridge, MA: MIT Press.<person-group>
                  <string-name>
                     <surname>Mehrabian</surname>
                  </string-name>
               </person-group>
               <source>An Approach to Environmental Psychology</source>
               <year>1974</year>
            </mixed-citation>
         </ref>
         <ref id="d8391e1665a1310">
            <mixed-citation id="d8391e1669" publication-type="journal">
Mick, David Glen (1992), "Levels of Subjective Comprehension in
Advertising Processing and Their Relations to Ad Percep-
tions, Attitudes, and Memory," Journal of Consumer Research,
18 (March), 411-424.<object-id pub-id-type="jstor">10.2307/2489255</object-id>
               <fpage>411</fpage>
            </mixed-citation>
         </ref>
         <ref id="d8391e1692a1310">
            <mixed-citation id="d8391e1696" publication-type="journal">
Mitchell, Andrew A. (1986), "The Effect of Verbal and Visual Com-
ponents of Advertisements on Brand Attitude and Attitude
Toward Advertising," Journal of Consumer Research, 13
(June), 12-29.<object-id pub-id-type="jstor">10.2307/2489283</object-id>
               <fpage>12</fpage>
            </mixed-citation>
         </ref>
         <ref id="d8391e1719a1310">
            <mixed-citation id="d8391e1723" publication-type="journal">
- and Jerry C. Olson (1981), "Are Product Attribute
Beliefs the Only Mediator of Advertising Effects on Brand
Attitude?" Journal of Marketing Research, 18 (August), 318-
332.<object-id pub-id-type="doi">10.2307/3150973</object-id>
               <fpage>318</fpage>
            </mixed-citation>
         </ref>
         <ref id="d8391e1746a1310">
            <mixed-citation id="d8391e1750" publication-type="book">
Morris, William N. (1989), Mood: The Frame of Mind, New York:
Springer-Verlag.<person-group>
                  <string-name>
                     <surname>Morris</surname>
                  </string-name>
               </person-group>
               <source>Mood: The Frame of Mind</source>
               <year>1989</year>
            </mixed-citation>
         </ref>
         <ref id="d8391e1775a1310">
            <mixed-citation id="d8391e1779" publication-type="journal">
Muehling, Darrel D. and Russell N. Laczniak (1988), "Advertising's
Immediate and Delayed Influence on Brand Attitudes: Con-
siderations Across Mes sage-I ? voi ve ment Levels," Journal of
Advertising, 17 (December), 23-34.<person-group>
                  <string-name>
                     <surname>Muehling</surname>
                  </string-name>
               </person-group>
               <issue>December</issue>
               <fpage>23</fpage>
               <volume>17</volume>
               <source>Journal of Advertising</source>
               <year>1988</year>
            </mixed-citation>
         </ref>
         <ref id="d8391e1821a1310">
            <mixed-citation id="d8391e1825" publication-type="journal">
— ,-, and Jeffrey J. Stoltman (1991), "The
Moderating Effects of Ad Message Involvement: A Reassess-
ment," Journal of Advertising, 20 (June), 29-38<person-group>
                  <string-name>
                     <surname>Muehling</surname>
                  </string-name>
               </person-group>
               <issue>June</issue>
               <fpage>29</fpage>
               <volume>20</volume>
               <source>Journal of Advertising</source>
               <year>1991</year>
            </mixed-citation>
         </ref>
         <ref id="d8391e1863a1310">
            <mixed-citation id="d8391e1867" publication-type="journal">
Murry, John P. and Peter A. Dacin (1996), "Cognitive Moderators
of Negative-Emotion Effects: Implications for Understanding
Media Context," Journal of Consumer Research, 22 (March),
439-447.<object-id pub-id-type="jstor">10.2307/2489792</object-id>
               <fpage>439</fpage>
            </mixed-citation>
         </ref>
         <ref id="d8391e1890a1310">
            <mixed-citation id="d8391e1894" publication-type="book">
Nunnally, Jum C. (1978), Psychometric Theory, New York: McGraw-
Hill.<person-group>
                  <string-name>
                     <surname>Nunnally</surname>
                  </string-name>
               </person-group>
               <source>Psychometric Theory</source>
               <year>1978</year>
            </mixed-citation>
         </ref>
         <ref id="d8391e1919a1310">
            <mixed-citation id="d8391e1923" publication-type="journal">
Pavelchak, Mark ?., John H. Antil, and James M. Munch (1988),
"The Super Bowl: An Investigation into the Relationship
Among Program Context, Emotional Experience, and Ad Re-
call," Journal of Consumer Research, 15 (December), 360-367.<object-id pub-id-type="jstor">10.2307/2489469</object-id>
               <fpage>360</fpage>
            </mixed-citation>
         </ref>
         <ref id="d8391e1946a1310">
            <mixed-citation id="d8391e1950" publication-type="book">
Petty, Richard E. and John T. Cacioppo (1981), Attitudes and Per-
suasion: Classic and Contemporary Approaches, Dubuquc,
IA: William C. Brown.<person-group>
                  <string-name>
                     <surname>Petty</surname>
                  </string-name>
               </person-group>
               <source>Attitudes and Persuasion: Classic and Contemporary Approaches</source>
               <year>1981</year>
            </mixed-citation>
         </ref>
         <ref id="d8391e1979a1310">
            <mixed-citation id="d8391e1983" publication-type="book">
— and John T. Cacioppo (1986), Communication and
Persuasion: Central and Peripheral Routes to Attitude Change,
New York: Springer/Verlag.<person-group>
                  <string-name>
                     <surname>Petty</surname>
                  </string-name>
               </person-group>
               <source>Communication and Persuasion: Central and Peripheral Routes to Attitude Change</source>
               <year>1986</year>
            </mixed-citation>
         </ref>
         <ref id="d8391e2013a1310">
            <mixed-citation id="d8391e2017" publication-type="journal">
— , David W. Schumann, Steven A. Richman, and Alan
J. Strathman (1993), "Positive Mood and Persuasion: Differ-
ent Roles for Affect Under High- and Low-Elaboration Condi-
tions," Journal of Personality and Social Psychology, 64 (Janu-
ary), 5-20.<person-group>
                  <string-name>
                     <surname>Petty</surname>
                  </string-name>
               </person-group>
               <issue>January</issue>
               <fpage>5</fpage>
               <volume>64</volume>
               <source>Journal of Personality and Social Psychology</source>
               <year>1993</year>
            </mixed-citation>
         </ref>
         <ref id="d8391e2061a1310">
            <mixed-citation id="d8391e2065" publication-type="journal">
Pieters, Rik G. M. and W. Fred van Raaij (1988), "Functions and
Management of Affect: Applications to Economic Behavior,"
Journal of Economic Psychology, 9 (June), 251-282.<person-group>
                  <string-name>
                     <surname>Pieters</surname>
                  </string-name>
               </person-group>
               <issue>June</issue>
               <fpage>251</fpage>
               <volume>9</volume>
               <source>Journal of Economic Psychology</source>
               <year>1988</year>
            </mixed-citation>
         </ref>
         <ref id="d8391e2103a1310">
            <mixed-citation id="d8391e2107" publication-type="book">
Puto, Christopher P. and William D. Wells (1984), "Informational
and Transformational Advertising: The Differential Effects
of Time," in Advances in Consumer Research, Vol. 11, Thomas
C. Kinnear, ed., Provo, UT: Association for Consumer Re-
search, 638-64 3.<person-group>
                  <string-name>
                     <surname>Puto</surname>
                  </string-name>
               </person-group>
               <comment content-type="section">Informational and Transformational Advertising: The Differential Effects of Time</comment>
               <fpage>638</fpage>
               <volume>11</volume>
               <source>Advances in Consumer Research</source>
               <year>1984</year>
            </mixed-citation>
         </ref>
         <ref id="d8391e2151a1310">
            <mixed-citation id="d8391e2155" publication-type="journal">
Rossiter, John R. and Geoff Eagleson (1994), "Conclusions from
the ARF's Copy Research Validity Project," Journal of Adver-
tising Research, 34 (May/June), 19-32.<person-group>
                  <string-name>
                     <surname>Rossiter</surname>
                  </string-name>
               </person-group>
               <issue>May</issue>
               <fpage>19</fpage>
               <volume>34</volume>
               <source>Journal of Advertising Research</source>
               <year>1994</year>
            </mixed-citation>
         </ref>
         <ref id="d8391e2193a1310">
            <mixed-citation id="d8391e2197" publication-type="journal">
Rust, Roland T. and Bruce Cooil (1994), "Reliability Measures for
Qualitative Data: Theory and Implications," Journal of Mar-
keting Research, 31 (February), 1-14.<object-id pub-id-type="doi">10.2307/3151942</object-id>
               <fpage>1</fpage>
            </mixed-citation>
         </ref>
         <ref id="d8391e2216a1310">
            <mixed-citation id="d8391e2220" publication-type="journal">
Schofield, Janet W. and Mark A. Pavelchak (1989), "Fallout from
The Day After: The Impact of a TV Film on Attitudes Related
to Nuclear War," Journal of Applied Social Psychology, 19
(April), 443^48.<person-group>
                  <string-name>
                     <surname>Schofield</surname>
                  </string-name>
               </person-group>
               <issue>April</issue>
               <fpage>443</fpage>
               <volume>19</volume>
               <source>Journal of Applied Social Psychology</source>
               <year>1989</year>
            </mixed-citation>
         </ref>
         <ref id="d8391e2262a1310">
            <mixed-citation id="d8391e2266" publication-type="book">
Schwarz, Norbert (1990), "Feelings as Information: Informational
and Motivational Functions of Affective States," in Handbook
of Motivation and Cognition: Foundations of Social Behavior,
Vol. 2, E. Tory Higgins and Richard M. Sorrentino, eds., New
York: Gu il ford Press, 527-561.<person-group>
                  <string-name>
                     <surname>Schwarz</surname>
                  </string-name>
               </person-group>
               <comment content-type="section">Feelings as Information: Informational and Motivational Functions of Affective States</comment>
               <fpage>527</fpage>
               <volume>2</volume>
               <source>Handbook of Motivation and Cognition: Foundations of Social Behavior</source>
               <year>1990</year>
            </mixed-citation>
         </ref>
         <ref id="d8391e2310a1310">
            <mixed-citation id="d8391e2314" publication-type="journal">
— , Herbert Bless, and Gerd Bohner (1991), "Mood and
Persuasion: Affective States Influence the Processing of Per-
suasive Communications," Advances in Experimental Social
Psychology, 24, 161-199.<person-group>
                  <string-name>
                     <surname>Schwarz</surname>
                  </string-name>
               </person-group>
               <fpage>161</fpage>
               <volume>24</volume>
               <source>Advances in Experimental Social Psychology</source>
               <year>1991</year>
            </mixed-citation>
         </ref>
         <ref id="d8391e2352a1310">
            <mixed-citation id="d8391e2356" publication-type="book">
Sinclair, Robert C. and Mclvin M. Mark (1992), "The Influence of
Mood State on Judgments and Action: Effects on Persuasion,
Categorization, Social Justice, Person Perception, and Judg-
mental Accuracy," in The Construction of Social Judgment,
Leonard L. Martin and Abraham Tesser, eds., Hillsdale, NJ:
Lawrence Erlbaum, 165-193.<person-group>
                  <string-name>
                     <surname>Sinclair</surname>
                  </string-name>
               </person-group>
               <comment content-type="section">The Influence of Mood State on Judgments and Action: Effects on Persuasion, Categorization, Social Justice, Person Perception, and Judgmental Accuracy</comment>
               <fpage>165</fpage>
               <source>The Construction of Social Judgment</source>
               <year>1992</year>
            </mixed-citation>
         </ref>
         <ref id="d8391e2400a1310">
            <mixed-citation id="d8391e2404" publication-type="journal">
Singh, Surendra N. and Jacqueline C. Hitchon (1989), "The Inten-
sifying Effects of Exciting Television Programs on the Recep-
tion of Subsequent Commercials," Psychology &amp; Marketing, 6
(Spring), 1-31.<person-group>
                  <string-name>
                     <surname>Singh</surname>
                  </string-name>
               </person-group>
               <issue>Spring</issue>
               <fpage>1</fpage>
               <volume>6</volume>
               <source>Psychology &amp; Marketing</source>
               <year>1989</year>
            </mixed-citation>
         </ref>
         <ref id="d8391e2445a1310">
            <mixed-citation id="d8391e2449" publication-type="journal">
Smith, Stephen M. and David R. Shaffer (1991), "The Effects of
Good Mood on Systematic Processing: 'Willing but Not Able,'
or 'Able but Not Willing?'" Motivation and Emotion, 15 (4),
243-279.<person-group>
                  <string-name>
                     <surname>Smith</surname>
                  </string-name>
               </person-group>
               <issue>4</issue>
               <fpage>243</fpage>
               <volume>15</volume>
               <source>Motivation and Emotion</source>
               <year>1991</year>
            </mixed-citation>
         </ref>
         <ref id="d8391e2490a1310">
            <mixed-citation id="d8391e2494" publication-type="journal">
Soldow, Gary F. and Victor Principe ( 1981), "Response to Commer-
cials as a Function of Program Context," Journal of Advertis-
ing Research, 21 (April), 59-65.<person-group>
                  <string-name>
                     <surname>Soldow</surname>
                  </string-name>
               </person-group>
               <issue>April</issue>
               <fpage>59</fpage>
               <volume>21</volume>
               <source>Journal of Advertising Research</source>
               <year>1981</year>
            </mixed-citation>
         </ref>
         <ref id="d8391e2533a1310">
            <mixed-citation id="d8391e2537" publication-type="book">
Srull, Thomas K. (1984), "The Effects of Subjective Affective States
on Memory and Judgment," in Advances in Consumer Re-
search, Vol. 11, Thomas C. Kinnear, ed., Provo, UT: Associa-
tion for Consumer Research, 530-533.<person-group>
                  <string-name>
                     <surname>Srull</surname>
                  </string-name>
               </person-group>
               <comment content-type="section">The Effects of Subjective Affective States on Memory and Judgment</comment>
               <fpage>530</fpage>
               <volume>11</volume>
               <source>Advances in Consumer Research</source>
               <year>1984</year>
            </mixed-citation>
         </ref>
         <ref id="d8391e2578a1310">
            <mixed-citation id="d8391e2582" publication-type="journal">
Walker, David and Tony M. Dubitsky (1994), "Why Liking Mat-
ters," Journal of Advertising Research, 34 (May/June), 9-18.<person-group>
                  <string-name>
                     <surname>Walker</surname>
                  </string-name>
               </person-group>
               <issue>May</issue>
               <fpage>9</fpage>
               <volume>34</volume>
               <source>Journal of Advertising Research</source>
               <year>1994</year>
            </mixed-citation>
         </ref>
         <ref id="d8391e2617a1310">
            <mixed-citation id="d8391e2621" publication-type="journal">
Worth, Leila T. and Diane M. Mackie (1987), "Cognitive Mediation
of Positive Affect in Persuasion," Social Cognition, 5 (Spring),
76-94.<person-group>
                  <string-name>
                     <surname>Worth</surname>
                  </string-name>
               </person-group>
               <issue>Spring</issue>
               <fpage>76</fpage>
               <volume>5</volume>
               <source>Social Cognition</source>
               <year>1987</year>
            </mixed-citation>
         </ref>
         <ref id="d8391e2659a1310">
            <mixed-citation id="d8391e2663" publication-type="journal">
Zillmann, Dolf (1988), "Mood Management Through Communica-
tion Choices," American Behavioral Scientist, 31 (January/
February), 327-340.<person-group>
                  <string-name>
                     <surname>Zillmann</surname>
                  </string-name>
               </person-group>
               <issue>January</issue>
               <fpage>327</fpage>
               <volume>31</volume>
               <source>American Behavioral Scientist</source>
               <year>1988</year>
            </mixed-citation>
         </ref>
      </ref-list>
   </back>
</article>
