<article xmlns:xsi="http://www.w3.org/2001/XMLSchema-instance"
         xmlns:xlink="http://www.w3.org/1999/xlink"
         xmlns:mml="http://www.w3.org/1998/Math/MathML"
         dtd-version="1.0"
         article-type="research-article">
   <front>
      <journal-meta>
         <journal-id journal-id-type="jstor">jadve</journal-id>
         <journal-id journal-id-type="jstor">jadve</journal-id>
         <journal-id journal-id-type="jstor">j101355</journal-id>
         <journal-title-group>
            <journal-title>Journal of Advertising</journal-title>
         </journal-title-group>
         <publisher>
            <publisher-name>M. E. Sharpe, Inc.</publisher-name>
         </publisher>
         <issn pub-type="ppub">00913367</issn>
         <issn pub-type="epub">15577805</issn>
      </journal-meta>
      <article-meta>
         <article-id pub-id-type="jstor">4189277</article-id>
         <title-group>
            <article-title>Australian Media Vehicles' Standards for Acceptable Advertising</article-title>
         </title-group>
         <contrib-group>
            <contrib contrib-type="author">
               <string-name>
                  <given-names>Herbert Jack</given-names>
                  <surname>Rotfeld</surname>
               </string-name>
            </contrib>
            <contrib contrib-type="author">
               <string-name>Colin Jevons</string-name>
            </contrib>
            <contrib contrib-type="author">
               <string-name>
                  <given-names>Irene</given-names>
                  <surname>Powell</surname>
               </string-name>
            </contrib>
         </contrib-group>
         <pub-date>
            <day>1</day>
            <month>12</month>
            <year>2004</year>
         </pub-date>
         <volume>33</volume>
         <issue>4</issue>
         <issue-id>i394122</issue-id>
         <fpage>65</fpage>
         <lpage>73</lpage>
         <page-range>65-73</page-range>
         <permissions>
            <copyright-statement>Copyright 2004 American Academy of Advertising</copyright-statement>
         </permissions>
         <self-uri xlink:href="http://www.jstor.org/stable/4189277"/>
         <abstract>
            <p>U.S. and Australian media vehicles are not required to publish or broadcast every commercial advertising message submitted. To the contrary, owners and managers are free to designate anyone's message as unacceptable, and, in fact, they do so, for many reasons. Building on the research literature on U.S. business practices, this paper reports results of depth interviews with Australian media managers on their approaches to deciding what advertising materials to accept or reject. The U.S.-based literature provides the basis for a model that illustrates the influences on media vehicles' decisions, and Australian managers' responses indicate that it readily applies in their country as well. Overall, similar to U.S. practices, the single most important reason for rejection of advertisements in Australia is a breach of taste, although Australian vehicle managers more readily and visibly assert deference to the judgment of their more numerous and active trade associations.</p>
         </abstract>
         <custom-meta-group>
            <custom-meta>
               <meta-name>lang</meta-name>
               <meta-value>eng</meta-value>
            </custom-meta>
         </custom-meta-group>
      </article-meta>
   </front>
   <back>
      <ref-list>
         <title>References</title>
         <ref id="d32272e151a1310">
            <mixed-citation id="d32272e155" publication-type="journal">
AANA/AFA/OAAA (Australian Association of National Adver-
tisers/Australian Advertising Federation/Outdoor Advertis-
ing Association of Australia) (2001), Outdoor Advertising
Advisory Paper and Checklist (May).<person-group>
                  <string-name>
                     <surname>AANA/AFA/OAAA (Australian Association of National Advertisers/Australian Advertising Federation/Outdoor Advertising Association of Australia)</surname>
                  </string-name>
               </person-group>
               <issue>May</issue>
               <source>Outdoor Advertising Advisory Paper and Checklist</source>
               <year>2001</year>
            </mixed-citation>
         </ref>
         <ref id="d32272e190a1310">
            <mixed-citation id="d32272e194" publication-type="other">
Advertising Standards Bureau (2003a), Case Reports, ref. no.
273/03, September 9.</mixed-citation>
         </ref>
         <ref id="d32272e204a1310">
            <mixed-citation id="d32272e208" publication-type="other">
—(2003b), Case Reports, ref. no. 396/03, December 9.</mixed-citation>
         </ref>
         <ref id="d32272e215a1310">
            <mixed-citation id="d32272e219" publication-type="journal">
Anthony, Sheila (2003), "Let's Clean Up the Diet-Ad Mess,"
Advertising Age, 74 (February 3).<person-group>
                  <string-name>
                     <surname>Anthony</surname>
                  </string-name>
               </person-group>
               <issue>February 3</issue>
               <volume>74</volume>
               <source>Advertising Age</source>
               <year>2003</year>
            </mixed-citation>
         </ref>
         <ref id="d32272e252a1310">
            <mixed-citation id="d32272e256" publication-type="journal">
Boddewyn, J. J. (1985), "Advertising Self-Regulation: Private
Government and Agent of Public Policy," Journal of Public
Policy and Marketing, 4, 129-141.<person-group>
                  <string-name>
                     <surname>Boddewyn</surname>
                  </string-name>
               </person-group>
               <fpage>129</fpage>
               <volume>4</volume>
               <source>Journal of Public Policy and Marketing</source>
               <year>1985</year>
            </mixed-citation>
         </ref>
         <ref id="d32272e291a1310">
            <mixed-citation id="d32272e295" publication-type="journal">
—(1991), "Controlling Sex and Decency in Advertising
Around the World," Journal of Advertising, 20 (December),
25-36.<person-group>
                  <string-name>
                     <surname>Boddewyn</surname>
                  </string-name>
               </person-group>
               <issue>December</issue>
               <fpage>25</fpage>
               <volume>20</volume>
               <source>Journal of Advertising</source>
               <year>1991</year>
            </mixed-citation>
         </ref>
         <ref id="d32272e333a1310">
            <mixed-citation id="d32272e337" publication-type="journal">
Bosterhous, Patricia (1983), "United States v. National Asso-
ciation of Broadcasters: The Deregulation of Self-Regula-
tion," Federal Communications Law Journal, 35 (Fall),
313-346.<person-group>
                  <string-name>
                     <surname>Bosterhous</surname>
                  </string-name>
               </person-group>
               <issue>Fall</issue>
               <fpage>313</fpage>
               <volume>35</volume>
               <source>Federal Communications Law Journal</source>
               <year>1983</year>
            </mixed-citation>
         </ref>
         <ref id="d32272e378a1310">
            <mixed-citation id="d32272e382" publication-type="journal">
Campbell, Angela J. (1999), "Self-Regulation and the Media,"
Federal Communications Law Journal, 51 (3), 711-771.<person-group>
                  <string-name>
                     <surname>Campbell</surname>
                  </string-name>
               </person-group>
               <issue>3</issue>
               <fpage>711</fpage>
               <volume>51</volume>
               <source>Federal Communications Law Journal</source>
               <year>1999</year>
            </mixed-citation>
         </ref>
         <ref id="d32272e417a1310">
            <mixed-citation id="d32272e421" publication-type="book">
FTC (Federal Trade Commission) (2002), "Deception in Weight
Loss Advertising: A Workshop" (November 19), Washing-
ton, DC: Federal Trade Commission.<person-group>
                  <string-name>
                     <surname>FTC (Federal Trade Commission)</surname>
                  </string-name>
               </person-group>
               <source>Deception in Weight Loss Advertising: A Workshop</source>
               <year>2002</year>
            </mixed-citation>
         </ref>
         <ref id="d32272e450a1310">
            <mixed-citation id="d32272e454" publication-type="journal">
Galloway, Chester S. (2003), "The First Amendment and FTC
Weight-Loss Advertising Regulation," Journal of Consumer
Affairs, 37 (Winter), 413-423.<person-group>
                  <string-name>
                     <surname>Galloway</surname>
                  </string-name>
               </person-group>
               <issue>Winter</issue>
               <fpage>413</fpage>
               <volume>37</volume>
               <source>Journal of Consumer Affairs</source>
               <year>2003</year>
            </mixed-citation>
         </ref>
         <ref id="d32272e493a1310">
            <mixed-citation id="d32272e497" publication-type="journal">
—, Herbert Jack Rotfeld, and Jef I. Richards (2005), "Hold
Media Responsible for Deceptive Weight-Loss Advertis-
ing," West Virginia Law Review, 107 (Winter, in press).<person-group>
                  <string-name>
                     <surname>Galloway</surname>
                  </string-name>
               </person-group>
               <issue>Winter</issue>
               <volume>107</volume>
               <source>West Virginia Law Review</source>
               <year>2005</year>
            </mixed-citation>
         </ref>
         <ref id="d32272e532a1310">
            <mixed-citation id="d32272e536" publication-type="journal">
Garvin, David A. (1983), "Can Industry Self-Regulation Work?"
California Management Review, 25 (Summer), 37-52.<person-group>
                  <string-name>
                     <surname>Garvin</surname>
                  </string-name>
               </person-group>
               <issue>Summer</issue>
               <fpage>37</fpage>
               <volume>25</volume>
               <source>California Management Review</source>
               <year>1983</year>
            </mixed-citation>
         </ref>
         <ref id="d32272e571a1310">
            <mixed-citation id="d32272e575" publication-type="journal">
Harker, Debra, and Michael Harker (2000), "The Role of Codes
of Conduct in the Advertising Self-Regulatory Framework,"
Journal of Macromarketing, 20(2), 155-166.<person-group>
                  <string-name>
                     <surname>Harker</surname>
                  </string-name>
               </person-group>
               <issue>2</issue>
               <fpage>155</fpage>
               <volume>20</volume>
               <source>Journal of Macromarketing</source>
               <year>2000</year>
            </mixed-citation>
         </ref>
         <ref id="d32272e613a1310">
            <mixed-citation id="d32272e617" publication-type="journal">
Hartley, Laura (2004), "ACCC Targets Misleading Ads," Ad News
(May 7), 11.<person-group>
                  <string-name>
                     <surname>Hartley</surname>
                  </string-name>
               </person-group>
               <issue>May 7</issue>
               <fpage>11</fpage>
               <source>Ad News</source>
               <year>2004</year>
            </mixed-citation>
         </ref>
         <ref id="d32272e649a1310">
            <mixed-citation id="d32272e653" publication-type="journal">
Hayes, Rader, and Herbert J. Rotfeld (1989), "Infomercials and
Cable Network Programming," Advancing the Consumer In-
terest, 1 (2), 17-22.<person-group>
                  <string-name>
                     <surname>Hayes</surname>
                  </string-name>
               </person-group>
               <issue>2</issue>
               <fpage>17</fpage>
               <volume>1</volume>
               <source>Advancing the Consumer Interest</source>
               <year>1989</year>
            </mixed-citation>
         </ref>
         <ref id="d32272e691a1310">
            <mixed-citation id="d32272e695" publication-type="journal">
Kerr, Gayle, and Cheryl Moran (2002), "Any Complaints? A
Review of the Framework of Self-Regulation in the Austra-
lian Advertising Industry," Journal of Marketing Communi-
cations, 8 (3), 189-202.<person-group>
                  <string-name>
                     <surname>Kerr</surname>
                  </string-name>
               </person-group>
               <issue>3</issue>
               <fpage>189</fpage>
               <volume>8</volume>
               <source>Journal of Marketing Communications</source>
               <year>2002</year>
            </mixed-citation>
         </ref>
         <ref id="d32272e737a1310">
            <mixed-citation id="d32272e743" publication-type="journal">
LaBarbera, Priscilla A. (1983), "The Diffusion of Trade Associa-
tion Advertising Self-Regulation," Journal of Marketing,
47 (Winter), 58-67.<object-id pub-id-type="doi">10.2307/3203427</object-id>
               <fpage>58</fpage>
            </mixed-citation>
         </ref>
         <ref id="d32272e762a1310">
            <mixed-citation id="d32272e766" publication-type="journal">
Lacher, Kathleen T, and Herbert J. Rotfeld (1994), "Newspaper
Policies on the Potential Merging of Advertising and News
Content," Journal of Public Policy and Marketing, 13 (Fall),
281-289.<person-group>
                  <string-name>
                     <surname>Lacher</surname>
                  </string-name>
               </person-group>
               <issue>Fall</issue>
               <fpage>281</fpage>
               <volume>13</volume>
               <source>Journal of Public Policy and Marketing</source>
               <year>1994</year>
            </mixed-citation>
         </ref>
         <ref id="d32272e807a1310">
            <mixed-citation id="d32272e811" publication-type="journal">
Levin, Harvey J. (1967), "The Limits of Self-Regulation," Co-
lumbia Law Review, 61 (April), 603-644.<object-id pub-id-type="doi">10.2307/1121082</object-id>
               <fpage>603</fpage>
            </mixed-citation>
         </ref>
         <ref id="d32272e827a1310">
            <mixed-citation id="d32272e831" publication-type="journal">
Maddox, Lynda M., and Eric J. Zanot (1984), "Suspension of the
NAB Code and Its Effect on Regulation of Advertising,"
Journalism Quarterly, 61 (Spring), 125-130, 156.<person-group>
                  <string-name>
                     <surname>Maddox</surname>
                  </string-name>
               </person-group>
               <issue>Spring</issue>
               <fpage>125</fpage>
               <volume>61</volume>
               <source>Journalism Quarterly</source>
               <year>1984</year>
            </mixed-citation>
         </ref>
         <ref id="d32272e869a1310">
            <mixed-citation id="d32272e873" publication-type="journal">
Maitland, Ian (1985), "The Limits of Business Self-Regulation,"
California Management Review, 27 (Spring), 132-147.<person-group>
                  <string-name>
                     <surname>Maitland</surname>
                  </string-name>
               </person-group>
               <issue>Spring</issue>
               <fpage>132</fpage>
               <volume>27</volume>
               <source>California Management Review</source>
               <year>1985</year>
            </mixed-citation>
         </ref>
         <ref id="d32272e908a1310">
            <mixed-citation id="d32272e912" publication-type="journal">
Parsons, Patrick R., and Herbert J. Rotfeld (1990), "Infomercials
and Television Station Clearance Practices" Journal of Pub-
lic Policy and Marketing, 9, 62-72.<person-group>
                  <string-name>
                     <surname>Parsons</surname>
                  </string-name>
               </person-group>
               <fpage>62</fpage>
               <volume>9</volume>
               <source>Journal of Public Policy and Marketing</source>
               <year>1990</year>
            </mixed-citation>
         </ref>
         <ref id="d32272e948a1310">
            <mixed-citation id="d32272e952" publication-type="journal">
—,-, and Todd Gray (1987), "Magazine Publisher and
Advertising Manager Standards for Acceptable Advertising,"
Current Issues and Research in Advertising, 10, 199-211.<person-group>
                  <string-name>
                     <surname>Parsons</surname>
                  </string-name>
               </person-group>
               <fpage>199</fpage>
               <volume>10</volume>
               <source>Current Issues and Research in Advertising</source>
               <year>1987</year>
            </mixed-citation>
         </ref>
         <ref id="d32272e987a1310">
            <mixed-citation id="d32272e991" publication-type="journal">
Pearson, Gail (1996), "Naked Men, Food and Water: Marketing
Law and Codes of Practice," Current Commercial Law, 4 (May),
21-32.<person-group>
                  <string-name>
                     <surname>Pearson</surname>
                  </string-name>
               </person-group>
               <issue>May</issue>
               <fpage>21</fpage>
               <volume>4</volume>
               <source>Current Commercial Law</source>
               <year>1996</year>
            </mixed-citation>
         </ref>
         <ref id="d32272e1029a1310">
            <mixed-citation id="d32272e1033" publication-type="journal">
—(1999), "Disbanding an Effective System for Self-Regu-
lation of Advertising: Beyond the Media Council of Aus-
tral va" Journal of Consumer Policy, 22 (September), 331-360.<person-group>
                  <string-name>
                     <surname>Pearson</surname>
                  </string-name>
               </person-group>
               <issue>September</issue>
               <fpage>331</fpage>
               <volume>22</volume>
               <source>Journal of Consumer Policy</source>
               <year>1999</year>
            </mixed-citation>
         </ref>
         <ref id="d32272e1071a1310">
            <mixed-citation id="d32272e1075" publication-type="other">
Portrayal of Women Advisory Committee (2002), "The Portrayal
of Women in Outdoor Advertising" (February).</mixed-citation>
         </ref>
         <ref id="d32272e1085a1310">
            <mixed-citation id="d32272e1089" publication-type="journal">
Rotfeld, Herbert J. (1992), "Power and Limitations of Media
Clearance Practices and Advertising Self- Régulât ion, "Jour-
nal of Public Policy and Marketing, 10 (Spring), 87-95.<person-group>
                  <string-name>
                     <surname>Rotfeld</surname>
                  </string-name>
               </person-group>
               <issue>Spring</issue>
               <fpage>87</fpage>
               <volume>10</volume>
               <source>Journal of Public Policy and Marketing</source>
               <year>1992</year>
            </mixed-citation>
         </ref>
         <ref id="d32272e1127a1310">
            <mixed-citation id="d32272e1131" publication-type="journal">
—(2003), "Desires Versus the Reality of Self Regulation,"
Journal of Consumer Affairs, 37 (Winter), 424-427.<person-group>
                  <string-name>
                     <surname>Rotfeld</surname>
                  </string-name>
               </person-group>
               <issue>Winter</issue>
               <fpage>424</fpage>
               <volume>37</volume>
               <source>Journal of Consumer Affairs</source>
               <year>2003</year>
            </mixed-citation>
         </ref>
         <ref id="d32272e1167a1310">
            <mixed-citation id="d32272e1171" publication-type="journal">
—, and Avery M. Abernethy (1991), "Radio Station Ac-
ceptance of AIDS-Related Safe-Sex Messages," Journal of
Health Care Marketing, 11 (June), 33-40.<person-group>
                  <string-name>
                     <surname>Rotfeld</surname>
                  </string-name>
               </person-group>
               <issue>June</issue>
               <fpage>33</fpage>
               <volume>11</volume>
               <source>Journal of Health Care Marketing</source>
               <year>1991</year>
            </mixed-citation>
         </ref>
         <ref id="d32272e1209a1310">
            <mixed-citation id="d32272e1213" publication-type="journal">
—, and-(1992), "Radio Station Standards for Ac-
ceptable Advert ising," Journal of Business Research, 24 (June),
161-175.<person-group>
                  <string-name>
                     <surname>Rotfeld</surname>
                  </string-name>
               </person-group>
               <issue>June</issue>
               <fpage>161</fpage>
               <volume>24</volume>
               <source>Journal of Business Research</source>
               <year>1992</year>
            </mixed-citation>
         </ref>
         <ref id="d32272e1251a1310">
            <mixed-citation id="d32272e1255" publication-type="journal">
—,-, and Patrick R. Parsons (1990), "Self-Regula-
tion and Television Advertising," Journal of Advertising,
19(4), 18-26.<person-group>
                  <string-name>
                     <surname>Rotfeld</surname>
                  </string-name>
               </person-group>
               <issue>4</issue>
               <fpage>18</fpage>
               <volume>19</volume>
               <source>Journal of Advertising</source>
               <year>1990</year>
            </mixed-citation>
         </ref>
         <ref id="d32272e1293a1310">
            <mixed-citation id="d32272e1297" publication-type="journal">
—, Kathleen T. Lacher, and Michael S. LaTour (1996),
"Newspaper Standards for Acceptable Advertising," Jour-
nal of Advertising Research, 36 (September/October), 37-48.<person-group>
                  <string-name>
                     <surname>Rotfeld</surname>
                  </string-name>
               </person-group>
               <issue>September</issue>
               <fpage>37</fpage>
               <volume>36</volume>
               <source>Journal of Advertising Research</source>
               <year>1996</year>
            </mixed-citation>
         </ref>
         <ref id="d32272e1335a1310">
            <mixed-citation id="d32272e1339" publication-type="journal">
—, and Patrick R. Parsons (1989), "Self-Regulation and Maga-
zine Advertising," Journal of Advertising, 18 (4), 33-40.<person-group>
                  <string-name>
                     <surname>Rotfeld</surname>
                  </string-name>
               </person-group>
               <issue>4</issue>
               <fpage>33</fpage>
               <volume>18</volume>
               <source>Journal of Advertising</source>
               <year>1989</year>
            </mixed-citation>
         </ref>
         <ref id="d32272e1374a1310">
            <mixed-citation id="d32272e1378" publication-type="journal">
—, Avery M. Abernethy, and John V. Pavlik
(1990), "Television Station Standards for Acceptable Ad-
vertising," Journal of Consumer Affairs, 24 (Winter), 392-
410.<person-group>
                  <string-name>
                     <surname>Rotfeld</surname>
                  </string-name>
               </person-group>
               <issue>Winter</issue>
               <fpage>392</fpage>
               <volume>24</volume>
               <source>Journal of Consumer Affairs</source>
               <year>1990</year>
            </mixed-citation>
         </ref>
         <ref id="d32272e1420a1310">
            <mixed-citation id="d32272e1424" publication-type="book">
Rotfeld, Herbert Jack (2001), Adventures in Misplaced Marketing,
Westport, CT: Quorum Books.<person-group>
                  <string-name>
                     <surname>Rotfeld</surname>
                  </string-name>
               </person-group>
               <source>Adventures in Misplaced Marketing</source>
               <year>2001</year>
            </mixed-citation>
         </ref>
         <ref id="d32272e1449a1310">
            <mixed-citation id="d32272e1453" publication-type="journal">
Volkov, Michael, Debra Harker, and Michael Harker (2002),
"Complaint Behavior: A Study of the Differences Between
Complaints About Advertising in Australia and the Popu-
lation at Large," Journal of Consumer Marketing, 19 (4), 319-
332.<person-group>
                  <string-name>
                     <surname>Volkov</surname>
                  </string-name>
               </person-group>
               <issue>4</issue>
               <fpage>319</fpage>
               <volume>19</volume>
               <source>Journal of Consumer Marketing</source>
               <year>2002</year>
            </mixed-citation>
         </ref>
         <ref id="d32272e1497a1310">
            <mixed-citation id="d32272e1501" publication-type="journal">
Weber, Matthew G. (1991), "Media Liability for Publication of
Advertising: When to Kill the Messenger," Denver Law
Review, 68(1), 57-78.<person-group>
                  <string-name>
                     <surname>Weber</surname>
                  </string-name>
               </person-group>
               <issue>1</issue>
               <fpage>57</fpage>
               <volume>68</volume>
               <source>Denver Law Review</source>
               <year>1991</year>
            </mixed-citation>
         </ref>
         <ref id="d32272e1539a1310">
            <mixed-citation id="d32272e1543" publication-type="journal">
Wicks, Jan LeBlanc (1991a), "An Exploratory Study of Televi-
sion Advertising Practices: Do Profitability and Organiza-
tion Size Affect Clearance Formality?" Journal of Advertising,
20 (September), 57-68.<person-group>
                  <string-name>
                     <surname>Wicks</surname>
                  </string-name>
               </person-group>
               <issue>September</issue>
               <fpage>57</fpage>
               <volume>20</volume>
               <source>Journal of Advertising</source>
               <year>1991</year>
            </mixed-citation>
         </ref>
         <ref id="d32272e1584a1310">
            <mixed-citation id="d32272e1588" publication-type="journal">
—(1991b), "Varying Commercialization and Clutter Lev-
els to Enhance Television Airtime Attractiveness in Early
fringe," Journal of Media Economics, 4 (Summer), 3-18.<person-group>
                  <string-name>
                     <surname>Wicks</surname>
                  </string-name>
               </person-group>
               <issue>Summer</issue>
               <fpage>3</fpage>
               <volume>4</volume>
               <source>Journal of Media Economics</source>
               <year>1991</year>
            </mixed-citation>
         </ref>
         <ref id="d32272e1626a1310">
            <mixed-citation id="d32272e1630" publication-type="journal">
Zanot, Eric J. (1985), "Unseen But Effective Advertising Regu-
lation: The Clearance Process," Journal of Advertising, 14 (4),
44-51,59,68.<person-group>
                  <string-name>
                     <surname>Zanot</surname>
                  </string-name>
               </person-group>
               <issue>4</issue>
               <fpage>44</fpage>
               <volume>14</volume>
               <source>Journal of Advertising</source>
               <year>1985</year>
            </mixed-citation>
         </ref>
      </ref-list>
   </back>
</article>
