<article xmlns:xsi="http://www.w3.org/2001/XMLSchema-instance"
         xmlns:xlink="http://www.w3.org/1999/xlink"
         xmlns:mml="http://www.w3.org/1998/Math/MathML"
         dtd-version="1.0"
         article-type="research-article">
   <front>
      <journal-meta>
         <journal-id journal-id-type="jstor">jadve</journal-id>
         <journal-id journal-id-type="jstor">jadve</journal-id>
         <journal-id journal-id-type="jstor">j101355</journal-id>
         <journal-title-group>
            <journal-title>Journal of Advertising</journal-title>
         </journal-title-group>
         <publisher>
            <publisher-name>Board of Directors, American Academy of Advertising</publisher-name>
         </publisher>
         <issn pub-type="ppub">00913367</issn>
         <issn pub-type="epub">15577805</issn>
      </journal-meta>
      <article-meta>
         <article-id pub-id-type="jstor">4189171</article-id>
         <title-group>
            <article-title>Time Pressure and Information in Sales Promotion Strategy: Conceptual Framework and Content Analysis</article-title>
         </title-group>
         <contrib-group>
            <contrib contrib-type="author">
               <string-name>
                  <given-names>Nancy</given-names>
                  <surname>Spears</surname>
               </string-name>
            </contrib>
         </contrib-group>
         <pub-date>
            <day>1</day>
            <month>4</month>
            <year>2001</year>
         </pub-date>
         <volume>30</volume>
         <issue>1</issue>
         <issue-id>i394111</issue-id>
         <fpage>67</fpage>
         <lpage>76</lpage>
         <page-range>67-76</page-range>
         <permissions>
            <copyright-statement>Copyright 2001 American Academy of Advertising</copyright-statement>
         </permissions>
         <self-uri xlink:href="http://www.jstor.org/stable/4189171"/>
         <abstract>
            <p>The purpose of this study is to investigate differences in time pressure and information between two broad classes of promotional offers: (1) "advanced receipts" in which consumers are encouraged to expedite the purchase of a good or service to take advantage of coupons, rebates, price-offs, premiums, etc.; and (2) "delayed payments," in which consumers are urged to "buy now and pay later." A content analysis of 222 promotional offers was conducted using the time and outcome valuation model as a theoretical basis for understanding the role of time pressure in terms of time allowed before the offer expiration as well as copy and information in these different types of promotional offers. The findings indicate that delayed payment offers allow less time to participate than advanced receipt offers, have more time pressure copy for those promotional offers giving a deadline and provide more information.</p>
         </abstract>
         <custom-meta-group>
            <custom-meta>
               <meta-name>lang</meta-name>
               <meta-value>eng</meta-value>
            </custom-meta>
         </custom-meta-group>
      </article-meta>
   </front>
   <back>
      <ref-list>
         <title>References</title>
         <ref id="d12017e124a1310">
            <mixed-citation id="d12017e128" publication-type="other">
Atkinson, Bill (1998), &amp;quot;Consumers&amp;apos; Debt Is Paying Off for Thriving
Collections Industry; Companies Profit from Growing Number
of Unpaid Bills,&amp;quot; The Baltimore Sun Company, Business, ID.</mixed-citation>
         </ref>
         <ref id="d12017e141a1310">
            <mixed-citation id="d12017e145" publication-type="book">
Berelson, B. (1954), &amp;quot;Content Analysis,&amp;quot; in Handbook of Social
Psychology: Theory and Method, 1, G. Lindzey, ed., Cam-
bridge, MA: Addison-Wesley, 488-522.<person-group>
                  <string-name>
                     <surname>Berelson</surname>
                  </string-name>
               </person-group>
               <comment content-type="section">Content Analysis</comment>
               <fpage>488</fpage>
               <volume>1</volume>
               <source>Handbook of Social Psychology: Theory and Method</source>
               <year>1954</year>
            </mixed-citation>
         </ref>
         <ref id="d12017e183a1310">
            <mixed-citation id="d12017e187" publication-type="book">
Conover, W. J. (1971), Practical Nonparametric Statistics, New
York: Wiley.<person-group>
                  <string-name>
                     <surname>Conover</surname>
                  </string-name>
               </person-group>
               <source>Practical Nonparametric Statistics</source>
               <year>1971</year>
            </mixed-citation>
         </ref>
         <ref id="d12017e212a1310">
            <mixed-citation id="d12017e216" publication-type="book">
Cox Direct 20th Annual Survey of Promotional Practices (1998),
Largo, FL: Cox Direct.<source>Cox Direct 20th Annual Survey of Promotional Practices</source>
               <year>1998</year>
            </mixed-citation>
         </ref>
         <ref id="d12017e233a1310">
            <mixed-citation id="d12017e237" publication-type="journal">
Davidson, Jeffrey P. (1989), &amp;apos;The Five Elements of Our Time-
Pressed Society,&amp;quot; Management Quarterly, 30 (3), 32-34.<person-group>
                  <string-name>
                     <surname>Davidson</surname>
                  </string-name>
               </person-group>
               <issue>3</issue>
               <fpage>32</fpage>
               <volume>30</volume>
               <source>Management Quarterly</source>
               <year>1989</year>
            </mixed-citation>
         </ref>
         <ref id="d12017e272a1310">
            <mixed-citation id="d12017e276" publication-type="other">
Encyclopedia Britannica Online (1999), &amp;quot;Information Processing,&amp;quot;
&amp;lt;http://www.eb.com:180/bol/topic?eu=109287&amp;amp;sctn=10&amp;gt;.</mixed-citation>
         </ref>
         <ref id="d12017e286a1310">
            <mixed-citation id="d12017e290" publication-type="journal">
Folkes, Valerie and Rita D. Wheat (1995), &amp;quot;Consumers&amp;apos; Price Percep-
tions of Promoted Products,&amp;quot; Journal of Retailing, 71 (3), 317-28.<person-group>
                  <string-name>
                     <surname>Folkes</surname>
                  </string-name>
               </person-group>
               <issue>3</issue>
               <fpage>317</fpage>
               <volume>71</volume>
               <source>Journal of Retailing</source>
               <year>1995</year>
            </mixed-citation>
         </ref>
         <ref id="d12017e325a1310">
            <mixed-citation id="d12017e329" publication-type="journal">
Gross, Barbara L. (1987), &amp;apos;Time Scarcity: Interdisciplinary Per-
spectives and Implications for Consumer Behavior,&amp;quot; Research
in Consumer Behavior, 2, 1-54.<person-group>
                  <string-name>
                     <surname>Gross</surname>
                  </string-name>
               </person-group>
               <fpage>1</fpage>
               <volume>2</volume>
               <source>Research in Consumer Behavior</source>
               <year>1987</year>
            </mixed-citation>
         </ref>
         <ref id="d12017e364a1310">
            <mixed-citation id="d12017e368" publication-type="journal">
- and Jagdish N. Sheth ( 1989), &amp;apos;Time-Oriented Adver-
tising: A Content Analysis of United States Magazine Adver-
tising, 1890-1988,&amp;quot; Journal of Marketing, 53 (October), 76-83.<object-id pub-id-type="doi">10.2307/1251381</object-id>
               <fpage>76</fpage>
            </mixed-citation>
         </ref>
         <ref id="d12017e387a1310">
            <mixed-citation id="d12017e391" publication-type="journal">
Haugh, Louis J. (1983), &amp;quot;Defining and Redefining,&amp;quot; Advertising
Age, (February 14), m-44.<person-group>
                  <string-name>
                     <surname>Haugh</surname>
                  </string-name>
               </person-group>
               <issue>February 14</issue>
               <fpage>m-44</fpage>
               <source>Advertising Age</source>
               <year>1983</year>
            </mixed-citation>
         </ref>
         <ref id="d12017e424a1310">
            <mixed-citation id="d12017e428" publication-type="book">
Howard, John A. and Jagdish N. Sheth (1969), The Theory of Buyer
Behavior, New York: Wiley.<person-group>
                  <string-name>
                     <surname>Howard</surname>
                  </string-name>
               </person-group>
               <source>The Theory of Buyer Behavior</source>
               <year>1969</year>
            </mixed-citation>
         </ref>
         <ref id="d12017e453a1310">
            <mixed-citation id="d12017e457" publication-type="journal">
Inman, J. Jeffrey and Leigh McAlister (1994), &amp;quot;Do Coupon Expira-
tion Dates Affect Consumer Behavior?&amp;quot; Journal of Marketing
Research, 31 (August), 423-28.<object-id pub-id-type="doi">10.2307/3152229</object-id>
               <fpage>423</fpage>
            </mixed-citation>
         </ref>
         <ref id="d12017e476a1310">
            <mixed-citation id="d12017e480" publication-type="journal">
Kahneman, Daniel and Amos Tversky (1979), &amp;quot;Prospect Theory:
An Analysis of Decision Under Risk,&amp;quot; Econometrica, 47,
(March), 263-91.<object-id pub-id-type="doi">10.2307/1914185</object-id>
               <fpage>263</fpage>
            </mixed-citation>
         </ref>
         <ref id="d12017e499a1310">
            <mixed-citation id="d12017e503" publication-type="journal">
Kassarjian, Harold H. (1977), &amp;quot;Content Analysis in Consumer Re-
search, &amp;quot; Journal of Consumer Research, 4 (June), 8-18.<object-id pub-id-type="jstor">10.2307/2488631</object-id>
               <fpage>8</fpage>
            </mixed-citation>
         </ref>
         <ref id="d12017e519a1310">
            <mixed-citation id="d12017e523" publication-type="journal">
Kolbe, Richard H. and Melissa S. Burnett (1991), &amp;quot;Content-Analy-
sis Research: An Examination of Applications with Direc-
tives for Improving Research Reliability and Objectivity,&amp;quot; Jour-
nal of Consumer Research, 18 (September), 243-50.<object-id pub-id-type="jstor">10.2307/2489559</object-id>
               <fpage>243</fpage>
            </mixed-citation>
         </ref>
         <ref id="d12017e546a1310">
            <mixed-citation id="d12017e550" publication-type="journal">
Mowen, John C. and Maryanne M. Mowen (1991), &amp;quot;Time and Out-
come Valuation: Implications for Marketing Decision Mak-
ing,&amp;quot; Journal of Marketing, 55 (October), 54-62.<object-id pub-id-type="doi">10.2307/1251956</object-id>
               <fpage>54</fpage>
            </mixed-citation>
         </ref>
         <ref id="d12017e570a1310">
            <mixed-citation id="d12017e574" publication-type="journal">
Neslin, Scott ?., Caroline Henderson and John Quelch (1985),
&amp;quot;Consumer Promotions and the Acceleration of Product Pur-
chases,&amp;quot; Marketing Science, 4 (Spring), 147-65.<object-id pub-id-type="jstor">10.2307/183788</object-id>
               <fpage>147</fpage>
            </mixed-citation>
         </ref>
         <ref id="d12017e593a1310">
            <mixed-citation id="d12017e597" publication-type="journal">
PROMO Magazine (1999), &amp;apos;The 1999 Annual Report of the Promo-
tion Industry,&amp;quot; (July), s3.<issue>July</issue>
               <fpage>s3</fpage>
               <source>PROMO Magazine</source>
               <year>1999</year>
            </mixed-citation>
         </ref>
         <ref id="d12017e620a1310">
            <mixed-citation id="d12017e624" publication-type="journal">
Resnik, Alan and Bruce Stern (1977), &amp;quot;An Analysis of Information
Content in Television Advertising,&amp;quot; Journal of Marketing, 41
(January), 50-53.<object-id pub-id-type="doi">10.2307/1250490</object-id>
               <fpage>50</fpage>
            </mixed-citation>
         </ref>
         <ref id="d12017e643a1310">
            <mixed-citation id="d12017e647" publication-type="other">
Spears, N., John C. Mowen and Goutam Chakraborty (2000), &amp;quot;A
Theoretical and Empirical Analysis of the Effects of Asym-
metric Discounting of Gains and Losses on Consumers&amp;apos; Re-
sponses to Sales Promotion,&amp;quot; working paper.</mixed-citation>
         </ref>
         <ref id="d12017e663a1310">
            <mixed-citation id="d12017e667" publication-type="journal">
Tse, David K., Russell W. Belk and Nan Zhou (1989), &amp;quot;Becoming a
Consumer Society: A Longitudinal and Cross-Cultural Con-
tent Analysis of Print Ads from Hong Kong, the People&amp;apos;s Re-
public of China and Taiwan,&amp;quot; Journal of Consumer Research,
15 (March), 457-72.<object-id pub-id-type="jstor">10.2307/2489542</object-id>
               <fpage>457</fpage>
            </mixed-citation>
         </ref>
         <ref id="d12017e693a1310">
            <mixed-citation id="d12017e697" publication-type="journal">
Wright, Peter (1974), &amp;apos;The Harassed Decision Maker: Time Pres-
sure, Distractions and the Use of Evidence,&amp;quot; Journal of Ap-
plied Psychology, 59 (5) 555-61.<person-group>
                  <string-name>
                     <surname>Wright</surname>
                  </string-name>
               </person-group>
               <issue>5</issue>
               <fpage>555</fpage>
               <volume>59</volume>
               <source>Journal of Applied Psychology</source>
               <year>1974</year>
            </mixed-citation>
         </ref>
      </ref-list>
   </back>
</article>
