<article xmlns:xsi="http://www.w3.org/2001/XMLSchema-instance"
         xmlns:xlink="http://www.w3.org/1999/xlink"
         xmlns:mml="http://www.w3.org/1998/Math/MathML"
         dtd-version="1.0"
         article-type="research-article">
   <front>
      <journal-meta>
         <journal-id journal-id-type="jstor">jadve</journal-id>
         <journal-id journal-id-type="jstor">jadve</journal-id>
         <journal-id journal-id-type="jstor">j101355</journal-id>
         <journal-title-group>
            <journal-title>Journal of Advertising</journal-title>
         </journal-title-group>
         <publisher>
            <publisher-name>M. E. Sharpe, Inc.</publisher-name>
         </publisher>
         <issn pub-type="ppub">00913367</issn>
         <issn pub-type="epub">15577805</issn>
      </journal-meta>
      <article-meta>
         <article-id pub-id-type="jstor">4189311</article-id>
         <title-group>
            <article-title>The Medium as a Contextual Cue: Effects of Creative Media Choice</article-title>
         </title-group>
         <contrib-group>
            <contrib contrib-type="author">
               <string-name> Micael Dahlén </string-name>
            </contrib>
         </contrib-group>
         <pub-date>
            <day>1</day>
            <month>10</month>
            <year>2005</year>
         </pub-date>
         <volume>34</volume>
         <issue>3</issue>
         <issue-id>i394125</issue-id>
         <fpage>89</fpage>
         <lpage>98</lpage>
         <page-range>89-98</page-range>
         <permissions>
            <copyright-statement>Copyright 2005 American Academy of Advertising</copyright-statement>
         </permissions>
         <self-uri xlink:href="http://www.jstor.org/stable/4189311"/>
         <abstract>
            <p>This paper adds to the research on media-context effects with a study of creative media choice (i.e., creatively choosing a medium to implicitly communicate the message). In an experiment, ads were placed in a creative media choice setting and compared with identical ads in a traditional medium. Employing theories on media-source effects and on cognitive priming and assimilation, it is hypothesized that the creative media choice enhances the perception of target brand associations and increases ad credibility and ad and brand attitudes. The results support the hypotheses. The effects of creative media choice are moderated by congruence, and additional analyses suggest that they may be mediated by surprise.</p>
         </abstract>
         <custom-meta-group>
            <custom-meta>
               <meta-name>lang</meta-name>
               <meta-value>eng</meta-value>
            </custom-meta>
         </custom-meta-group>
      </article-meta>
   </front>
   <back>
      <ref-list>
         <title>References</title>
         <ref id="d560e136a1310">
            <mixed-citation id="d560e140" publication-type="journal">
Alden, Dana L., Ashesh Mukherjee, and Wayne D. Hoyer (2000),
"The Effects of Incongruity, Surprise and Positive Modera-
tors on Perceived Humor in Television Advertising,"Jour-
nal of Advertising, 29 (2), 1-15.<person-group>
                  <string-name>
                     <surname>Alden</surname>
                  </string-name>
               </person-group>
               <issue>2</issue>
               <fpage>1</fpage>
               <volume>29</volume>
               <source>Journal of Advertising</source>
               <year>2000</year>
            </mixed-citation>
         </ref>
         <ref id="d560e181a1310">
            <mixed-citation id="d560e185" publication-type="journal">
Assmus, Gert (1978), "An Empirical Investigation into the Per-
ception of Vehicle Source Effects,"Journal of Advertising, 7
(1), 4-10.<person-group>
                  <string-name>
                     <surname>Assmus</surname>
                  </string-name>
               </person-group>
               <issue>1</issue>
               <fpage>4</fpage>
               <volume>7</volume>
               <source>Journal of Advertising</source>
               <year>1978</year>
            </mixed-citation>
         </ref>
         <ref id="d560e223a1310">
            <mixed-citation id="d560e227" publication-type="journal">
Baron, Reuben M., and David A. Kenny (1986), "The Modera-
tor-Mediator Variable Distinction in Social Psychological
Research: Conceptual, Strategic, and Statistical Consider-
ations," Journal of Personality and Social Psychology, 51 (6),
1173-1182.<person-group>
                  <string-name>
                     <surname>Baron</surname>
                  </string-name>
               </person-group>
               <issue>6</issue>
               <fpage>1173</fpage>
               <volume>51</volume>
               <source>Journal of Personality and Social Psychology</source>
               <year>1986</year>
            </mixed-citation>
         </ref>
         <ref id="d560e271a1310">
            <mixed-citation id="d560e275" publication-type="journal">
Bridges, Sheri, Kevin L. Keller, and Sanjay Sood (2000), "Com-
munication Strategies for Brand Extensions: Enhancing Per-
ceived Fit by Establishing Explanatory Links," Journal of
Advertising, 29 (4), 1-11.<person-group>
                  <string-name>
                     <surname>Bridges</surname>
                  </string-name>
               </person-group>
               <issue>4</issue>
               <fpage>1</fpage>
               <volume>29</volume>
               <source>Journal of Advertising</source>
               <year>2000</year>
            </mixed-citation>
         </ref>
         <ref id="d560e317a1310">
            <mixed-citation id="d560e321" publication-type="journal">
Burke, Raymond R., and Thomas K. Srull (1988), "Competi-
tive Interference and Consumer Memory for Advertising,"
Journal of Consumer Research, 15 (June), 55-68.<object-id pub-id-type="jstor">10.2307/2489172</object-id>
               <fpage>55</fpage>
            </mixed-citation>
         </ref>
         <ref id="d560e340a1310">
            <mixed-citation id="d560e344" publication-type="journal">
Campbell, Margaret C., and Ronald C. Goodstein (2001), "The
Moderating Effect of Perceived Risk on Consumers' Evalu-
ations of Product Incongruity: Preference for the Norm,"
Journal of Consumer Research, 28 (December), 439-449.<object-id pub-id-type="jstor">10.2307/3132061</object-id>
               <fpage>439</fpage>
            </mixed-citation>
         </ref>
         <ref id="d560e367a1310">
            <mixed-citation id="d560e371" publication-type="journal">
Coulter, Keith S. (1998), "The Effects of Affective Responses to
Media Context on Advertising Evaluations,"Journal of Ad-
vertising, 27 (4), 41-51.<person-group>
                  <string-name>
                     <surname>Coulter</surname>
                  </string-name>
               </person-group>
               <issue>4</issue>
               <fpage>41</fpage>
               <volume>27</volume>
               <source>Journal of Advertising</source>
               <year>1998</year>
            </mixed-citation>
         </ref>
         <ref id="d560e409a1310">
            <mixed-citation id="d560e413" publication-type="journal">
De Pelsmacker, Patrick, Maggie Geuens, and Pascal Anckaert
(2002), "Media Context and Advertising Effectiveness: The
Role of Context Appreciation and Context/Ad Similarity,"
Journal of Advertising, 31 (2), 49-61.<person-group>
                  <string-name>
                     <surname>De Pelsmacker</surname>
                  </string-name>
               </person-group>
               <issue>2</issue>
               <fpage>49</fpage>
               <volume>31</volume>
               <source>Journal of Advertising</source>
               <year>2002</year>
            </mixed-citation>
         </ref>
         <ref id="d560e454a1310">
            <mixed-citation id="d560e458" publication-type="journal">
Friestad, Marian, and Peter Wright (1994), "The Persuasion
Knowledge Model: How People Cope with Persuasion At-
tempts," Journal of Consumer Research, 21 (June), 1-31.<object-id pub-id-type="jstor">10.2307/2489738</object-id>
               <fpage>1</fpage>
            </mixed-citation>
         </ref>
         <ref id="d560e477a1310">
            <mixed-citation id="d560e481" publication-type="journal">
, and (1995), "Persuasion Knowledge: Lay People's
and Researchers' Beliefs About the Psychology of Advertis-
ing," Journal of Consumer Research, 22 (June), 62-74.<object-id pub-id-type="jstor">10.2307/2489700</object-id>
               <fpage>62</fpage>
            </mixed-citation>
         </ref>
         <ref id="d560e501a1310">
            <mixed-citation id="d560e505" publication-type="journal">
Fuchs, Douglas A. (1964), "Two Source Effects in Magazine Ad-
vertising,"Journal of Marketing Research, 1 (3), 59-62.<object-id pub-id-type="doi">10.2307/3150058</object-id>
               <fpage>59</fpage>
            </mixed-citation>
         </ref>
         <ref id="d560e521a1310">
            <mixed-citation id="d560e525" publication-type="journal">
Goldberg, Marvin E., and GeraldJ. Gorn (1987), "Happy and
Sad TV Programs: How They Affect Reactions to Com-
mercials,"Journal of Consumer Research, 14 (December), 387-
403.<object-id pub-id-type="jstor">10.2307/2489500</object-id>
               <fpage>387</fpage>
            </mixed-citation>
         </ref>
         <ref id="d560e548a1310">
            <mixed-citation id="d560e552" publication-type="journal">
Goodstein, Ronald C. (1993), "Category-Based Applications and
Extensions in Advertising: Motivating More Extensive Ad
Processing,"Journal of Consumer Research, 20 (June), 87-99.<object-id pub-id-type="jstor">10.2307/2489202</object-id>
               <fpage>87</fpage>
            </mixed-citation>
         </ref>
         <ref id="d560e571a1310">
            <mixed-citation id="d560e575" publication-type="journal">
Heckler, Susan E., and Terry L. Childers (1992), "The Role of
Expectancy and Relevancy in Memory for Verbal and Vi-
sual Information: What Is Incongruency? "Journal of Con-
sumer Research, 18 (March), 475-492.<object-id pub-id-type="jstor">10.2307/2489260</object-id>
               <fpage>475</fpage>
            </mixed-citation>
         </ref>
         <ref id="d560e598a1310">
            <mixed-citation id="d560e602" publication-type="journal">
Herr, Paul M. (1989), "Priming Price: Prior Knowledge and Con-
text Effects,"Journal of Consumer Research, 16 (June), 67-75.<object-id pub-id-type="jstor">10.2307/2489302</object-id>
               <fpage>67</fpage>
            </mixed-citation>
         </ref>
         <ref id="d560e618a1310">
            <mixed-citation id="d560e622" publication-type="journal">
Hoch, Stephen J. (2002), "Product Experience Is Seductive,"Jour-
nal of Consumer Research, 29 (December), 448-454.<object-id pub-id-type="jstor">10.2307/3132010</object-id>
               <fpage>448</fpage>
            </mixed-citation>
         </ref>
         <ref id="d560e639a1310">
            <mixed-citation id="d560e645" publication-type="journal">
Kamins, Michael A. (1990), "An Investigation into the 'Match-
Up' Hypothesis in Celebrity Advertising: When Beauty
May Be Only Skin Deep," Journal of Advertising, 19 (1), 4-
13.<person-group>
                  <string-name>
                     <surname>Kamins</surname>
                  </string-name>
               </person-group>
               <issue>1</issue>
               <fpage>4</fpage>
               <volume>19</volume>
               <source>Journal of Advertising</source>
               <year>1990</year>
            </mixed-citation>
         </ref>
         <ref id="d560e686a1310">
            <mixed-citation id="d560e690" publication-type="journal">
, Lawrence J. Marks, and Deborah Skinner (1991), "Tele-
vision Commercial Evaluation in the Context of Program
Induced Mood: Congruency Versus Consistency Effects,"
Journal of Advertising, 20 (2), 1-14.<person-group>
                  <string-name>
                     <surname>Kamins</surname>
                  </string-name>
               </person-group>
               <issue>2</issue>
               <fpage>1</fpage>
               <volume>20</volume>
               <source>Journal of Advertising</source>
               <year>1991</year>
            </mixed-citation>
         </ref>
         <ref id="d560e731a1310">
            <mixed-citation id="d560e735" publication-type="book">
Karo, Monica (2002), "Disruptive Media Planning," in Beyond
Disruption, J. Dru, ed., New York: John Wiley.<person-group>
                  <string-name>
                     <surname>Karo</surname>
                  </string-name>
               </person-group>
               <comment content-type="section">Disruptive Media Planning</comment>
               <source>Beyond Disruption</source>
               <year>2002</year>
            </mixed-citation>
         </ref>
         <ref id="d560e764a1310">
            <mixed-citation id="d560e768" publication-type="journal">
Lane, Vicki R. (2000), "The Impact of Ad Repetition and Ad
Content on Consumer Perceptions of Incongruent Exten-
sions,"Journal of Marketing, 64 (April), 80-91.<object-id pub-id-type="jstor">10.2307/3203444</object-id>
               <fpage>80</fpage>
            </mixed-citation>
         </ref>
         <ref id="d560e787a1310">
            <mixed-citation id="d560e791" publication-type="journal">
Lange, Fredrik, Sara Selander, and Catherine Aberg (2003),
"When Weaker Brands Prevail,"Journal of Product and Brand
Management, 12 (1), 6-21.<person-group>
                  <string-name>
                     <surname>Lange</surname>
                  </string-name>
               </person-group>
               <issue>1</issue>
               <fpage>6</fpage>
               <volume>12</volume>
               <source>Journal of Product and Brand Management</source>
               <year>2003</year>
            </mixed-citation>
         </ref>
         <ref id="d560e829a1310">
            <mixed-citation id="d560e833" publication-type="journal">
Lord, Kenneth R., Robert E. Burnkrant, and H. Rao Unnava
(2001), "The Effects of Program-Induced Mood States on
Memory for Commercial Information," Journal of Current
Issues and Research in Advertising, 23 (1), 1-15.<person-group>
                  <string-name>
                     <surname>Lord</surname>
                  </string-name>
               </person-group>
               <issue>1</issue>
               <fpage>1</fpage>
               <volume>23</volume>
               <source>Journal of Current Issues and Research in Advertising</source>
               <year>2001</year>
            </mixed-citation>
         </ref>
         <ref id="d560e875a1310">
            <mixed-citation id="d560e879" publication-type="journal">
Maher, Jill K., and Michael Hu (2002), "Materialistic Cue Ef-
fects in Print Advertising,"Journal of Current Issues and Re-
search in Advertising, 24 (1), 61-70.<person-group>
                  <string-name>
                     <surname>Maher</surname>
                  </string-name>
               </person-group>
               <issue>1</issue>
               <fpage>61</fpage>
               <volume>24</volume>
               <source>Journal of Current Issues and Research in Advertising</source>
               <year>2002</year>
            </mixed-citation>
         </ref>
         <ref id="d560e917a1310">
            <mixed-citation id="d560e921" publication-type="journal">
Maoz, Eyal, and Alice M. Tybout (2002), "The Moderating Role
of Involvement and Differentiation in the Evaluation of Brand
Extensions,"Journal of Consumer Psychology, 12 (2), 119-131.<object-id pub-id-type="jstor">10.2307/1480258</object-id>
               <fpage>119</fpage>
            </mixed-citation>
         </ref>
         <ref id="d560e940a1310">
            <mixed-citation id="d560e944" publication-type="journal">
Meyers-Levy, Joan, and Brian Stemthal (1993), "A Two-Factor
Explanation of Assimilation and Contrast Effects," Journal
of Marketing Research, 30 (August), 359-368.<object-id pub-id-type="doi">10.2307/3172887</object-id>
               <fpage>359</fpage>
            </mixed-citation>
         </ref>
         <ref id="d560e963a1310">
            <mixed-citation id="d560e967" publication-type="journal">
Moorman, Marjolein, Peter C. Neijens, and Edith G. Smit (2002),
"The Effects of Magazine-Induced Psychological Responses
and Thematic Congruence on Memory and Attitude To-
ward the Ad in a Real-Life Setting,"Journal of Advertising,
31 (4), 27-40.<person-group>
                  <string-name>
                     <surname>Moorman</surname>
                  </string-name>
               </person-group>
               <issue>4</issue>
               <fpage>27</fpage>
               <volume>31</volume>
               <source>Journal of Advertising</source>
               <year>2002</year>
            </mixed-citation>
         </ref>
         <ref id="d560e1011a1310">
            <mixed-citation id="d560e1015" publication-type="journal">
Robertson, Kim R. (1987), "Strategically Desirable Brand
Name Characteristics," Journal of Consumer Marketing, 6
(Fall), 61-71.<person-group>
                  <string-name>
                     <surname>Robertson</surname>
                  </string-name>
               </person-group>
               <issue>Fall</issue>
               <fpage>61</fpage>
               <volume>6</volume>
               <source>Journal of Consumer Marketing</source>
               <year>1987</year>
            </mixed-citation>
         </ref>
         <ref id="d560e1053a1310">
            <mixed-citation id="d560e1057" publication-type="journal">
Russell, Cristel A. (2002), "Investigating the Effectiveness of Prod-
uct Placements in Television Shows: The Role of Modality and
Plot Connection Congruence on Brand Memory and Atti-
tude,"Journal of Consumer Research, 29 (December), 306-318.<object-id pub-id-type="jstor">10.2307/3132000</object-id>
               <fpage>306</fpage>
            </mixed-citation>
         </ref>
         <ref id="d560e1081a1310">
            <mixed-citation id="d560e1085" publication-type="journal">
Schmitt, Bernd H. (1994), "Contextual Priming of Visual Infor-
mation in Advertisements," Psychology and Marketing, 11
(1), 1-14.<person-group>
                  <string-name>
                     <surname>Schmitt</surname>
                  </string-name>
               </person-group>
               <issue>1</issue>
               <fpage>1</fpage>
               <volume>11</volume>
               <source>Psychology and Marketing</source>
               <year>1994</year>
            </mixed-citation>
         </ref>
         <ref id="d560e1123a1310">
            <mixed-citation id="d560e1127" publication-type="journal">
Sengupta, Jaideep, Ronald C. Goodstein, and David S. Boninger
(1997), "All Cues Are Not Created Equal: Obtaining Atti-
tude Persistence Under Low-Involvement Conditions,"Jour-
nal of Consumer Research, 23 (March), 351-361.<object-id pub-id-type="jstor">10.2307/2489570</object-id>
               <fpage>351</fpage>
            </mixed-citation>
         </ref>
         <ref id="d560e1150a1310">
            <mixed-citation id="d560e1154" publication-type="journal">
Shapiro, Stewart, Deborah J. MacInnis, and C. Whan Park
(2002), "Understanding Program-Induced Moo Effects:
Decoupling Arousal from Valence," Journal of Advertising,
31 (4), 15-26.<person-group>
                  <string-name>
                     <surname>Shapiro</surname>
                  </string-name>
               </person-group>
               <issue>4</issue>
               <fpage>15</fpage>
               <volume>31</volume>
               <source>Journal of Advertising</source>
               <year>2002</year>
            </mixed-citation>
         </ref>
         <ref id="d560e1195a1310">
            <mixed-citation id="d560e1199" publication-type="journal">
Solomon, Michael R., Richard D. Ashmore, and Laura C. Longo
(1992), "The Beauty Match-Up Hypothesis: Congruence
Between Types of Beauty and Product Images in Advertis-
ing," Journal of Advertising, 21 (4), 23-34.<person-group>
                  <string-name>
                     <surname>Solomon</surname>
                  </string-name>
               </person-group>
               <issue>4</issue>
               <fpage>23</fpage>
               <volume>21</volume>
               <source>Journal of Advertising</source>
               <year>1992</year>
            </mixed-citation>
         </ref>
         <ref id="d560e1240a1310">
            <mixed-citation id="d560e1244" publication-type="journal">
Sparkman, Richard M.,Jr., and William B. Locander(1980), "At-
tribution Theory and Advertising Effectiveness,"Journal of
Consumer Researrh, 7 (December), 219-224.<person-group>
                  <string-name>
                     <surname>Sparkman</surname>
                  </string-name>
               </person-group>
               <issue>December</issue>
               <fpage>219</fpage>
               <volume>7</volume>
               <source>Journal of Consumer Researrh</source>
               <year>1980</year>
            </mixed-citation>
         </ref>
         <ref id="d560e1282a1310">
            <mixed-citation id="d560e1286" publication-type="journal">
Stafford, Thomas F., and Maria R. Stafford (2002), "The Advan-
tages of Atypical Advertisements for Stereotypical Product
Categories," Journal of Current Issues and Research in Adver-
tising, 24 (1), 25-37.<person-group>
                  <string-name>
                     <surname>Stafford</surname>
                  </string-name>
               </person-group>
               <issue>1</issue>
               <fpage>25</fpage>
               <volume>24</volume>
               <source>Journal of Current Issues and Research in Advertising</source>
               <year>2002</year>
            </mixed-citation>
         </ref>
         <ref id="d560e1328a1310">
            <mixed-citation id="d560e1332" publication-type="journal">
Strahan, ErinJ., StevenJ. Spencer, and Mark P. Zanna (2002),
"Subliminal Priming and Persuasion: Striking While the
Iron Is Hot," Journal of Experimental Social Psychology, 38,
556-568.<person-group>
                  <string-name>
                     <surname>Strahan</surname>
                  </string-name>
               </person-group>
               <fpage>556</fpage>
               <volume>38</volume>
               <source>Journal of Experimental Social Psychology</source>
               <year>2002</year>
            </mixed-citation>
         </ref>
         <ref id="d560e1370a1310">
            <mixed-citation id="d560e1374" publication-type="journal">
Till, Brian D., and Michael Busler (2000), "The Match-Up Hy-
pothesis: Physical Attractiveness, Expertise, and the Role
of Fit on Brand Attitude, Purchase Intent and Brand Be-
liefs,"Journal of Advertising, 29 (3), 1-13.<person-group>
                  <string-name>
                     <surname>Till</surname>
                  </string-name>
               </person-group>
               <issue>3</issue>
               <fpage>1</fpage>
               <volume>29</volume>
               <source>Journal of Advertising</source>
               <year>2000</year>
            </mixed-citation>
         </ref>
         <ref id="d560e1415a1310">
            <mixed-citation id="d560e1419" publication-type="journal">
Yi, Youjae (1990a), "Cognitive and Affective Priming Effects of
the Context for Print Advertisements,"Journal of Advertis-
ing, 19 (2), 40-48.<person-group>
                  <string-name>
                     <surname>Yi</surname>
                  </string-name>
               </person-group>
               <issue>2</issue>
               <fpage>40</fpage>
               <volume>19</volume>
               <source>Journal of Advertising</source>
               <year>1990</year>
            </mixed-citation>
         </ref>
         <ref id="d560e1457a1310">
            <mixed-citation id="d560e1461" publication-type="journal">
(1990b), "The Effects of Contextual Priming in Print
Advertisements," Journal of Consumer Research, 17 (Septem-
ber), 215-222.<object-id pub-id-type="jstor">10.2307/2626813</object-id>
               <fpage>215</fpage>
            </mixed-citation>
         </ref>
         <ref id="d560e1480a1310">
            <mixed-citation id="d560e1484" publication-type="journal">
(1993), "Contextual Priming Effects in Print Advertise-
ments: The Moderating Role of Prior Knowledge,"Journal
of Advertising, 22 (1), 1-10.<person-group>
                  <string-name>
                     <surname>Yi</surname>
                  </string-name>
               </person-group>
               <issue>1</issue>
               <fpage>1</fpage>
               <volume>22</volume>
               <source>Journal of Advertising</source>
               <year>1993</year>
            </mixed-citation>
         </ref>
      </ref-list>
   </back>
</article>
