<article xmlns:xsi="http://www.w3.org/2001/XMLSchema-instance"
         xmlns:xlink="http://www.w3.org/1999/xlink"
         xmlns:mml="http://www.w3.org/1998/Math/MathML"
         dtd-version="1.0"
         article-type="research-article">
   <front>
      <journal-meta>
         <journal-id journal-id-type="jstor">jadve</journal-id>
         <journal-id journal-id-type="jstor">jadve</journal-id>
         <journal-id journal-id-type="jstor">j101355</journal-id>
         <journal-title-group>
            <journal-title>Journal of Advertising</journal-title>
         </journal-title-group>
         <publisher>
            <publisher-name>M. E. Sharpe, Inc.</publisher-name>
         </publisher>
         <issn pub-type="ppub">00913367</issn>
         <issn pub-type="epub">15577805</issn>
      </journal-meta>
      <article-meta>
         <article-id pub-id-type="jstor">4189305</article-id>
         <title-group>
            <article-title>Ad Skepticism: The Consequences of Disbelief</article-title>
         </title-group>
         <contrib-group>
            <contrib contrib-type="author">
               <string-name>
                  <given-names>Carl</given-names>
                  <surname>Obermiller</surname>
               </string-name>
            </contrib>
            <contrib contrib-type="author">
               <string-name>
                  <given-names>Eric</given-names>
                  <surname>Spangenberg</surname>
               </string-name>
            </contrib>
            <contrib contrib-type="author">
               <string-name>
                  <given-names>Douglas L.</given-names>
                  <surname>MacLachlan</surname>
               </string-name>
            </contrib>
         </contrib-group>
         <pub-date>
            <day>1</day>
            <month>10</month>
            <year>2005</year>
         </pub-date>
         <volume>34</volume>
         <issue>3</issue>
         <issue-id>i394125</issue-id>
         <fpage>7</fpage>
         <lpage>17</lpage>
         <page-range>7-17</page-range>
         <permissions>
            <copyright-statement>Copyright 2005 American Academy of Advertising</copyright-statement>
         </permissions>
         <self-uri xlink:href="http://www.jstor.org/stable/4189305"/>
         <abstract>
            <p>Three studies investigated the effects of consumer skepticism toward advertising on responses to ads. Consumer skepticism, defined as the tendency toward disbelief of advertising claims (Obermiller and Spangenberg 1998), is measured in each study and then related to various measures of advertising response, including brand beliefs, ad attitudes, responses to informational and emotional appeals, efforts to avoid advertising, attention to ads, and reliance on ads versus other information sources. The results generally support the hypotheses that more skeptical consumers like advertising less, rely on it less, attend to it less, and respond more positively to emotional appeals than to informational appeals.</p>
         </abstract>
         <custom-meta-group>
            <custom-meta>
               <meta-name>lang</meta-name>
               <meta-value>eng</meta-value>
            </custom-meta>
         </custom-meta-group>
      </article-meta>
   </front>
   <back>
      <ref-list>
         <title>Notes</title>
         <ref id="d609e157a1310">
            <label>1</label>
            <mixed-citation id="d609e166" publication-type="other">
Obermiller and Spangenberg
1998</mixed-citation>
         </ref>
         <ref id="d609e176a1310">
            <label>2</label>
            <mixed-citation id="d609e183" publication-type="other">
Bagozzi
and Yi 1988</mixed-citation>
            <mixed-citation id="d609e192" publication-type="other">
Carmines and McIver 1981,
p. 80</mixed-citation>
         </ref>
         <ref id="d609e202a1310">
            <label>4</label>
            <mixed-citation id="d609e209" publication-type="other">
Obermiller and Spangenberg
2002</mixed-citation>
         </ref>
      </ref-list>
      <ref-list>
         <title>References</title>
         <ref id="d609e228a1310">
            <mixed-citation id="d609e232" publication-type="book">
Arbuckle, James L., and Werner Wothke (1999), Amos 4.0 User's
Guide, Chicago: SmallWaters Corporation.<person-group>
                  <string-name>
                     <surname>Arbuckle</surname>
                  </string-name>
               </person-group>
               <source>Amos 4.0 User's Guide</source>
               <year>1999</year>
            </mixed-citation>
         </ref>
         <ref id="d609e257a1310">
            <mixed-citation id="d609e261" publication-type="journal">
Bagozzi, Richard P., and Youjae Yi (1988), "On the Evaluation
of Structural Equations Models," Journal of the Academy of
Marketing Science, 16 (1), 74-94.<person-group>
                  <string-name>
                     <surname>Bagozzi</surname>
                  </string-name>
               </person-group>
               <issue>1</issue>
               <fpage>74</fpage>
               <volume>16</volume>
               <source>Journal of the Academy of Marketing Science</source>
               <year>1988</year>
            </mixed-citation>
         </ref>
         <ref id="d609e299a1310">
            <mixed-citation id="d609e303" publication-type="journal">
Calfee, John E., and Debra J. Ringold (1994), "The Seventy Per-
cent Majority: Enduring Consumer Beliefs About Advertis-
ing,"Journal of Public Policy and Marketing, 13 (Fall), 228-238.<person-group>
                  <string-name>
                     <surname>Calfee</surname>
                  </string-name>
               </person-group>
               <issue>Fall</issue>
               <fpage>228</fpage>
               <volume>13</volume>
               <source>Journal of Public Policy and Marketing</source>
               <year>1994</year>
            </mixed-citation>
         </ref>
         <ref id="d609e341a1310">
            <mixed-citation id="d609e347" publication-type="journal">
Campbell, Margaret (1995), "When Attention-Getting Adver-
tising Tactics Elicit Consumer Inferences of Manipulative
Intent: The Importance of Balancing Benefits and Invest-
ments,"Journal of Consumer Psychology, 4 (3), 225-254.<object-id pub-id-type="jstor">10.2307/1480249</object-id>
               <fpage>225</fpage>
            </mixed-citation>
         </ref>
         <ref id="d609e371a1310">
            <mixed-citation id="d609e375" publication-type="book">
Carmines, Edward G., and John P. McIver (1981), "Analyzing
Models with Unobserved Variables," in Social Measurement:
Current Issues, G. W. Bohrnstedt and E. F. Borgatta, eds.,
Beverly Hills: Sage.<person-group>
                  <string-name>
                     <surname>Carmines</surname>
                  </string-name>
               </person-group>
               <comment content-type="section">Analyzing Models with Unobserved Variables</comment>
               <source>Social Measurement: Current Issues</source>
               <year>1981</year>
            </mixed-citation>
         </ref>
         <ref id="d609e410a1310">
            <mixed-citation id="d609e414" publication-type="journal">
Chattopadhyay, Amitava, and Kunal Basu (1990), "Humor in
Advertising: The Moderating Role of Prior Brand Evalua-
tion," Journal of Marketing Research, 27 (November), 466-
476.<object-id pub-id-type="doi">10.2307/3172631</object-id>
               <fpage>466</fpage>
            </mixed-citation>
         </ref>
         <ref id="d609e437a1310">
            <mixed-citation id="d609e441" publication-type="journal">
Darby, Michael, and Edi Karni (1973), "Free Competition and
the Optimal Amount of Fraud," Journal of Law and Econom-
ics, 16 (1), 67-88.<object-id pub-id-type="jstor">10.2307/724826</object-id>
               <fpage>67</fpage>
            </mixed-citation>
         </ref>
         <ref id="d609e460a1310">
            <mixed-citation id="d609e464" publication-type="book">
Ford, Gary T., Darlene B. Smith, and John L. Swasy (1988), "An
Empirical Test of the Search, Experience, and Credence At-
tributes Framework," in Advances in Consumer Research, vol.
15, M. Houston, ed., Provo, UT: Association for Consumer
Research, 239-243.<person-group>
                  <string-name>
                     <surname>Ford</surname>
                  </string-name>
               </person-group>
               <comment content-type="section">An Empirical Test of the Search, Experience, and Credence Attributes Framework</comment>
               <fpage>239</fpage>
               <volume>15</volume>
               <source>Advances in Consumer Research</source>
               <year>1988</year>
            </mixed-citation>
         </ref>
         <ref id="d609e508a1310">
            <mixed-citation id="d609e512" publication-type="journal">
Friestad, Marian, and Peter Wright (1994), "The Persuasion
Knowledge Model: How People Cope with Persuasion At-
tempts," Journal of Consumer Research, 21 (June), 1-31.<object-id pub-id-type="jstor">10.2307/2489738</object-id>
               <fpage>1</fpage>
            </mixed-citation>
         </ref>
         <ref id="d609e531a1310">
            <mixed-citation id="d609e535" publication-type="journal">
Gilbert, Daniel T., Douglas S. Krull, and Patrick S. Malone
(1990), "Unbelieving the Unbelievable: Some Problems in
the Rejection of False Information," Journal of Personality
and Social Psychology, 59 (4), 601-613.<person-group>
                  <string-name>
                     <surname>Gilbert</surname>
                  </string-name>
               </person-group>
               <issue>4</issue>
               <fpage>601</fpage>
               <volume>59</volume>
               <source>Journal of Personality and Social Psychology</source>
               <year>1990</year>
            </mixed-citation>
         </ref>
         <ref id="d609e577a1310">
            <mixed-citation id="d609e581" publication-type="journal">
Green, Corliss (1999), "Ethnic Evaluations of Advertising: In-
teraction Effects of Strength of Ethnic Identification, Me-
dia Placement, and Degree of Racial Composition,"Journal
of Advertising, 28 (Spring), 49-64.<person-group>
                  <string-name>
                     <surname>Green</surname>
                  </string-name>
               </person-group>
               <issue>Spring</issue>
               <fpage>49</fpage>
               <volume>28</volume>
               <source>Journal of Advertising</source>
               <year>1999</year>
            </mixed-citation>
         </ref>
         <ref id="d609e622a1310">
            <mixed-citation id="d609e626" publication-type="journal">
Grier, Sonya, and Anne Brumbaugh (1999), "Noticing Cultural
Differences: Ad Meanings Created by Target and Non-Tar-
get Markets,"Journal of Advertising, 28 (Spring), 79-93.<person-group>
                  <string-name>
                     <surname>Grier</surname>
                  </string-name>
               </person-group>
               <issue>Spring</issue>
               <fpage>79</fpage>
               <volume>28</volume>
               <source>Journal of Advertising</source>
               <year>1999</year>
            </mixed-citation>
         </ref>
         <ref id="d609e664a1310">
            <mixed-citation id="d609e668" publication-type="journal">
Homer, Pamela, and Lynne Kahle (1990), "Source Expertise, Time
of Source Identification, and Involvement in Persuasion:
An Elaborative Processing Perspective,"Journal of Advertis-
ing, 19 (1), 30-39.<person-group>
                  <string-name>
                     <surname>Homer</surname>
                  </string-name>
               </person-group>
               <issue>1</issue>
               <fpage>30</fpage>
               <volume>19</volume>
               <source>Journal of Advertising</source>
               <year>1990</year>
            </mixed-citation>
         </ref>
         <ref id="d609e709a1310">
            <mixed-citation id="d609e713" publication-type="journal">
Kanter, Daniel, and Lawrence Wortzel (1985), "Cynicism and
Alienation as Marketing Considerations: Some New Ways
to Approach the Female Consumer,"Journal of Consumer Mar-
keting, 2 (Winter), 5-15.<person-group>
                  <string-name>
                     <surname>Kanter</surname>
                  </string-name>
               </person-group>
               <issue>Winter</issue>
               <fpage>5</fpage>
               <volume>2</volume>
               <source>Journal of Consumer Marketing</source>
               <year>1985</year>
            </mixed-citation>
         </ref>
         <ref id="d609e754a1310">
            <mixed-citation id="d609e758" publication-type="journal">
MacInnis, Debra, Christine Moorman, and Bernard Jaworski
(1991), "Enhancing and Measuring Consuriiers' Motivation,
Opportunity, and Ability to Process Brand Information from
Ads," Journal of Marketing, 55 (October), 32-53.<object-id pub-id-type="doi">10.2307/1251955</object-id>
               <fpage>32</fpage>
            </mixed-citation>
         </ref>
         <ref id="d609e781a1310">
            <mixed-citation id="d609e785" publication-type="journal">
Maloney, John C. (2000), "Curiosity Versus Disbelief in Adver-
tising," Journal of Advertising Research, 40 (6), 7-13.<person-group>
                  <string-name>
                     <surname>Maloney</surname>
                  </string-name>
               </person-group>
               <issue>6</issue>
               <fpage>7</fpage>
               <volume>40</volume>
               <source>Journal of Advertising Research</source>
               <year>2000</year>
            </mixed-citation>
         </ref>
         <ref id="d609e821a1310">
            <mixed-citation id="d609e827" publication-type="other">
McCann-Erickson (2003), Bob Coen's Insider Report, available at
www.kelseygroup.com/econtext_archives/econtext_
040128.htm.</mixed-citation>
         </ref>
         <ref id="d609e840a1310">
            <mixed-citation id="d609e844" publication-type="journal">
Miniard, Paul, Sunil Bhatla, and Randall Rose (1990), "On the
Formation and Relationship of Ad and Brand Attitudes:
An Experimental and Causal Analysis," Journal of Market-
ing Research, 27 (August), 290-303.<object-id pub-id-type="doi">10.2307/3172587</object-id>
               <fpage>290</fpage>
            </mixed-citation>
         </ref>
         <ref id="d609e867a1310">
            <mixed-citation id="d609e871" publication-type="journal">
Mittal, Banwari (1990), "The Relative Roles of Brand Beliefs
and Attitude Toward the Ad as Mediators of Brand Atti-
tude: A Second Look," Journal of Marketing Research, 27
(May), 209-219.<object-id pub-id-type="doi">10.2307/3172847</object-id>
               <fpage>209</fpage>
            </mixed-citation>
         </ref>
         <ref id="d609e894a1310">
            <mixed-citation id="d609e898" publication-type="journal">
Moore, David, William Harris, and Hong Chen (1995), "Af-
fect Intensity: An Individual Difference Response to Ad-
vertising Appeals," Journal of Consumer Research, 22
(September), 154-164.<object-id pub-id-type="jstor">10.2307/2489809</object-id>
               <fpage>154</fpage>
            </mixed-citation>
         </ref>
         <ref id="d609e921a1310">
            <mixed-citation id="d609e925" publication-type="journal">
Muehling, Darrel, and Michelle McCann (1993), "Attitude To-
ward the Ad: A Review," Journal of Current Issues and Re-
search in Advertising, 35 (Fall), 25-58.<person-group>
                  <string-name>
                     <surname>Muehling</surname>
                  </string-name>
               </person-group>
               <issue>Fall</issue>
               <fpage>25</fpage>
               <volume>35</volume>
               <source>Journal of Current Issues and Research in Advertising</source>
               <year>1993</year>
            </mixed-citation>
         </ref>
         <ref id="d609e963a1310">
            <mixed-citation id="d609e967" publication-type="journal">
Nelson, Paul (1970), "Information and Consumer Behavior,"Jour-
nal of Political Economy, 78 (2), 45-57.<person-group>
                  <string-name>
                     <surname>Nelson</surname>
                  </string-name>
               </person-group>
               <issue>2</issue>
               <fpage>45</fpage>
               <volume>78</volume>
               <source>Journal of Political Economy</source>
               <year>1970</year>
            </mixed-citation>
         </ref>
         <ref id="d609e1003a1310">
            <mixed-citation id="d609e1007" publication-type="journal">
Obermiller, Carl, and Eric R. Spangenberg (1998), "Develop-
ment of a Scale to Measure Consumer Skepticism Toward
Advertising,"Journal of Consumer Psychology, 7 (2), 159-186.<object-id pub-id-type="jstor">10.2307/1480278</object-id>
               <fpage>159</fpage>
            </mixed-citation>
         </ref>
         <ref id="d609e1026a1310">
            <mixed-citation id="d609e1030" publication-type="journal">
, and (2000), "On the Origin and Distinctive-
ness of Skepticism Toward Advertising," Marketing Letters,
11(4), 311-322.<person-group>
                  <string-name>
                     <surname>Obermiller</surname>
                  </string-name>
               </person-group>
               <issue>4</issue>
               <fpage>311</fpage>
               <volume>11</volume>
               <source>Marketing Letters</source>
               <year>2000</year>
            </mixed-citation>
         </ref>
         <ref id="d609e1068a1310">
            <mixed-citation id="d609e1072" publication-type="book">
, and (2002), "Skepticism Toward Advertising
as a Moderator of Responses to Advertising Source and
Appeal Effects," working paper, Seattle University, Albers
School of Business.<person-group>
                  <string-name>
                     <surname>Obermiller</surname>
                  </string-name>
               </person-group>
               <source>Skepticism Toward Advertising as a Moderator of Responses to Advertising Source and Appeal Effects</source>
               <year>2002</year>
            </mixed-citation>
         </ref>
         <ref id="d609e1104a1310">
            <mixed-citation id="d609e1108" publication-type="book">
Puto, Christopher, and William Wells (1984), "Informational
and Transformational Advertising: The Differential Effects
of Time," in Advances in Consumer Research, vol. 11, Thomas
Kinnear, ed., Provo, UT: Association for Consumer Research,
572-576.<person-group>
                  <string-name>
                     <surname>Puto</surname>
                  </string-name>
               </person-group>
               <comment content-type="section">Informational and Transformational Advertising: The Differential Effects of Time</comment>
               <fpage>572</fpage>
               <volume>11</volume>
               <source>Advances in Consumer Research</source>
               <year>1984</year>
            </mixed-citation>
         </ref>
         <ref id="d609e1152a1310">
            <mixed-citation id="d609e1156" publication-type="journal">
Schoenbachler, Denise, and Tommy Whittler (1996), "Adoles-
cent Processing of Social and Physical Threat Communica-
tions," Journal of Advertising, 25 (4), 37-54.<person-group>
                  <string-name>
                     <surname>Schoenbachler</surname>
                  </string-name>
               </person-group>
               <issue>4</issue>
               <fpage>37</fpage>
               <volume>25</volume>
               <source>Journal of Advertising</source>
               <year>1996</year>
            </mixed-citation>
         </ref>
         <ref id="d609e1194a1310">
            <mixed-citation id="d609e1198" publication-type="book">
Steele, Claude M. (1988), "The Psychology of Self-Affirmation:
Sustaining the Integrity of the Self," in Advances in Experi-
mental Social Psychology, L. Berkowitz, ed., New York: Aca-
demic Press, 261-302.<person-group>
                  <string-name>
                     <surname>Steele</surname>
                  </string-name>
               </person-group>
               <comment content-type="section">The Psychology of Self-Affirmation: Sustaining the Integrity of the Self</comment>
               <fpage>261</fpage>
               <source>Advances in Experimental Social Psychology</source>
               <year>1988</year>
            </mixed-citation>
         </ref>
         <ref id="d609e1237a1310">
            <mixed-citation id="d609e1241" publication-type="journal">
Tedeschi, James T., Barry R. Schlenker, and Thomas V. Bonoma
(1971), "Cognitive Dissonance: Private Ratiocination or
Public Spectacle?" American Psychologist, 26 (7), 685-695.<person-group>
                  <string-name>
                     <surname>Tedeschi</surname>
                  </string-name>
               </person-group>
               <issue>7</issue>
               <fpage>685</fpage>
               <volume>26</volume>
               <source>American Psychologist</source>
               <year>1971</year>
            </mixed-citation>
         </ref>
         <ref id="d609e1279a1310">
            <mixed-citation id="d609e1283" publication-type="journal">
Zhang, Yong (1996), "Responses to Humorous Advertising: The
Moderating Effect of Need for Cognition," Journal of Ad-
vertising, 25 (Spring), 15-32.<person-group>
                  <string-name>
                     <surname>Zhang</surname>
                  </string-name>
               </person-group>
               <issue>Spring</issue>
               <fpage>15</fpage>
               <volume>25</volume>
               <source>Journal of Advertising</source>
               <year>1996</year>
            </mixed-citation>
         </ref>
      </ref-list>
   </back>
</article>
