<article xmlns:xsi="http://www.w3.org/2001/XMLSchema-instance"
         xmlns:xlink="http://www.w3.org/1999/xlink"
         xmlns:mml="http://www.w3.org/1998/Math/MathML"
         dtd-version="1.0"
         article-type="research-article">
   <front>
      <journal-meta>
         <journal-id journal-id-type="jstor">jadve</journal-id>
         <journal-id journal-id-type="jstor">jadve</journal-id>
         <journal-id journal-id-type="jstor">j101355</journal-id>
         <journal-title-group>
            <journal-title>Journal of Advertising</journal-title>
         </journal-title-group>
         <publisher>
            <publisher-name>Board of Directors, American Academy of Advertising</publisher-name>
         </publisher>
         <issn pub-type="ppub">00913367</issn>
         <issn pub-type="epub">15577805</issn>
      </journal-meta>
      <article-meta>
         <article-id pub-id-type="jstor">4189101</article-id>
         <title-group>
            <article-title>Ethnic Consumer Reaction to Targeted Marketing: A Theory of Intercultural Accommodation</article-title>
         </title-group>
         <contrib-group>
            <contrib contrib-type="author">
               <string-name>Jonna Holland</string-name>
            </contrib>
            <contrib contrib-type="author">
               <string-name>
                  <given-names>James W.</given-names>
                  <surname>Gentry</surname>
               </string-name>
            </contrib>
         </contrib-group>
         <pub-date>
            <day>1</day>
            <month>4</month>
            <year>1999</year>
         </pub-date>
         <volume>28</volume>
         <issue>1</issue>
         <issue-id>i394103</issue-id>
         <fpage>65</fpage>
         <lpage>77</lpage>
         <page-range>65-77</page-range>
         <permissions>
            <copyright-statement>Copyright 1999 American Academy of Advertising</copyright-statement>
         </permissions>
         <self-uri xlink:href="http://www.jstor.org/stable/4189101"/>
         <abstract>
            <p>Marketers are increasingly recognizing the growing power of ethnic groups, and are responding with targeted marketing efforts. Targeted communications often draw on various references to the ethnic culture in an attempt to enhance communication with and gain the approval of the intended audience. However, research on how such accommodation efforts may be received is lacking. Drawing on a variety of disciplines, the authors develop a theory of intercultural accommodation to fill that gap. The proposed model views the consumer as having both affective and attributional responses to a targeted communication. The consequences of the response are proposed to influence the consumer's evaluation, comprehension, and recall of the message, and to influence behavioral intentions toward the communicator.</p>
         </abstract>
         <custom-meta-group>
            <custom-meta>
               <meta-name>lang</meta-name>
               <meta-value>eng</meta-value>
            </custom-meta>
         </custom-meta-group>
      </article-meta>
   </front>
   <back>
      <ref-list>
         <title>References</title>
         <ref id="d39454e139a1310">
            <mixed-citation id="d39454e143" publication-type="journal">
Alba, Joseph W., Walter Chromiak, Lynn Hasher, and Mary S.
Attig (1980), "Automatic Encoding of Category Size Informa-
tion," Journal of Experimental Psychology: Human Learning
and Memory, 6 (July), 370-378.<person-group>
                  <string-name>
                     <surname>Alba</surname>
                  </string-name>
               </person-group>
               <issue>July</issue>
               <fpage>370</fpage>
               <volume>6</volume>
               <source>Journal of Experimental Psychology: Human Learning and Memory</source>
               <year>1980</year>
            </mixed-citation>
         </ref>
         <ref id="d39454e184a1310">
            <mixed-citation id="d39454e188" publication-type="book">
Anderson James A. and Timothy P. Meyer (1988), Mediated Communi-
cation: A Social Action Perspective, Newbury Park, CA: Sage.<person-group>
                  <string-name>
                     <surname>Anderson James</surname>
                  </string-name>
               </person-group>
               <source>Mediated Communication: A Social Action Perspective</source>
               <year>1988</year>
            </mixed-citation>
         </ref>
         <ref id="d39454e213a1310">
            <mixed-citation id="d39454e217" publication-type="journal">
Associated Press (1993), "In 2010, Hispanics to Be Largest Minor-
ity," Lincoln Star (September 29), 1, 9.<person-group>
                  <string-name>
                     <surname>Associated Press</surname>
                  </string-name>
               </person-group>
               <issue>September 29</issue>
               <fpage>1</fpage>
               <source>Lincoln Star</source>
               <year>1993</year>
            </mixed-citation>
         </ref>
         <ref id="d39454e249a1310">
            <mixed-citation id="d39454e253" publication-type="book">
Bargh, John A. (1984), "Automatic and Conscious Processing of Social
Information," in Handbook of Social Cognition, Vol. 3, Robert S.
Wyer, Jr. and Thomas K. Srull, eds. Hillsdale, NJ: Erlbaum, 1-43.<person-group>
                  <string-name>
                     <surname>Bargh</surname>
                  </string-name>
               </person-group>
               <comment content-type="section">Automatic and Conscious Processing of Social Information</comment>
               <fpage>1</fpage>
               <volume>3</volume>
               <source>Handbook of Social Cognition</source>
               <year>1984</year>
            </mixed-citation>
         </ref>
         <ref id="d39454e292a1310">
            <mixed-citation id="d39454e296" publication-type="journal">
Barsalou, Lawrence W. and Brian H. Ross (1986), The Roles of Auto-
matic and Strategic Processing in Sensitivity to Superordinate and
Property Frequency," Journal of Experimental Psychology: Learn-
ing, Memory, and Cognition, 12 (January), 116-134.<person-group>
                  <string-name>
                     <surname>Barsalou</surname>
                  </string-name>
               </person-group>
               <issue>January</issue>
               <fpage>116</fpage>
               <volume>12</volume>
               <source>Journal of Experimental Psychology: Learning, Memory, and Cognition</source>
               <year>1986</year>
            </mixed-citation>
         </ref>
         <ref id="d39454e337a1310">
            <mixed-citation id="d39454e341" publication-type="book">
Berry, John W. (1980), "Acculturation as Varieties of Adaptation,"
in Acculturation: Theory, Model, and Some New Findings,
Amado M. Padilla, ed., Boulder, CO: Westview, 9-25.<person-group>
                  <string-name>
                     <surname>Berry</surname>
                  </string-name>
               </person-group>
               <comment content-type="section">Acculturation as Varieties of Adaptation</comment>
               <fpage>9</fpage>
               <source>Acculturation: Theory, Model, and Some New Findings</source>
               <year>1980</year>
            </mixed-citation>
         </ref>
         <ref id="d39454e376a1310">
            <mixed-citation id="d39454e380" publication-type="book">
— ( 1990), "Psychology of Acculturation," Cross-Cultural
Perspectives, Proceedings of the Nebraska Symposium on Mo-
tivation, John Berman, ed., 201-234.<person-group>
                  <string-name>
                     <surname>Berry</surname>
                  </string-name>
               </person-group>
               <comment content-type="section">Psychology of Acculturation</comment>
               <fpage>201</fpage>
               <source>Proceedings of the Nebraska Symposium on Motivation</source>
               <year>1990</year>
            </mixed-citation>
         </ref>
         <ref id="d39454e415a1310">
            <mixed-citation id="d39454e419" publication-type="journal">
Byrne, D. (1961), "Interpersonal Attraction and Attitude Similarity,"
Journal of Abnormal and Social Psychology, 62 (3), 713-715.<person-group>
                  <string-name>
                     <surname>Byrne</surname>
                  </string-name>
               </person-group>
               <issue>3</issue>
               <fpage>713</fpage>
               <volume>62</volume>
               <source>Journal of Abnormal and Social Psychology</source>
               <year>1961</year>
            </mixed-citation>
         </ref>
         <ref id="d39454e454a1310">
            <mixed-citation id="d39454e458" publication-type="journal">
Campbell, Margaret C. (1995), "When Attention-Getting Advertis-
ing Tactics Elicit Consumer Inferences of Manipulative In-
tent: The Importance of Balancing Benefits and Investments,"
Journal of Consumer Psychology, 4 (3), 225-254.<object-id pub-id-type="jstor">10.2307/1480249</object-id>
               <fpage>225</fpage>
            </mixed-citation>
         </ref>
         <ref id="d39454e481a1310">
            <mixed-citation id="d39454e485" publication-type="journal">
Cherkassky, Irene (1998), "The Company They Keep," Beverage
World, 117 (January), 250.<person-group>
                  <string-name>
                     <surname>Cherkassky</surname>
                  </string-name>
               </person-group>
               <issue>January</issue>
               <fpage>250</fpage>
               <volume>117</volume>
               <source>Beverage World</source>
               <year>1998</year>
            </mixed-citation>
         </ref>
         <ref id="d39454e521a1310">
            <mixed-citation id="d39454e525" publication-type="book">
Conzen, Kathleen Neils, David A. Gerber, Ewa Morawska, George
E. Pazzetta, and Rudolph J. Vecoli (1992), "The Invention of
Ethnicity: A Perspective from the U.S.A," in Taking Sides:
Clashing Views on Controversial Issues in Race and Ethnicity,
Richard C. Monk, ed., Guilford, CT: Dushkin Publishing
Group, 64-66.<person-group>
                  <string-name>
                     <surname>Conzen</surname>
                  </string-name>
               </person-group>
               <comment content-type="section">The Invention of Ethnicity: A Perspective from the U.S.A</comment>
               <fpage>64</fpage>
               <source>Taking Sides: Clashing Views on Controversial Issues in Race and Ethnicity</source>
               <year>1992</year>
            </mixed-citation>
         </ref>
         <ref id="d39454e569a1310">
            <mixed-citation id="d39454e573" publication-type="journal">
Delener, Nejdet and James P. Neelankavil (1990), "Informational
Sources and Media Usage: A Comparison Between Asian and
Hispanic Subcultures," Journal of Advertising Research, 30
(June/July), 45-52.<person-group>
                  <string-name>
                     <surname>Delener</surname>
                  </string-name>
               </person-group>
               <issue>June</issue>
               <fpage>45</fpage>
               <volume>30</volume>
               <source>Journal of Advertising Research</source>
               <year>1990</year>
            </mixed-citation>
         </ref>
         <ref id="d39454e614a1310">
            <mixed-citation id="d39454e618" publication-type="journal">
Deshpande, Rohit, Wayne D. Hoyer, and Naveen Donthu (1986),
The Intensity of Ethnic Affiliation: A Study of the Sociology
of Hispanic Consumption," Journal of Consumer Research, 13
(September), 214-220.<object-id pub-id-type="jstor">10.2307/2489227</object-id>
               <fpage>214</fpage>
            </mixed-citation>
         </ref>
         <ref id="d39454e641a1310">
            <mixed-citation id="d39454e645" publication-type="journal">
- and Douglas M. Stayman (1994), "A Tale of Two
Cities: Distinctiveness Theory and Advertising Effectiveness,"
Journal of Marketing Research, 31 (February), 57-64.<object-id pub-id-type="doi">10.2307/3151946</object-id>
               <fpage>57</fpage>
            </mixed-citation>
         </ref>
         <ref id="d39454e664a1310">
            <mixed-citation id="d39454e668" publication-type="book">
Faber, Ronald J. and Thomas C. O'Guinn (1991), "Does Translat-
ing Language Translate to More Effective Advertising?: His-
panic Viewers' Perceptions of English Versus Spanish Lan-
guage Ads," in Proceedings of 1991 Conference of American
Academy of Advertising, Rebecca Holaman, ed., Reno, NV:
The Academy, 55-59.<person-group>
                  <string-name>
                     <surname>Faber</surname>
                  </string-name>
               </person-group>
               <comment content-type="section">Does Translating Language Translate to More Effective Advertising?: Hispanic Viewers' Perceptions of English Versus Spanish Language Ads</comment>
               <fpage>55</fpage>
               <source>Proceedings of 1991 Conference of American Academy of Advertising</source>
               <year>1991</year>
            </mixed-citation>
         </ref>
         <ref id="d39454e712a1310">
            <mixed-citation id="d39454e716" publication-type="journal">
— ,- and Timothy P. Meyer (1986), "Di-
versity in the Ethnic Media Audience: A Study of Spanish
Language Broadcast Preference in the U.S.," International
Journal of Intercultural Relations, 10 (3), 347-359.<person-group>
                  <string-name>
                     <surname>Faber</surname>
                  </string-name>
               </person-group>
               <issue>3</issue>
               <fpage>347</fpage>
               <volume>10</volume>
               <source>International Journal of Intercultural Relations</source>
               <year>1986</year>
            </mixed-citation>
         </ref>
         <ref id="d39454e758a1310">
            <mixed-citation id="d39454e762" publication-type="journal">
Fitzgerald, Thomas K. (1991), "Media and Changing Metaphors of
Ethnicity and Identity," Media, Culture and Society, 13 (2),
193-214.<person-group>
                  <string-name>
                     <surname>Fitzgerald</surname>
                  </string-name>
               </person-group>
               <issue>2</issue>
               <fpage>193</fpage>
               <volume>13</volume>
               <source>Media, Culture and Society</source>
               <year>1991</year>
            </mixed-citation>
         </ref>
         <ref id="d39454e800a1310">
            <mixed-citation id="d39454e804" publication-type="journal">
Friestad, Marian and Peter Wright (1994), The Persuasion Knowl-
edge Model: How People Cope with Persuasion Attempts,"
Journal of Consumer Research, 21 (June), 1-31.<object-id pub-id-type="jstor">10.2307/2489738</object-id>
               <fpage>1</fpage>
            </mixed-citation>
         </ref>
         <ref id="d39454e823a1310">
            <mixed-citation id="d39454e827" publication-type="journal">
Fost, Dan (1991), "American Indians in the 1990's," American De-
mographics, 13 (December), 26-34.<person-group>
                  <string-name>
                     <surname>Fost</surname>
                  </string-name>
               </person-group>
               <issue>December</issue>
               <fpage>26</fpage>
               <volume>13</volume>
               <source>American Demographics</source>
               <year>1991</year>
            </mixed-citation>
         </ref>
         <ref id="d39454e862a1310">
            <mixed-citation id="d39454e866" publication-type="book">
Gans, Herbert J. (1979), "Symbolic Ethnicity: The Future of Eth-
nic Groups and Cultures in America," in Majority and Minor-
ity: The Dynamics of Race and Ethnicity in American Life,
Norman R. Yetman, ed., Boston: Al lyn and Bacon, 430-443.<person-group>
                  <string-name>
                     <surname>Gans</surname>
                  </string-name>
               </person-group>
               <comment content-type="section">Symbolic Ethnicity: The Future of Ethnic Groups and Cultures in America</comment>
               <fpage>430</fpage>
               <source>Majority and Minority: The Dynamics of Race and Ethnicity in American Life</source>
               <year>1979</year>
            </mixed-citation>
         </ref>
         <ref id="d39454e904a1310">
            <mixed-citation id="d39454e908" publication-type="book">
— (1992), "Ethnic Invention and Acculturation, A
Bumpy-Line Approach," in Taking Sides: Clashing Views on
Controversial Issues in Race and Ethnicity, Richard C. Monk,
ed., Guilford, CT: Dushkin Publishing Group, 73-80.<person-group>
                  <string-name>
                     <surname>Gans</surname>
                  </string-name>
               </person-group>
               <comment content-type="section">Ethnic Invention and Acculturation, A Bumpy-Line Approach</comment>
               <fpage>73</fpage>
               <source>Taking Sides: Clashing Views on Controversial Issues in Race and Ethnicity</source>
               <year>1992</year>
            </mixed-citation>
         </ref>
         <ref id="d39454e946a1310">
            <mixed-citation id="d39454e950" publication-type="journal">
Giles, Howard (1973), "Accent Mobility: A Model and Some Data,"
Anthropological Linguistics, 15 (February), 87-105.<person-group>
                  <string-name>
                     <surname>Giles</surname>
                  </string-name>
               </person-group>
               <issue>February</issue>
               <fpage>87</fpage>
               <volume>15</volume>
               <source>Anthropological Linguistics</source>
               <year>1973</year>
            </mixed-citation>
         </ref>
         <ref id="d39454e986a1310">
            <mixed-citation id="d39454e990" publication-type="book">
— , Nikolas Coupland, and Justine Coupland (1991), "Ac-
commodation Theory: Communication, Context, and Conse-
quences," in Contexts of Accommodation: Developments in Applied
Sociolinguistics, Howard Giles, Justine Coupland, and Nikolas
Coupland, eds., Cambridge: Cambridge University Press, 1-68.<person-group>
                  <string-name>
                     <surname>Giles</surname>
                  </string-name>
               </person-group>
               <comment content-type="section">Accommodation Theory: Communication, Context, and Consequences</comment>
               <fpage>1</fpage>
               <source>Contexts of Accommodation: Developments in Applied Sociolinguistics</source>
               <year>1991</year>
            </mixed-citation>
         </ref>
         <ref id="d39454e1031a1310">
            <mixed-citation id="d39454e1035" publication-type="book">
Gill, Richard T., Nathan Glazer, and Stephan A. Thernstrom (1992),
Our Changing Population, Englewood Cliffs, NJ: Prentice Hall.<person-group>
                  <string-name>
                     <surname>Gill</surname>
                  </string-name>
               </person-group>
               <source>Our Changing Population</source>
               <year>1992</year>
            </mixed-citation>
         </ref>
         <ref id="d39454e1060a1310">
            <mixed-citation id="d39454e1064" publication-type="journal">
Haley, Eric (1996), "Exploring the Construct of Organization as Source:
Consumers' Understandings of Organizational Sponsorship of Ad-
vocacy Advertising," Journal of Advertising, 25 (2), 19-35.<person-group>
                  <string-name>
                     <surname>Haley</surname>
                  </string-name>
               </person-group>
               <issue>2</issue>
               <fpage>19</fpage>
               <volume>25</volume>
               <source>Journal of Advertising</source>
               <year>1996</year>
            </mixed-citation>
         </ref>
         <ref id="d39454e1102a1310">
            <mixed-citation id="d39454e1106" publication-type="book">
Harrison, Albert A. (1977), "Mere Exposure," in Advances in Ex-
perimental Social Psychology, Vol. 10, L. Berkowitz, ed., New
York: Academic Press.<person-group>
                  <string-name>
                     <surname>Harrison</surname>
                  </string-name>
               </person-group>
               <comment content-type="section">Mere Exposure</comment>
               <volume>10</volume>
               <source>Advances in Experimental Social Psychology</source>
               <year>1977</year>
            </mixed-citation>
         </ref>
         <ref id="d39454e1141a1310">
            <mixed-citation id="d39454e1145" publication-type="book">
Heider F. (1958), The Psychology of Interpersonal Relations, New
York: Wiley.<person-group>
                  <string-name>
                     <surname>Heider</surname>
                  </string-name>
               </person-group>
               <source>The Psychology of Interpersonal Relations</source>
               <year>1958</year>
            </mixed-citation>
         </ref>
         <ref id="d39454e1170a1310">
            <mixed-citation id="d39454e1174" publication-type="journal">
Hill, Winfred F. (1978), "Effects of Mere Exposure on Preference in
Nonhuman Mammals," Psychological Bulletin, 85,1177-1198.<person-group>
                  <string-name>
                     <surname>Hill</surname>
                  </string-name>
               </person-group>
               <fpage>1177</fpage>
               <volume>85</volume>
               <source>Psychological Bulletin</source>
               <year>1978</year>
            </mixed-citation>
         </ref>
         <ref id="d39454e1207a1310">
            <mixed-citation id="d39454e1211" publication-type="journal">
Hirschman, Elizabeth C. (1981a), "American Jewish Ethnicity: Its
Relationship to Some Selected Aspects of Consumer Behav-
ior," Journal of Marketing, 45 (Summer), 102-110.<object-id pub-id-type="doi">10.2307/1251545</object-id>
               <fpage>102</fpage>
            </mixed-citation>
         </ref>
         <ref id="d39454e1230a1310">
            <mixed-citation id="d39454e1234" publication-type="book">
— (1981b), "Religious Differences in Cognitions Regard-
ing Novelty Seeking and Information Transfer," in Advances
in Consumer Research, Vol. 9, Andrew Mitchell ed., St. Louis,
MO: Association for Consumer Research, 228-223.<person-group>
                  <string-name>
                     <surname>Hirschman</surname>
                  </string-name>
               </person-group>
               <comment content-type="section">Religious Differences in Cognitions Regarding Novelty Seeking and Information Transfer</comment>
               <fpage>228</fpage>
               <volume>9</volume>
               <source>Advances in Consumer Research</source>
               <year>1981</year>
            </mixed-citation>
         </ref>
         <ref id="d39454e1275a1310">
            <mixed-citation id="d39454e1279" publication-type="journal">
(1982), "Ethnic Variation in Hedonic Consumption,"
The Journal of Social Psychology, 118 (December), 225-234.<person-group>
                  <string-name>
                     <surname>Hirschman</surname>
                  </string-name>
               </person-group>
               <issue>December</issue>
               <fpage>225</fpage>
               <volume>118</volume>
               <source>The Journal of Social Psychology</source>
               <year>1982</year>
            </mixed-citation>
         </ref>
         <ref id="d39454e1314a1310">
            <mixed-citation id="d39454e1318" publication-type="book">
(1983a), "Cognitive Structure Across Consumer Eth-
nic Subcultures: A Comparative Analysis," in Advances in
Consumer Research, Vol. 10, Richard P. Bagozzi and Alice M.
Tybout eds., Ann Arbor, MI: Association for Consumer Re-
search, 197-202.<person-group>
                  <string-name>
                     <surname>Hirschman</surname>
                  </string-name>
               </person-group>
               <comment content-type="section">Cognitive Structure Across Consumer Ethnic Subcultures: A Comparative Analysis</comment>
               <fpage>197</fpage>
               <volume>10</volume>
               <source>Advances in Consumer Research</source>
               <year>1983</year>
            </mixed-citation>
         </ref>
         <ref id="d39454e1362a1310">
            <mixed-citation id="d39454e1366" publication-type="book">
(1983b), "Religious Affiliation and Consumption Pro-
cesses: An Initial Paradigm," in Research in Marketing, Green-
wich, CN: JAI Press, 6, 131-170.<person-group>
                  <string-name>
                     <surname>Hirschman</surname>
                  </string-name>
               </person-group>
               <comment content-type="section">Religious Affiliation and Consumption Processes: An Initial Paradigm</comment>
               <fpage>131</fpage>
               <volume>6</volume>
               <source>Research in Marketing</source>
               <year>1983</year>
            </mixed-citation>
         </ref>
         <ref id="d39454e1404a1310">
            <mixed-citation id="d39454e1408" publication-type="book">
Holland, Jonna L. and Dwayne Ball, (1995) "Accommodation Attri-
butions: Construct and Measurement Validation," in En-
hancing Knowledge Development in Marketing, Vol. 6, Bar-
bara B. Stern and George M. Zinkhan, eds., Chicago: Ameri-
can Marketing Association, 161-169.<person-group>
                  <string-name>
                     <surname>Holland</surname>
                  </string-name>
               </person-group>
               <comment content-type="section">Accommodation Attributions: Construct and Measurement Validation</comment>
               <fpage>161</fpage>
               <volume>6</volume>
               <source>Enhancing Knowledge Development in Marketing</source>
               <year>1995</year>
            </mixed-citation>
         </ref>
         <ref id="d39454e1453a1310">
            <mixed-citation id="d39454e1457" publication-type="book">
— and James W. Gentry, (1996), The Impact of Cul-
tural Symbols on Advertising Effectiveness," Advances in Con-
sumer Research, Vol. 24, Merrie Brucks and Debbie Maclnnis,
eds., Tucson, AZ: Association for Consumer Research, 483-489.<person-group>
                  <string-name>
                     <surname>Holland</surname>
                  </string-name>
               </person-group>
               <comment content-type="section">The Impact of Cultural Symbols on Advertising Effectiveness</comment>
               <fpage>483</fpage>
               <volume>24</volume>
               <source>Advances in Consumer Research</source>
               <year>1996</year>
            </mixed-citation>
         </ref>
         <ref id="d39454e1498a1310">
            <mixed-citation id="d39454e1502" publication-type="journal">
Jones, Edward E. and Roy F. Baumeister (1976), The Self-Moni-
tor Looks at the Ingratiator," Journal of Personality, 44 (De-
cember), 654-674.<person-group>
                  <string-name>
                     <surname>Jones</surname>
                  </string-name>
               </person-group>
               <issue>December</issue>
               <fpage>654</fpage>
               <volume>44</volume>
               <source>Journal of Personality</source>
               <year>1976</year>
            </mixed-citation>
         </ref>
         <ref id="d39454e1540a1310">
            <mixed-citation id="d39454e1544" publication-type="journal">
Jongkind, C. Fred (1974), "A Reappraisal of the Role of Regional
Associations in Lima, Peru," Comparative Studies in Society
and History, 16 (4), 471-481.<object-id pub-id-type="jstor">10.2307/178018</object-id>
               <fpage>471</fpage>
            </mixed-citation>
         </ref>
         <ref id="d39454e1563a1310">
            <mixed-citation id="d39454e1567" publication-type="journal">
— (1980), "The Dutch Colony in Tree Arroyos, Argen-
tina; A Particular Case of Ethnic Group Maintenance," Inter-
national Migration, 22 (3), 335-347.<person-group>
                  <string-name>
                     <surname>Jongkind</surname>
                  </string-name>
               </person-group>
               <issue>3</issue>
               <fpage>335</fpage>
               <volume>22</volume>
               <source>International Migration</source>
               <year>1980</year>
            </mixed-citation>
         </ref>
         <ref id="d39454e1605a1310">
            <mixed-citation id="d39454e1609" publication-type="journal">
(1992), "Ethnic Identity, Societal Integration and Mi-
grants1 Alienation: State Policy and Academic Research in The
Netherlands," Ethnic and Racial Studies, 15 (July), 365-380.<person-group>
                  <string-name>
                     <surname>Jongkind</surname>
                  </string-name>
               </person-group>
               <issue>July</issue>
               <fpage>365</fpage>
               <volume>15</volume>
               <source>Ethnic and Racial Studies</source>
               <year>1992</year>
            </mixed-citation>
         </ref>
         <ref id="d39454e1647a1310">
            <mixed-citation id="d39454e1651" publication-type="journal">
Kassarjiian, Harold H. (1969), The Negro and American Advertising,
1946-1965," Journal of Marketing Research, 6 (February), 29-39.<person-group>
                  <string-name>
                     <surname>Kassarjiian</surname>
                  </string-name>
               </person-group>
               <issue>February</issue>
               <fpage>29</fpage>
               <volume>6</volume>
               <source>Journal of Marketing Research</source>
               <year>1969</year>
            </mixed-citation>
         </ref>
         <ref id="d39454e1687a1310">
            <mixed-citation id="d39454e1691" publication-type="journal">
Keough, Caroline (1998), TV Ads Stir Latino Debate," Miami
Herald, (Friday, April 24).<person-group>
                  <string-name>
                     <surname>Keough</surname>
                  </string-name>
               </person-group>
               <issue>April 24</issue>
               <source>Miami Herald</source>
               <year>1998</year>
            </mixed-citation>
         </ref>
         <ref id="d39454e1720a1310">
            <mixed-citation id="d39454e1724" publication-type="journal">
Koslow, Scott, Prem N. Shamdasani, and Ellen E. Touchstone
(1994), "Exploring Language Effects in Ethnic Advertising: A
Sociolinguistic Perspective," Journal of Consumer Research,
20 (March), 561-574.<person-group>
                  <string-name>
                     <surname>Koslow</surname>
                  </string-name>
               </person-group>
               <issue>March</issue>
               <fpage>561</fpage>
               <volume>20</volume>
               <source>Journal of Consumer Research</source>
               <year>1994</year>
            </mixed-citation>
         </ref>
         <ref id="d39454e1765a1310">
            <mixed-citation id="d39454e1769" publication-type="journal">
Langrehr, Frederick W., Virginia B. Langrehr, and Clarke L. Caywood
(1997), "A Multi-Meaning Study of The Value Messages in Print
Advertising," Research in Consumer Behavior, Vol. 8,173-208.<person-group>
                  <string-name>
                     <surname>Langrehr</surname>
                  </string-name>
               </person-group>
               <fpage>173</fpage>
               <volume>8</volume>
               <source>Research in Consumer Behavior</source>
               <year>1997</year>
            </mixed-citation>
         </ref>
         <ref id="d39454e1804a1310">
            <mixed-citation id="d39454e1808" publication-type="journal">
Lewis, Len (1998), "Culture Shock," Progressive Grocer, 77 (April),
22-28.<person-group>
                  <string-name>
                     <surname>Lewis</surname>
                  </string-name>
               </person-group>
               <issue>April</issue>
               <fpage>22</fpage>
               <volume>77</volume>
               <source>Progressive Grocer</source>
               <year>1998</year>
            </mixed-citation>
         </ref>
         <ref id="d39454e1843a1310">
            <mixed-citation id="d39454e1847" publication-type="journal">
Loken, Barbara and James Ward (1990), "Alternative Approaches
to Understanding the Determinants of Typicality," Journal of
Consumer Research, 17 (September), 111-126.<object-id pub-id-type="jstor">10.2307/2626804</object-id>
               <fpage>111</fpage>
            </mixed-citation>
         </ref>
         <ref id="d39454e1866a1310">
            <mixed-citation id="d39454e1870" publication-type="book">
Matarazzo, J. D., A. N. Weins, R. G. Matarazzo, and G. Saslow
(1968), "Speech and Silence Behavior in Clinical Psychotherapy
and its Laboratory Correlates," in Research in Psychotherapy,
Vol. 3, J. Schlier, H. Hunt, J. D. Matarazzo and C. Savage,
eds., Washington, D. C: Dushkin Publishing Group.<person-group>
                  <string-name>
                     <surname>Matarazzo</surname>
                  </string-name>
               </person-group>
               <comment content-type="section">Speech and Silence Behavior in Clinical Psychotherapy and its Laboratory Correlates</comment>
               <volume>3</volume>
               <source>Research in Psychotherapy</source>
               <year>1968</year>
            </mixed-citation>
         </ref>
         <ref id="d39454e1912a1310">
            <mixed-citation id="d39454e1916" publication-type="book">
Matlin, Margaret W. and David J. Stang (1978), The Pollyanna
Principle, Cambridge: Schenkman.<person-group>
                  <string-name>
                     <surname>Matlin</surname>
                  </string-name>
               </person-group>
               <source>The Pollyanna Principle</source>
               <year>1978</year>
            </mixed-citation>
         </ref>
         <ref id="d39454e1941a1310">
            <mixed-citation id="d39454e1945" publication-type="journal">
McCracken, Grant (1986), "Culture and Consumption: A Theoreti-
cal Account of the Structure and Movement of the Cultural
Meaning of Consumer Goods," Journal of Consumer Research,
13 (June), 71-84.<object-id pub-id-type="jstor">10.2307/2489287</object-id>
               <fpage>71</fpage>
            </mixed-citation>
         </ref>
         <ref id="d39454e1968a1310">
            <mixed-citation id="d39454e1972" publication-type="book">
Meyer, Timothy P. (1990), "Hispanic Consumer Behavior and the
Development of Advertising Copy: The Advantages of Quali-
tative Research Techniques," in Proceedings of the 1990 Con-
ference of the American Academy of Advertising, Patricia Stout,
ed., Orlando: The Academy, 157-162.<person-group>
                  <string-name>
                     <surname>Meyer</surname>
                  </string-name>
               </person-group>
               <comment content-type="section">Hispanic Consumer Behavior and the Development of Advertising Copy: The Advantages of Qualitative Research Techniques</comment>
               <fpage>157</fpage>
               <source>Proceedings of the 1990 Conference of the American Academy of Advertising</source>
               <year>1990</year>
            </mixed-citation>
         </ref>
         <ref id="d39454e2013a1310">
            <mixed-citation id="d39454e2017" publication-type="journal">
Miller, Cyndee (1993), "Research on Black Consumers: Marketers
With Much at Stake Step Up Their Efforts," Marketing News,
27 (September 13).<person-group>
                  <string-name>
                     <surname>Miller</surname>
                  </string-name>
               </person-group>
               <issue>September 13</issue>
               <volume>27</volume>
               <source>Marketing News</source>
               <year>1993</year>
            </mixed-citation>
         </ref>
         <ref id="d39454e2052a1310">
            <mixed-citation id="d39454e2056" publication-type="book">
Monk, Richard C. (1994), Taking Sides: Clashing Views on Contro-
versial Issues in Race and Ethnicity, Guilford, CT: Dushkin
Publishing Group.<person-group>
                  <string-name>
                     <surname>Monk</surname>
                  </string-name>
               </person-group>
               <source>Taking Sides: Clashing Views on Controversial Issues in Race and Ethnicity</source>
               <year>1994</year>
            </mixed-citation>
         </ref>
         <ref id="d39454e2085a1310">
            <mixed-citation id="d39454e2089" publication-type="journal">
Nelson, John R., Jr. and Jeanne E. Lukas (1990), "Point Counter
Point: Target: Minorities," Marketing and Media Decisions,
29 (October), 70-71.<person-group>
                  <string-name>
                     <surname>Nelson</surname>
                  </string-name>
               </person-group>
               <issue>October</issue>
               <fpage>70</fpage>
               <volume>29</volume>
               <source>Marketing and Media Decisions</source>
               <year>1990</year>
            </mixed-citation>
         </ref>
         <ref id="d39454e2128a1310">
            <mixed-citation id="d39454e2132" publication-type="book">
Novak, Michael (1971), The Rise of the Unmeltable Ethnics, New
York: Macmillan.<person-group>
                  <string-name>
                     <surname>Novak</surname>
                  </string-name>
               </person-group>
               <source>The Rise of the Unmeltable Ethnics</source>
               <year>1971</year>
            </mixed-citation>
         </ref>
         <ref id="d39454e2157a1310">
            <mixed-citation id="d39454e2161" publication-type="journal">
— (1974), The New Ethnicity," Center Magazine, 7
(July/August), 18-25.<person-group>
                  <string-name>
                     <surname>Novak</surname>
                  </string-name>
               </person-group>
               <issue>July</issue>
               <fpage>18</fpage>
               <volume>7</volume>
               <source>Center Magazine</source>
               <year>1974</year>
            </mixed-citation>
         </ref>
         <ref id="d39454e2196a1310">
            <mixed-citation id="d39454e2200" publication-type="book">
O'Guinn, Thomas C, Chris T. Allen, and Richard J. Semenik (1998),
Advertising, Cincinnati, OH: South-Western.<person-group>
                  <string-name>
                     <surname>O'Guinn</surname>
                  </string-name>
               </person-group>
               <source>Advertising</source>
               <year>1998</year>
            </mixed-citation>
         </ref>
         <ref id="d39454e2225a1310">
            <mixed-citation id="d39454e2229" publication-type="book">
— and Ronald J. Faber (1985), "New Perspectives on
Acculturation: The Relationship of General and Role Specific
Acculturation With Hispanics' Consumer Attitudes," in Ad-
vances in Consumer Research, Vol. 12, Elizabeth C. Hirschman
and Morris B. Holbrook, Provo, eds., UT: Association for
Consumer Research, 113-117.<person-group>
                  <string-name>
                     <surname>O'Guinn</surname>
                  </string-name>
               </person-group>
               <comment content-type="section">New Perspectives on Acculturation: The Relationship of General and Role Specific Acculturation With Hispanics' Consumer Attitudes</comment>
               <fpage>113</fpage>
               <volume>12</volume>
               <source>Advances in Consumer Research</source>
               <year>1985</year>
            </mixed-citation>
         </ref>
         <ref id="d39454e2277a1310">
            <mixed-citation id="d39454e2281" publication-type="journal">
and Thomas P. Meyer (1983), "Segmenting the His-
panic Market: The Use of Spanish Language Radio," Journal
of Advertising Research, 23 (6), 9-16.<person-group>
                  <string-name>
                     <surname>O'Guinn</surname>
                  </string-name>
               </person-group>
               <issue>6</issue>
               <fpage>9</fpage>
               <volume>23</volume>
               <source>Journal of Advertising Research</source>
               <year>1983</year>
            </mixed-citation>
         </ref>
         <ref id="d39454e2319a1310">
            <mixed-citation id="d39454e2323" publication-type="journal">
Penaloza, Lisa (1994), "Atravesando Fronteras/Border Crossings:
A Critical Ethnographic Exploration of the Consumer Accul-
turation of Mexican Immigrants," Journal of Consumer Re-
search, 21 (June), 32-54.<object-id pub-id-type="jstor">10.2307/2489739</object-id>
               <fpage>32</fpage>
            </mixed-citation>
         </ref>
         <ref id="d39454e2347a1310">
            <mixed-citation id="d39454e2351" publication-type="journal">
Reid, CL. (1994), The Advantages of Taking a Proactive Approach to
Diversity," Executive Speeches, 9 (October/November), 26-28.<person-group>
                  <string-name>
                     <surname>Reid</surname>
                  </string-name>
               </person-group>
               <issue>October</issue>
               <fpage>26</fpage>
               <volume>9</volume>
               <source>Executive Speeches</source>
               <year>1994</year>
            </mixed-citation>
         </ref>
         <ref id="d39454e2386a1310">
            <mixed-citation id="d39454e2390" publication-type="book">
Riggins, Stephen H., ed. (1992), Ethnic Minority Media: An Inter-
national Perspective, Newbury Park, CA: Sage.<person-group>
                  <string-name>
                     <surname>Riggins</surname>
                  </string-name>
               </person-group>
               <source>Ethnic Minority Media: An International Perspective</source>
               <year>1992</year>
            </mixed-citation>
         </ref>
         <ref id="d39454e2415a1310">
            <mixed-citation id="d39454e2419" publication-type="journal">
Santoro, Elaine (1996), "East Meets West: Uncovering the Asian
Market in America," Direct Marketing, 59 (October), 34-39.<person-group>
                  <string-name>
                     <surname>Santoro</surname>
                  </string-name>
               </person-group>
               <issue>October</issue>
               <fpage>34</fpage>
               <volume>59</volume>
               <source>Direct Marketing</source>
               <year>1996</year>
            </mixed-citation>
         </ref>
         <ref id="d39454e2454a1310">
            <mixed-citation id="d39454e2458" publication-type="journal">
Sautter, Elise T. and Nancy A. Oretskin (1997), Tobacco Target-
ing: The Ethical Complexity of Marketing to Minorities,"
Journal of Business Ethics, 16 (July), 1011-1017.<person-group>
                  <string-name>
                     <surname>Sautter</surname>
                  </string-name>
               </person-group>
               <issue>July</issue>
               <fpage>1011</fpage>
               <volume>16</volume>
               <source>Journal of Business Ethics</source>
               <year>1997</year>
            </mixed-citation>
         </ref>
         <ref id="d39454e2496a1310">
            <mixed-citation id="d39454e2500" publication-type="journal">
Schlinger, M.J. and J.T. Plummer (1972), "Advertising in Black
and White," Journal of Marketing Research, 9 (May), 149-153.<object-id pub-id-type="doi">10.2307/3149947</object-id>
               <fpage>149</fpage>
            </mixed-citation>
         </ref>
         <ref id="d39454e2516a1310">
            <mixed-citation id="d39454e2520" publication-type="journal">
Simard, Lise, Donald M. Taylor, and Howard Giles (1976), "Attribution
Processes and Interpersonal Accommodation in a Bilingual Set-
ting," Language and Speech, 19 (October- December), 374-387.<person-group>
                  <string-name>
                     <surname>Simard</surname>
                  </string-name>
               </person-group>
               <issue>October</issue>
               <fpage>374</fpage>
               <volume>19</volume>
               <source>Language and Speech</source>
               <year>1976</year>
            </mixed-citation>
         </ref>
         <ref id="d39454e2559a1310">
            <mixed-citation id="d39454e2563" publication-type="journal">
Simons, Herbert W., Nancy N. Berkowitz, and R. John Mover
(1970), "Similarity, Credibility and Attitude Change: A Re-
view and a Theory," Psychological Bulletin, 73, 1-16.<person-group>
                  <string-name>
                     <surname>Simons</surname>
                  </string-name>
               </person-group>
               <fpage>1</fpage>
               <volume>73</volume>
               <source>Psychological Bulletin</source>
               <year>1970</year>
            </mixed-citation>
         </ref>
         <ref id="d39454e2598a1310">
            <mixed-citation id="d39454e2602" publication-type="journal">
Smith, Robert E. and Shelby D. Hunt (1978), "Attributional Pro-
cesses and Effects in Promotional Situations," Journal of Con-
sumer Research, 5 (December), 149-158.<object-id pub-id-type="jstor">10.2307/2488663</object-id>
               <fpage>149</fpage>
            </mixed-citation>
         </ref>
         <ref id="d39454e2621a1310">
            <mixed-citation id="d39454e2625" publication-type="journal">
Stayman, Douglas M. and Rohit Deshpande (1989), "Situational
Ethnicity and Consumer Behavior," Journal of Consumer Re-
search, 16 (December), 361-371.<object-id pub-id-type="jstor">10.2307/2489517</object-id>
               <fpage>361</fpage>
            </mixed-citation>
         </ref>
         <ref id="d39454e2644a1310">
            <mixed-citation id="d39454e2648" publication-type="journal">
Stern, Barbara B. (1993), The Firm, the Author, and the Persona:
A Literary Model of the Source of Advertising," Journal of
Current Issues and Research in Advertising, 15 (Fall), 15-24.<person-group>
                  <string-name>
                     <surname>Stern</surname>
                  </string-name>
               </person-group>
               <issue>Fall</issue>
               <fpage>15</fpage>
               <volume>15</volume>
               <source>Journal of Current Issues and Research in Advertising</source>
               <year>1993</year>
            </mixed-citation>
         </ref>
         <ref id="d39454e2686a1310">
            <mixed-citation id="d39454e2690" publication-type="book">
Sturdivant, Frederick D. (1973), "Subculture Theory: Poverty,
Minorities, and Marketing," in Consumer Behavior: Theoreti-
cal Sources, Scott Ward and Thomas S. Robertson, eds.,
Englewood Cliffs, NJ: Prentice Hall, 469-521.<person-group>
                  <string-name>
                     <surname>Sturdivant</surname>
                  </string-name>
               </person-group>
               <comment content-type="section">Subculture Theory: Poverty, Minorities, and Marketing</comment>
               <fpage>469</fpage>
               <source>Consumer Behavior: Theoretical Sources</source>
               <year>1973</year>
            </mixed-citation>
         </ref>
         <ref id="d39454e2728a1310">
            <mixed-citation id="d39454e2732" publication-type="journal">
Sujan, Mita, James R. Bettman, and Hans Baumgartner (1993),
"Influencing Consumer Judgments Using Autobiographical
Memories: A Self-Referencing Perspective," Journal of Mar-
keting Research, 30 (November), 422-436.<object-id pub-id-type="doi">10.2307/3172688</object-id>
               <fpage>422</fpage>
            </mixed-citation>
         </ref>
         <ref id="d39454e2756a1310">
            <mixed-citation id="d39454e2760" publication-type="journal">
Szybillo, G.J. and Jacob Jacoby (1974), "Effects of Different Levels
of Advertising on Integration Preference and Intention to Pur-
chase," Journal of Applied Psychology, 59 (June), 274-280.<person-group>
                  <string-name>
                     <surname>Szybillo</surname>
                  </string-name>
               </person-group>
               <issue>June</issue>
               <fpage>274</fpage>
               <volume>59</volume>
               <source>Journal of Applied Psychology</source>
               <year>1974</year>
            </mixed-citation>
         </ref>
         <ref id="d39454e2798a1310">
            <mixed-citation id="d39454e2802" publication-type="journal">
Taylor, Charles R. and Barbara B. Stern (1997), "Asian-Ameri-
cans: Television Advertising and the 'Model Minority* Stereo-
type," Journal of Advertising, 24 (2), 47-61.<person-group>
                  <string-name>
                     <surname>Taylor</surname>
                  </string-name>
               </person-group>
               <issue>2</issue>
               <fpage>47</fpage>
               <volume>24</volume>
               <source>Journal of Advertising</source>
               <year>1997</year>
            </mixed-citation>
         </ref>
         <ref id="d39454e2840a1310">
            <mixed-citation id="d39454e2844" publication-type="book">
Webb, J.T. (1970), "Interview Synchrony: An Investigation of Two
Speech Rate Measures in the Automated Standardized Inter-
view," in Studies in Dyadic Communication: Proceedings of a
Research Conference on the Interview, A.W. Siegman and B.
Pope, eds., Elmsford, NY: Pergamon Press.<person-group>
                  <string-name>
                     <surname>Webb</surname>
                  </string-name>
               </person-group>
               <comment content-type="section">Interview Synchrony: An Investigation of Two Speech Rate Measures in the Automated Standardized Interview</comment>
               <source>Studies in Dyadic Communication: Proceedings of a Research Conference on the Interview</source>
               <year>1970</year>
            </mixed-citation>
         </ref>
         <ref id="d39454e2882a1310">
            <mixed-citation id="d39454e2886" publication-type="journal">
Webster, Cynthia (1992), The Effects of Hispanic Subcultural
Identification on Information Search Behavior," Journal of
Advertising Research, 32 (September/October), 54-62.<person-group>
                  <string-name>
                     <surname>Webster</surname>
                  </string-name>
               </person-group>
               <issue>September</issue>
               <fpage>54</fpage>
               <volume>32</volume>
               <source>Journal of Advertising Research</source>
               <year>1992</year>
            </mixed-citation>
         </ref>
         <ref id="d39454e2924a1310">
            <mixed-citation id="d39454e2928" publication-type="journal">
- (1994), "Effects of Hispanic Ethnic Identification on
Marital Roles in the Purchase Decision Process," Journal of
Consumer Research, 21 (September), 319-331.<object-id pub-id-type="jstor">10.2307/2489823</object-id>
               <fpage>319</fpage>
            </mixed-citation>
         </ref>
         <ref id="d39454e2947a1310">
            <mixed-citation id="d39454e2951" publication-type="journal">
Whittler, Tommy E. (1989), "Viewers* Processing of Actor's Race
and Message Claims in Advertising Stimuli," Psychology and
Marketing, 6 (Winter), 287-309.<person-group>
                  <string-name>
                     <surname>Whittler</surname>
                  </string-name>
               </person-group>
               <issue>Winter</issue>
               <fpage>287</fpage>
               <volume>6</volume>
               <source>Psychology and Marketing</source>
               <year>1989</year>
            </mixed-citation>
         </ref>
         <ref id="d39454e2990a1310">
            <mixed-citation id="d39454e2994" publication-type="journal">
— , Roger J. Calantone, and Mark R. Young (1991),
"Strength of Ethnic Affiliation: Examining Black Identifica-
tion With Black Culture," The Journal of Social Psychology,
131 (August), 461-467.<person-group>
                  <string-name>
                     <surname>Whittler</surname>
                  </string-name>
               </person-group>
               <issue>August</issue>
               <fpage>461</fpage>
               <volume>131</volume>
               <source>The Journal of Social Psychology</source>
               <year>1991</year>
            </mixed-citation>
         </ref>
         <ref id="d39454e3035a1310">
            <mixed-citation id="d39454e3039" publication-type="journal">
Wilkes, Robert E. and Humberto Valencia (1989), "Hispanics and Blacks
in Television Commercials," Journal of Advertising, 18 (1), 19-25.<person-group>
                  <string-name>
                     <surname>Wilkes</surname>
                  </string-name>
               </person-group>
               <issue>1</issue>
               <fpage>19</fpage>
               <volume>18</volume>
               <source>Journal of Advertising</source>
               <year>1989</year>
            </mixed-citation>
         </ref>
         <ref id="d39454e3074a1310">
            <mixed-citation id="d39454e3078" publication-type="journal">
Williams, Jerome D. and William J. Quails (1989), "Middle-Class
Black Consumers and Intensity of Ethnic Identification," Psy-
chology and Marketing, 6 (Winter), 263-286.<person-group>
                  <string-name>
                     <surname>Williams</surname>
                  </string-name>
               </person-group>
               <issue>Winter</issue>
               <fpage>263</fpage>
               <volume>6</volume>
               <source>Psychology and Marketing</source>
               <year>1989</year>
            </mixed-citation>
         </ref>
         <ref id="d39454e3116a1310">
            <mixed-citation id="d39454e3120" publication-type="journal">
— , William J. Quails, and Sonya A. Grier (1995), "Ra-
cially Exclusive Real Estate Advertising: Public Policy Impli-
cations for Fair Housing Practices," Journal of Public Policy
and Marketing, 14 (Fall), 225-244.<person-group>
                  <string-name>
                     <surname>Williams</surname>
                  </string-name>
               </person-group>
               <issue>Fall</issue>
               <fpage>225</fpage>
               <volume>14</volume>
               <source>Journal of Public Policy and Marketing</source>
               <year>1995</year>
            </mixed-citation>
         </ref>
         <ref id="d39454e3161a1310">
            <mixed-citation id="d39454e3165" publication-type="journal">
Wood, Wally (1988), Tools of the Trade: Cultural Calculations,"
Marketing and Media Decisions, 22 (August), 137-138.<person-group>
                  <string-name>
                     <surname>Wood</surname>
                  </string-name>
               </person-group>
               <issue>August</issue>
               <fpage>137</fpage>
               <volume>22</volume>
               <source>Marketing and Media Decisions</source>
               <year>1988</year>
            </mixed-citation>
         </ref>
         <ref id="d39454e3200a1310">
            <mixed-citation id="d39454e3204" publication-type="journal">
Yancey, William L., Eugene P. Eriksen, and Richard N. Juliani
(1976), "Emergent Ethnicity: A Review and Reformulation,"
American Sociological Review, 41 (June), 391-403.<object-id pub-id-type="doi">10.2307/2094249</object-id>
               <fpage>391</fpage>
            </mixed-citation>
         </ref>
         <ref id="d39454e3224a1310">
            <mixed-citation id="d39454e3228" publication-type="journal">
Zajonc, Robert B., and Hazel Markus (1982), "Affective and Cogni-
tive Factors in Preferences," Journal of Consumer Research, 9
(September), 123-131.<object-id pub-id-type="jstor">10.2307/2489121</object-id>
               <fpage>123</fpage>
            </mixed-citation>
         </ref>
      </ref-list>
   </back>
</article>
