<article xmlns:xsi="http://www.w3.org/2001/XMLSchema-instance"
         xmlns:xlink="http://www.w3.org/1999/xlink"
         xmlns:mml="http://www.w3.org/1998/Math/MathML"
         dtd-version="1.0"
         article-type="research-article">
   <front>
      <journal-meta>
         <journal-id journal-id-type="jstor">jadve</journal-id>
         <journal-id journal-id-type="jstor">jadve</journal-id>
         <journal-id journal-id-type="jstor">j101355</journal-id>
         <journal-title-group>
            <journal-title>Journal of Advertising</journal-title>
         </journal-title-group>
         <publisher>
            <publisher-name>Board of Directors, American Academy of Advertising</publisher-name>
         </publisher>
         <issn pub-type="ppub">00913367</issn>
         <issn pub-type="epub">15577805</issn>
      </journal-meta>
      <article-meta>
         <article-id pub-id-type="jstor">4189193</article-id>
         <title-group>
            <article-title>Interpreting Consumer Perceptions of Advertising: An Application of the Zaltman Metaphor Elicitation Technique</article-title>
         </title-group>
         <contrib-group>
            <contrib contrib-type="author">
               <string-name>
                  <given-names>Robin A.</given-names>
                  <surname>Coulter</surname>
               </string-name>
            </contrib>
            <contrib contrib-type="author">
               <string-name>
                  <given-names>Gerald</given-names>
                  <surname>Zaltman</surname>
               </string-name>
            </contrib>
            <contrib contrib-type="author">
               <string-name>
                  <given-names>Keith S.</given-names>
                  <surname>Coulter</surname>
               </string-name>
            </contrib>
         </contrib-group>
         <pub-date>
            <day>1</day>
            <month>12</month>
            <year>2001</year>
         </pub-date>
         <volume>30</volume>
         <issue>4</issue>
         <issue-id>i394114</issue-id>
         <fpage>1</fpage>
         <lpage>21</lpage>
         <page-range>1-21</page-range>
         <permissions>
            <copyright-statement>Copyright 2001 American Academy of Advertising</copyright-statement>
         </permissions>
         <self-uri xlink:href="http://www.jstor.org/stable/4189193"/>
         <abstract>
            <p>For more than three decades, research has theorized about and investigated consumers' attitudes toward advertising. In this study, we interview fourteen U.S. consumers using the Zaltman Metaphor Elicitation Technique, a method that involves semi-structured, in-depth, personal interviews centered around visual images. Our metaphor and cross-case analyses further contribute to an understanding of consumers' impressions of advertising and the meanings that they associate with it. The metaphors attributed to advertising reveal that advertising has positive value, in that it relates information (hostess, teacher, counselor, enabler, and magician), provides entertainment (performer), and stimulates growth in the economy (engine). However, the goodwill derived from these aspects of advertising is countered by several liabilities, as epitomized by the omnipresent being, nosy neighbor, con-man, seducer, and evil therapist metaphors. In addition, three groups (the ambivalents, the skeptics, and the hostiles) with varying levels of appreciation for the institution of advertising emerge from our cross-case analysis.</p>
         </abstract>
         <custom-meta-group>
            <custom-meta>
               <meta-name>lang</meta-name>
               <meta-value>eng</meta-value>
            </custom-meta>
         </custom-meta-group>
      </article-meta>
   </front>
   <back>
      <ref-list>
         <title>References</title>
         <ref id="d4452e175a1310">
            <mixed-citation id="d4452e179" publication-type="journal">
Anderson, Ronald D., Jack L. Engeldow, and Helmut Becker (1978),
"How Consumer Reports Subscribers See Advertising," Jour-
nal of Advertising Research, 18 (December), 29-34.<person-group>
                  <string-name>
                     <surname>Anderson</surname>
                  </string-name>
               </person-group>
               <issue>December</issue>
               <fpage>29</fpage>
               <volume>18</volume>
               <source>Journal of Advertising Research</source>
               <year>1978</year>
            </mixed-citation>
         </ref>
         <ref id="d4452e217a1310">
            <mixed-citation id="d4452e221" publication-type="journal">
Andrews, J. Craig (1989), 'The Dimensionality of Beliefs Toward Adver-
tising in General," Journal of Advertising, 18 (January), 26-35.<person-group>
                  <string-name>
                     <surname>Andrews</surname>
                  </string-name>
               </person-group>
               <issue>January</issue>
               <fpage>26</fpage>
               <volume>18</volume>
               <source>Journal of Advertising</source>
               <year>1989</year>
            </mixed-citation>
         </ref>
         <ref id="d4452e256a1310">
            <mixed-citation id="d4452e260" publication-type="journal">
— , Srinivas Durvasula, and Richard G. Netemeyer
(1994), 'Testing the Cross-National Applicability of U.S. and
Russian Advertising Belief and Attitude Measures," Journal
of Advertising, 23 (March), 71-82.<person-group>
                  <string-name>
                     <surname>Andrews</surname>
                  </string-name>
               </person-group>
               <issue>March</issue>
               <fpage>71</fpage>
               <volume>23</volume>
               <source>Journal of Advertising</source>
               <year>1994</year>
            </mixed-citation>
         </ref>
         <ref id="d4452e301a1310">
            <mixed-citation id="d4452e305" publication-type="journal">
Bagozzi, Richard P. and U. Dholakia (1999), "Goal Setting and
Goal Striving in Consumer Behavior," Journal of Marketing,
63 (Special Issue), 19-32.<object-id pub-id-type="doi">10.2307/1252098</object-id>
               <fpage>19</fpage>
            </mixed-citation>
         </ref>
         <ref id="d4452e325a1310">
            <mixed-citation id="d4452e329" publication-type="book">
Ball, Michael S. and Gregory W. H. Smith (1992), Analyzing Visual
Data, Newbury Park, CA: Sage Publications.<person-group>
                  <string-name>
                     <surname>Ball</surname>
                  </string-name>
               </person-group>
               <source>Analyzing Visual Data</source>
               <year>1992</year>
            </mixed-citation>
         </ref>
         <ref id="d4452e354a1310">
            <mixed-citation id="d4452e358" publication-type="journal">
Barksdale, Hiram C. and William R. Darden (1972), "Consumer
Attitudes Toward Marketing and Consumerism," Journal of
Marketing, 36 (October), 28-35.<object-id pub-id-type="doi">10.2307/1250423</object-id>
               <fpage>28</fpage>
            </mixed-citation>
         </ref>
         <ref id="d4452e377a1310">
            <mixed-citation id="d4452e381" publication-type="journal">
— ,-, and William D. Perreault Jr. ( 1976),
"Changes in Consumer Attitudes Toward Marketing, Con-
sumerism and Government Regulation: 1971-1975," Journal
of Consumer Affairs, 10 (20), 117-139.<person-group>
                  <string-name>
                     <surname>Barksdale</surname>
                  </string-name>
               </person-group>
               <issue>20</issue>
               <fpage>117</fpage>
               <volume>10</volume>
               <source>Journal of Consumer Affairs</source>
               <year>1976</year>
            </mixed-citation>
         </ref>
         <ref id="d4452e422a1310">
            <mixed-citation id="d4452e426" publication-type="journal">
and William D. Perreault Jr. ( 1980), "Can Consum-
ers Be Satisfied?" MSU Business Topics, 28 (Spring), 19-30.<person-group>
                  <string-name>
                     <surname>Barksdale</surname>
                  </string-name>
               </person-group>
               <issue>Spring</issue>
               <fpage>19</fpage>
               <volume>28</volume>
               <source>MSU Business Topics</source>
               <year>1980</year>
            </mixed-citation>
         </ref>
         <ref id="d4452e461a1310">
            <mixed-citation id="d4452e465" publication-type="journal">
— ,-, Johan Arndt, J. ?. Barnhill, War-
ren A. French, Michael Halliday, and Jehiel Zif (1982), "A
Cross-National Survey of Consumer Attitudes Towards Mar-
keting Practices, Consumerism and Government Regulations,"
Columbia Journal of World Business, 17 (Summer), 71-86.<person-group>
                  <string-name>
                     <surname>Barksdale</surname>
                  </string-name>
               </person-group>
               <issue>Summer</issue>
               <fpage>71</fpage>
               <volume>17</volume>
               <source>Columbia Journal of World Business</source>
               <year>1982</year>
            </mixed-citation>
         </ref>
         <ref id="d4452e509a1310">
            <mixed-citation id="d4452e513" publication-type="journal">
Batra, Rajeev and Michael L. Ray (1986), "Affective Responses
Mediating Acceptance of Advertising," Journal of Consumer
Research, 13 (September), 234-249.<object-id pub-id-type="jstor">10.2307/2489229</object-id>
               <fpage>234</fpage>
            </mixed-citation>
         </ref>
         <ref id="d4452e533a1310">
            <mixed-citation id="d4452e537" publication-type="book">
Bauer, R. A. and Stephen A. Greyser ( 1968), Advertising in America:
The Consumer View, Boston, MA: Harvard University Gradu-
ate School of Business Administration, Division of Research.<person-group>
                  <string-name>
                     <surname>Bauer</surname>
                  </string-name>
               </person-group>
               <source>Advertising in America: The Consumer View</source>
               <year>1968</year>
            </mixed-citation>
         </ref>
         <ref id="d4452e566a1310">
            <mixed-citation id="d4452e570" publication-type="journal">
Bearden, William O. and Terrence A. Shimp (1982), 'The Use of
Extrinsic Cues to Facilitate Product Adoption," Journal of
Marketing Research, 19 (May), 229-239.<object-id pub-id-type="doi">10.2307/3151623</object-id>
               <fpage>229</fpage>
            </mixed-citation>
         </ref>
         <ref id="d4452e589a1310">
            <mixed-citation id="d4452e593" publication-type="book">
Becker, Howard S. (1980), Exploring Society Photographically,
Chicago: The University of Chicago Press.<person-group>
                  <string-name>
                     <surname>Becker</surname>
                  </string-name>
               </person-group>
               <source>Exploring Society Photographically</source>
               <year>1980</year>
            </mixed-citation>
         </ref>
         <ref id="d4452e618a1310">
            <mixed-citation id="d4452e622" publication-type="journal">
Belch, George E. (1982), 'The Effects of Television Commercial
Repetition on Cognitive Response and Message Acceptance,"
Journal of Consumer Research, 9 (June), 56-65.<object-id pub-id-type="jstor">10.2307/2488937</object-id>
               <fpage>56</fpage>
            </mixed-citation>
         </ref>
         <ref id="d4452e641a1310">
            <mixed-citation id="d4452e645" publication-type="journal">
Belk, Russell W. (1985), "Materialism: Trait Aspects of Living in the
Material World," Journal of Consumer Research, 12 (December),
265-280.<object-id pub-id-type="jstor">10.2307/254373</object-id>
               <fpage>265</fpage>
            </mixed-citation>
         </ref>
         <ref id="d4452e664a1310">
            <mixed-citation id="d4452e668" publication-type="journal">
- and Richard W. Pollay (1985), "Images of Ourselves:
The Good Life in the Twentieth Century Advertising," Jour-
nal of Consumer Research, 11 (March), 887-797.<object-id pub-id-type="jstor">10.2307/2489215</object-id>
               <fpage>887</fpage>
            </mixed-citation>
         </ref>
         <ref id="d4452e688a1310">
            <mixed-citation id="d4452e692" publication-type="journal">
Melanie Wallendorf, and John F. Sherry Jr. (1989),
"The Sacred and the Profane in Consumer Behavior: Theodicy on
the Odyssey,M Journal of Consumer Research, 16 (June), 1-38.<object-id pub-id-type="jstor">10.2307/2489299</object-id>
               <fpage>1</fpage>
            </mixed-citation>
         </ref>
         <ref id="d4452e711a1310">
            <mixed-citation id="d4452e715" publication-type="journal">
Bettman, James R., Mary Frances Luce, and John W. Payne ( 1998),
"Constructive Choice Processes," Journal of Consumer Re-
search, 25 (December), 187-217.<object-id pub-id-type="jstor">10.2307/2489831</object-id>
               <fpage>187</fpage>
            </mixed-citation>
         </ref>
         <ref id="d4452e734a1310">
            <mixed-citation id="d4452e738" publication-type="other">
Bower, Marcia (2000), aef.com Content Master, personal interview,
October.</mixed-citation>
         </ref>
         <ref id="d4452e748a1310">
            <mixed-citation id="d4452e752" publication-type="journal">
Cacioppo, John T. and Richard E. Petty (1979), "Effects of Message
Repetition and Position on Cognitive Response, Recall and
Persuasion," Journal of Personality and Social Psychology, 37
(January), 97-109.<person-group>
                  <string-name>
                     <surname>Cacioppo</surname>
                  </string-name>
               </person-group>
               <issue>January</issue>
               <fpage>97</fpage>
               <volume>37</volume>
               <source>Journal of Personality and Social Psychology</source>
               <year>1979</year>
            </mixed-citation>
         </ref>
         <ref id="d4452e793a1310">
            <mixed-citation id="d4452e797" publication-type="book">
Calfee, John E. and Debra Jones Ringold (1988), "Consumer Skep-
ticism of Advertising: What Do the Polls Show?" in Advances
in Consumer Research, Vol. 15, Michael J. Houston, ed., Provo,
UT: Association for Consumer Research, 244-248.<person-group>
                  <string-name>
                     <surname>Calfee</surname>
                  </string-name>
               </person-group>
               <comment content-type="section">Consumer Skepticism of Advertising: What Do the Polls Show?</comment>
               <fpage>244</fpage>
               <volume>15</volume>
               <source>Advances in Consumer Research</source>
               <year>1988</year>
            </mixed-citation>
         </ref>
         <ref id="d4452e838a1310">
            <mixed-citation id="d4452e842" publication-type="journal">
— and-(1994), 'The 70% Majority: Endur-
ing Consumer Beliefs About Advertising," Journal of Public
Policy &amp; Marketing, 13 (Fall), 228-238.<person-group>
                  <string-name>
                     <surname>Calfee</surname>
                  </string-name>
               </person-group>
               <issue>Fall</issue>
               <fpage>228</fpage>
               <volume>13</volume>
               <source>Journal of Public Policy &amp; Marketing</source>
               <year>1994</year>
            </mixed-citation>
         </ref>
         <ref id="d4452e881a1310">
            <mixed-citation id="d4452e885" publication-type="book">
Coles, Robert (1989), The Call of Stories, Boston: Houghton Mifflin
Co.<person-group>
                  <string-name>
                     <surname>Coles</surname>
                  </string-name>
               </person-group>
               <source>The Call of Stories</source>
               <year>1989</year>
            </mixed-citation>
         </ref>
         <ref id="d4452e910a1310">
            <mixed-citation id="d4452e914" publication-type="book">
Collier, John, Jr. and Malcolm Collier (1986), Visual Anthropology:
Photography as a Research Method, Albuquerque, NM: Uni-
versity of New Mexico Press.<person-group>
                  <string-name>
                     <surname>Collier</surname>
                  </string-name>
               </person-group>
               <source>Visual Anthropology: Photography as a Research Method</source>
               <year>1986</year>
            </mixed-citation>
         </ref>
         <ref id="d4452e943a1310">
            <mixed-citation id="d4452e947" publication-type="book">
Collins, Christopher (1991), The Poetics of the Mind's Eye: Litera-
ture and the Psychology of the Imagination, Philadelphia:
University of Pennsylvania Press.<person-group>
                  <string-name>
                     <surname>Collins</surname>
                  </string-name>
               </person-group>
               <source>The Poetics of the Mind's Eye: Literature and the Psychology of the Imagination</source>
               <year>1991</year>
            </mixed-citation>
         </ref>
         <ref id="d4452e976a1310">
            <mixed-citation id="d4452e980" publication-type="book">
Coulter, Robin Higie and Gerald Zaltman (1994), "Using the
Zaltman Metaphor Elicitation Technique to Understand Brand
Images," in Advances in Consumer Research, Vol. 21, Chris T.
Allen and Deborah Roedder John, eds., Provo, UT: Associa-
tion for Consumer Research, 501-507.<person-group>
                  <string-name>
                     <surname>Coulter</surname>
                  </string-name>
               </person-group>
               <comment content-type="section">Using the Zaltman Metaphor Elicitation Technique to Understand Brand Images</comment>
               <fpage>501</fpage>
               <volume>21</volume>
               <source>Advances in Consumer Research</source>
               <year>1994</year>
            </mixed-citation>
         </ref>
         <ref id="d4452e1024a1310">
            <mixed-citation id="d4452e1028" publication-type="book">
— and-(2000), 'The Power of Metaphor," in The
Why of Consumption: Contemporary Perspectives on Consumers
Motives Goals and Desires, S. Ratneshwar, David Glen Mick, and
Cynthia Huffman, eds., London: Routledge, 259-281.<person-group>
                  <string-name>
                     <surname>Coulter</surname>
                  </string-name>
               </person-group>
               <comment content-type="section">The Power of Metaphor</comment>
               <fpage>259</fpage>
               <source>The Why of Consumption: Contemporary Perspectives on Consumers Motives Goals and Desires</source>
               <year>2000</year>
            </mixed-citation>
         </ref>
         <ref id="d4452e1066a1310">
            <mixed-citation id="d4452e1070" publication-type="book">
Creswell, John W. (1998), Qualitative Inquiry and Research De-
sign: Choosing Among Five Traditions, Thousand Oaks, CA:
Sage Publications.<person-group>
                  <string-name>
                     <surname>Creswell</surname>
                  </string-name>
               </person-group>
               <source>Qualitative Inquiry and Research Design: Choosing Among Five Traditions</source>
               <year>1998</year>
            </mixed-citation>
         </ref>
         <ref id="d4452e1100a1310">
            <mixed-citation id="d4452e1104" publication-type="book">
Denzin, Norman ?. (1989), The Research Act: A Theoretical Intro-
duction to Sociological Methods, 3d ed., Engle wood Cliffs, NJ:
Prentice Hall.<person-group>
                  <string-name>
                     <surname>Denzin</surname>
                  </string-name>
               </person-group>
               <edition>3</edition>
               <source>The Research Act: A Theoretical Introduction to Sociological Methods</source>
               <year>1989</year>
            </mixed-citation>
         </ref>
         <ref id="d4452e1136a1310">
            <mixed-citation id="d4452e1140" publication-type="book">
— and Yvonna S. Lincoln (1998), Collecting and Interpret-
ing Qualitative Materials, Thousand Oaks, CA: Sage Publications.<person-group>
                  <string-name>
                     <surname>Denzin</surname>
                  </string-name>
               </person-group>
               <source>Collecting and Interpreting Qualitative Materials</source>
               <year>1998</year>
            </mixed-citation>
         </ref>
         <ref id="d4452e1165a1310">
            <mixed-citation id="d4452e1169" publication-type="journal">
Durand, Richard M. and Zarrel V. Lambert (1985), "Alienation and
Criticisms of Advertising," Journal of Advertising, 14 (3), 9-17.<person-group>
                  <string-name>
                     <surname>Durand</surname>
                  </string-name>
               </person-group>
               <issue>3</issue>
               <fpage>9</fpage>
               <volume>14</volume>
               <source>Journal of Advertising</source>
               <year>1985</year>
            </mixed-citation>
         </ref>
         <ref id="d4452e1204a1310">
            <mixed-citation id="d4452e1208" publication-type="journal">
Durvasula, Srinivas, J. Craig Andrews, Steven Lysonski, and Ri-
chard G. Netemeyer (1993), "Assessing the Cross-National
Applicability of Consumer Behavior Models: A Model of Atti-
tude Toward Advertising in General," Journal of Consumer
Research, 19 (March), 626-636.<object-id pub-id-type="jstor">10.2307/2489445</object-id>
               <fpage>626</fpage>
            </mixed-citation>
         </ref>
         <ref id="d4452e1234a1310">
            <mixed-citation id="d4452e1238" publication-type="book">
Engen, Trygg ( 1991), Odor Sensation and Memory, New York Praeger.<person-group>
                  <string-name>
                     <surname>Engen</surname>
                  </string-name>
               </person-group>
               <source>Odor Sensation and Memory</source>
               <year>1991</year>
            </mixed-citation>
         </ref>
         <ref id="d4452e1260a1310">
            <mixed-citation id="d4452e1264" publication-type="book">
Ewen, Stuart (1988), All Consuming Images, New York Basic Books.<person-group>
                  <string-name>
                     <surname>Ewen</surname>
                  </string-name>
               </person-group>
               <source>All Consuming Images</source>
               <year>1988</year>
            </mixed-citation>
         </ref>
         <ref id="d4452e1287a1310">
            <mixed-citation id="d4452e1291" publication-type="book">
Festinger, Leon (1967), A Theory of Cognitive Dissonance, Stanford,
CA: Stanford University Press.<person-group>
                  <string-name>
                     <surname>Festinger</surname>
                  </string-name>
               </person-group>
               <source>A Theory of Cognitive Dissonance</source>
               <year>1967</year>
            </mixed-citation>
         </ref>
         <ref id="d4452e1316a1310">
            <mixed-citation id="d4452e1320" publication-type="journal">
Ford, Gary T. and John E. Calfee (1986), "Recent Developments in FTC
Policy on Deception," Journal of Marketing, 50 (July), 82-103.<object-id pub-id-type="doi">10.2307/1251587</object-id>
               <fpage>82</fpage>
            </mixed-citation>
         </ref>
         <ref id="d4452e1336a1310">
            <mixed-citation id="d4452e1340" publication-type="journal">
French, Warren ?., Hiram C. Barksdale, and William D. Perreault
Jr. (1982), "Consumer Attitudes Toward Marketing in En-
gland and the United States," European Journal of Market-
ing, 16 (6), 20-30.<person-group>
                  <string-name>
                     <surname>French</surname>
                  </string-name>
               </person-group>
               <issue>6</issue>
               <fpage>20</fpage>
               <volume>16</volume>
               <source>European Journal of Marketing</source>
               <year>1982</year>
            </mixed-citation>
         </ref>
         <ref id="d4452e1381a1310">
            <mixed-citation id="d4452e1385" publication-type="journal">
Frey, Dieter and Marita Rosch (1984), "Information Seeking After Deci-
sions: The Roles of Novelty Information and Decision Reversibility,"
Personality and Social Psychology Bulletin, 10 (March), 91-98.<person-group>
                  <string-name>
                     <surname>Frey</surname>
                  </string-name>
               </person-group>
               <issue>March</issue>
               <fpage>91</fpage>
               <volume>10</volume>
               <source>Personality and Social Psychology Bulletin</source>
               <year>1984</year>
            </mixed-citation>
         </ref>
         <ref id="d4452e1423a1310">
            <mixed-citation id="d4452e1427" publication-type="journal">
Gengler, Charles E. and Thomas J. Reynolds (1995), "Consumer
Understanding and Advertising Strategy," Journal of Adver-
tising Research, 35 (July/August), 19-33.<person-group>
                  <string-name>
                     <surname>Gengler</surname>
                  </string-name>
               </person-group>
               <issue>July</issue>
               <fpage>19</fpage>
               <volume>35</volume>
               <source>Journal of Advertising Research</source>
               <year>1995</year>
            </mixed-citation>
         </ref>
         <ref id="d4452e1465a1310">
            <mixed-citation id="d4452e1469" publication-type="other">
Grady, Joe (1997), "Foundations of Meaning: Primary Metaphors
and Primary Scenes," doctoral dissertation, University of Cali-
fornia, Berkeley.</mixed-citation>
         </ref>
         <ref id="d4452e1483a1310">
            <mixed-citation id="d4452e1487" publication-type="book">
— (1998),'The Conduit Metaphor Revisited: A Reas-
sessment of Metaphors for Communication," in Discourse and
Cognition: Bridging the Gap, Jean-Pierre Koenig, ed.,
Stanford, CA: CSLI/Cambridge, 205-218.<person-group>
                  <string-name>
                     <surname>Grady</surname>
                  </string-name>
               </person-group>
               <comment content-type="section">The Conduit Metaphor Revisited: A Reassessment of Metaphors for Communication</comment>
               <fpage>205</fpage>
               <source>Discourse and Cognition: Bridging the Gap</source>
               <year>1998</year>
            </mixed-citation>
         </ref>
         <ref id="d4452e1525a1310">
            <mixed-citation id="d4452e1529" publication-type="journal">
Grady, John (1996), 'The Scope of Visual Sociology," Visual Sociol-
ogy, 11 (2), 10-24.<person-group>
                  <string-name>
                     <surname>Grady</surname>
                  </string-name>
               </person-group>
               <issue>2</issue>
               <fpage>10</fpage>
               <volume>11</volume>
               <source>Visual Sociology</source>
               <year>1996</year>
            </mixed-citation>
         </ref>
         <ref id="d4452e1564a1310">
            <mixed-citation id="d4452e1568" publication-type="journal">
Greyser, Stephen A. and Bonnie B. Reece (1971), "Businessmen
Look Hard at Advertising," Harvard Business Review, 49 (May-
June), 18-27.<person-group>
                  <string-name>
                     <surname>Greyser</surname>
                  </string-name>
               </person-group>
               <issue>May</issue>
               <fpage>18</fpage>
               <volume>49</volume>
               <source>Harvard Business Review</source>
               <year>1971</year>
            </mixed-citation>
         </ref>
         <ref id="d4452e1606a1310">
            <mixed-citation id="d4452e1610" publication-type="journal">
Grier, Sonya A. and Anne E. Brumbaugh (1999), "Noticing Cul-
tural Differences: Ad Meanings Created by Target and Non-
Target Markets," Journal of Advertising, 28 (Summer), 25-38.<person-group>
                  <string-name>
                     <surname>Grier</surname>
                  </string-name>
               </person-group>
               <issue>Summer</issue>
               <fpage>25</fpage>
               <volume>28</volume>
               <source>Journal of Advertising</source>
               <year>1999</year>
            </mixed-citation>
         </ref>
         <ref id="d4452e1648a1310">
            <mixed-citation id="d4452e1652" publication-type="journal">
Gulas, Charles S. and Kim McKeage (2000), "Extending Social
Comparison: An Examination of the Unintended Conse-
quences of Idealized Advertising Imagery," Journal of Adver-
tising, 29 (Summer), 17-28.<person-group>
                  <string-name>
                     <surname>Gulas</surname>
                  </string-name>
               </person-group>
               <issue>Summer</issue>
               <fpage>17</fpage>
               <volume>29</volume>
               <source>Journal of Advertising</source>
               <year>2000</year>
            </mixed-citation>
         </ref>
         <ref id="d4452e1693a1310">
            <mixed-citation id="d4452e1697" publication-type="journal">
Ha, Louisa and Barry R. Litman (1997), "Does Advertising Clutter
Have Diminishing and Negative Returns?" Journal of Adver-
tising, 26 (Spring), 31-42.<person-group>
                  <string-name>
                     <surname>Ha</surname>
                  </string-name>
               </person-group>
               <issue>Spring</issue>
               <fpage>31</fpage>
               <volume>26</volume>
               <source>Journal of Advertising</source>
               <year>1997</year>
            </mixed-citation>
         </ref>
         <ref id="d4452e1736a1310">
            <mixed-citation id="d4452e1740" publication-type="journal">
Haller, Thomas F. (1974), "What Students Think of Advertising,"
Journal of Advertising Research, 14 (February), 33-38.<person-group>
                  <string-name>
                     <surname>Haller</surname>
                  </string-name>
               </person-group>
               <issue>February</issue>
               <fpage>33</fpage>
               <volume>14</volume>
               <source>Journal of Advertising Research</source>
               <year>1974</year>
            </mixed-citation>
         </ref>
         <ref id="d4452e1775a1310">
            <mixed-citation id="d4452e1779" publication-type="journal">
Hirschman, Elizabeth C. and Craig J. Thompson (1997), "Why
Media Matter: Toward a Richer Understanding of Consum-
ers' Relationships with Advertising and Mass Media," Jour-
nal of Advertising, 26 (Spring), 43-61.<person-group>
                  <string-name>
                     <surname>Hirschman</surname>
                  </string-name>
               </person-group>
               <issue>Spring</issue>
               <fpage>43</fpage>
               <volume>26</volume>
               <source>Journal of Advertising</source>
               <year>1997</year>
            </mixed-citation>
         </ref>
         <ref id="d4452e1820a1310">
            <mixed-citation id="d4452e1824" publication-type="book">
Holbrook, Morris B. (1987), "An Audiovisual Inventory of Some
Fanatic Consumer Behavior: The 25-Cent Tour of a Jazz
Collector's Home," in Advances in Consumer Research, Vol.
14, Melanie Wallendorf and Paul Anderson, eds., Provo, UT:
Association for Consumer Research, 144-149.<person-group>
                  <string-name>
                     <surname>Holbrook</surname>
                  </string-name>
               </person-group>
               <comment content-type="section">An Audiovisual Inventory of Some Fanatic Consumer Behavior: The 25-Cent Tour of a Jazz Collector's Home</comment>
               <fpage>144</fpage>
               <volume>14</volume>
               <source>Advances in Consumer Research</source>
               <year>1987</year>
            </mixed-citation>
         </ref>
         <ref id="d4452e1868a1310">
            <mixed-citation id="d4452e1872" publication-type="book">
Hubel, David H. (1988), Eye, Brain and Vision, New York: Scien-
tific American Library.<person-group>
                  <string-name>
                     <surname>Hubel</surname>
                  </string-name>
               </person-group>
               <source>Eye, Brain and Vision</source>
               <year>1988</year>
            </mixed-citation>
         </ref>
         <ref id="d4452e1897a1310">
            <mixed-citation id="d4452e1901" publication-type="journal">
Hyman, Michael R., Richard Tansey, and James W. Clark (1994),
"Research on Advertising Ethics: Past, Present and Future,"
Journal of Advertising, 23 (September), 5-15.<person-group>
                  <string-name>
                     <surname>Hyman</surname>
                  </string-name>
               </person-group>
               <issue>September</issue>
               <fpage>5</fpage>
               <volume>23</volume>
               <source>Journal of Advertising</source>
               <year>1994</year>
            </mixed-citation>
         </ref>
         <ref id="d4452e1939a1310">
            <mixed-citation id="d4452e1943" publication-type="journal">
Jacoby, Jacob, Donald E. Speller, and Carol Kohn Berning (1974), "Brand
Choice Behavior as a Function of Information Load: Replication
and Extension," Journal of Consumer Research, 1 (June), 33-42.<object-id pub-id-type="jstor">10.2307/2488952</object-id>
               <fpage>33</fpage>
            </mixed-citation>
         </ref>
         <ref id="d4452e1963a1310">
            <mixed-citation id="d4452e1967" publication-type="journal">
Jones, Marilyn Y., Andrea J. S. Stanaland, and Betsy D. Gelb
(1988), beefcake and Cheesecake: Insights for Advertisers,"
Journal of Advertising, 27 (Summer), 33-53.<person-group>
                  <string-name>
                     <surname>Jones</surname>
                  </string-name>
               </person-group>
               <issue>Summer</issue>
               <fpage>33</fpage>
               <volume>27</volume>
               <source>Journal of Advertising</source>
               <year>1988</year>
            </mixed-citation>
         </ref>
         <ref id="d4452e2005a1310">
            <mixed-citation id="d4452e2009" publication-type="journal">
Kanter, Donald L. (1988/1989), "Cynical Marketers at Work," Jour-
nal of Advertising Research, 28 (December/ January), 28-34.<person-group>
                  <string-name>
                     <surname>Kanter</surname>
                  </string-name>
               </person-group>
               <issue>December</issue>
               <fpage>28</fpage>
               <volume>28</volume>
               <source>Journal of Advertising Research</source>
               <year>1988</year>
            </mixed-citation>
         </ref>
         <ref id="d4452e2044a1310">
            <mixed-citation id="d4452e2048" publication-type="journal">
Kates, Steven M. (1999), "Making the Ad Perfectly Queer: Market-
ing 'Normality* to the Gay Men's Community?" Journal of
Advertising, 28 (Summer), 25-38.<person-group>
                  <string-name>
                     <surname>Kates</surname>
                  </string-name>
               </person-group>
               <issue>Summer</issue>
               <fpage>25</fpage>
               <volume>28</volume>
               <source>Journal of Advertising</source>
               <year>1999</year>
            </mixed-citation>
         </ref>
         <ref id="d4452e2086a1310">
            <mixed-citation id="d4452e2090" publication-type="journal">
— and Glenda Shaw-Garlock (1999), 'The Ever-En-
tangling Web: A Study of Ideologies and Discourses in Adver-
tising to Women," Journal of Advertising, 28 (Spring), 33-51.<person-group>
                  <string-name>
                     <surname>Kates</surname>
                  </string-name>
               </person-group>
               <issue>Spring</issue>
               <fpage>33</fpage>
               <volume>28</volume>
               <source>Journal of Advertising</source>
               <year>1999</year>
            </mixed-citation>
         </ref>
         <ref id="d4452e2128a1310">
            <mixed-citation id="d4452e2132" publication-type="book">
Kelly, George A. (1963), A Theory of Personality, New York: W.W.
Norton.<person-group>
                  <string-name>
                     <surname>Kelly</surname>
                  </string-name>
               </person-group>
               <source>A Theory of Personality</source>
               <year>1963</year>
            </mixed-citation>
         </ref>
         <ref id="d4452e2157a1310">
            <mixed-citation id="d4452e2161" publication-type="journal">
Kempf, DeAnna S. and Robert E. Smith (1998), "Consumer Pro-
cessing of Product Trial and the Influence of Prior Advertis-
ing: A Structural Modeling Approach," Journal of Marketing
Research, 35 (August), 325-338.<object-id pub-id-type="doi">10.2307/3152031</object-id>
               <fpage>325</fpage>
            </mixed-citation>
         </ref>
         <ref id="d4452e2185a1310">
            <mixed-citation id="d4452e2189" publication-type="book">
Kirk, Jerome and Marc L. Miller (1986), Reliability and Validity in
Qualitative Research, Beverly Hills, CA: Sage Publications.<person-group>
                  <string-name>
                     <surname>Kirk</surname>
                  </string-name>
               </person-group>
               <source>Reliability and Validity in Qualitative Research</source>
               <year>1986</year>
            </mixed-citation>
         </ref>
         <ref id="d4452e2214a1310">
            <mixed-citation id="d4452e2218" publication-type="book">
Lakoff, George (1993), 'The Contemporary Theory of Metaphor,"
in Metaphor and Thought, 2d ed., Andrew Ortony, ed., Cam-
bridge: Cambridge University Press, 202-51.<person-group>
                  <string-name>
                     <surname>Lakoff</surname>
                  </string-name>
               </person-group>
               <edition>2</edition>
               <comment content-type="section">The Contemporary Theory of Metaphor</comment>
               <fpage>202</fpage>
               <source>Metaphor and Thought</source>
               <year>1993</year>
            </mixed-citation>
         </ref>
         <ref id="d4452e2256a1310">
            <mixed-citation id="d4452e2260" publication-type="book">
— and Mark Johnson (1980), Metaphors We Live By,
Chicago: University of Chicago Press.<person-group>
                  <string-name>
                     <surname>Lakoff</surname>
                  </string-name>
               </person-group>
               <source>Metaphors We Live By</source>
               <year>1980</year>
            </mixed-citation>
         </ref>
         <ref id="d4452e2285a1310">
            <mixed-citation id="d4452e2289" publication-type="book">
and—(1999), Philosophy in the Flesh: The
Embodied Mind and Its Challenge to Western Thought, New
York: Basic Books.<person-group>
                  <string-name>
                     <surname>Lakoff</surname>
                  </string-name>
               </person-group>
               <source>Philosophy in the Flesh: The Embodied Mind and Its Challenge to Western Thought</source>
               <year>1999</year>
            </mixed-citation>
         </ref>
         <ref id="d4452e2318a1310">
            <mixed-citation id="d4452e2322" publication-type="book">
Lincoln, Yvonna S. and Egon Guba (1985), Naturalistic Inquiry,
Beverly Hills, CA: Sage Publications.<person-group>
                  <string-name>
                     <surname>Lincoln</surname>
                  </string-name>
               </person-group>
               <source>Naturalistic Inquiry</source>
               <year>1985</year>
            </mixed-citation>
         </ref>
         <ref id="d4452e2347a1310">
            <mixed-citation id="d4452e2351" publication-type="book">
Lutz, Richard J. (1985), "Affective and Cognitive Antecedents of
Attitude Toward the Ad: A Conceptual Framework," in Psy-
chological Processes and Advertising Effects: Theory, Research
and Application, Linda F. Alwitt and Andrew A. Mitchell,
eds., Hillsdale, NJ: Lawrence Erlbaum Associates, 45-63.<person-group>
                  <string-name>
                     <surname>Lutz</surname>
                  </string-name>
               </person-group>
               <comment content-type="section">Affective and Cognitive Antecedents of Attitude Toward the Ad: A Conceptual Framework</comment>
               <fpage>45</fpage>
               <source>Psychological Processes and Advertising Effects: Theory, Research and Application</source>
               <year>1985</year>
            </mixed-citation>
         </ref>
         <ref id="d4452e2393a1310">
            <mixed-citation id="d4452e2397" publication-type="journal">
Madden, Thomas J. and Marc G. Weinberger (1984), "Humor in
Advertising: A Practitioner View," Journal of Advertising
Research, 24 (August/September), 23-68.<person-group>
                  <string-name>
                     <surname>Madden</surname>
                  </string-name>
               </person-group>
               <issue>August</issue>
               <fpage>23</fpage>
               <volume>24</volume>
               <source>Journal of Advertising Research</source>
               <year>1984</year>
            </mixed-citation>
         </ref>
         <ref id="d4452e2435a1310">
            <mixed-citation id="d4452e2439" publication-type="journal">
Manso-Pinto, Juan F. and Fernando Haemmerly Diaz (1997), "Be-
liefs about Advertising of Chilean University Students," The
Journal of Social Psychology, 127 (2), 267-268.<person-group>
                  <string-name>
                     <surname>Manso-Pinto</surname>
                  </string-name>
               </person-group>
               <issue>2</issue>
               <fpage>267</fpage>
               <volume>127</volume>
               <source>The Journal of Social Psychology</source>
               <year>1997</year>
            </mixed-citation>
         </ref>
         <ref id="d4452e2477a1310">
            <mixed-citation id="d4452e2481" publication-type="journal">
Martin, Mary C. and James W. Gentry ( 1997), "Stuck in the Model Trap:
The Effects of Beautiful Models in Ads on Pre-Adolescents and
Adolescents," Journal of Advertising, 26 (Summer), 19-34.<person-group>
                  <string-name>
                     <surname>Martin</surname>
                  </string-name>
               </person-group>
               <issue>Summer</issue>
               <fpage>19</fpage>
               <volume>26</volume>
               <source>Journal of Advertising</source>
               <year>1997</year>
            </mixed-citation>
         </ref>
         <ref id="d4452e2519a1310">
            <mixed-citation id="d4452e2523" publication-type="book">
McCracken, Grant (1988), Culture and Consumption, Bloomington,
IN: Indiana University Press.<person-group>
                  <string-name>
                     <surname>McCracken</surname>
                  </string-name>
               </person-group>
               <source>Culture and Consumption</source>
               <year>1988</year>
            </mixed-citation>
         </ref>
         <ref id="d4452e2548a1310">
            <mixed-citation id="d4452e2552" publication-type="book">
McQuarrie, Edward F. (1993), Customer Visits, Newbury Park,
CA: Sage Publications.<person-group>
                  <string-name>
                     <surname>McQuarrie</surname>
                  </string-name>
               </person-group>
               <source>Customer Visits</source>
               <year>1993</year>
            </mixed-citation>
         </ref>
         <ref id="d4452e2577a1310">
            <mixed-citation id="d4452e2581" publication-type="book">
Miles, Matthew B. and A. Michael Huberman (1994), Qualitative
Data Analysis: An Expanded Sourcebook, Newbury Park, CA:
Sage Publications.<person-group>
                  <string-name>
                     <surname>Miles</surname>
                  </string-name>
               </person-group>
               <source>Qualitative Data Analysis: An Expanded Sourcebook</source>
               <year>1994</year>
            </mixed-citation>
         </ref>
         <ref id="d4452e2611a1310">
            <mixed-citation id="d4452e2615" publication-type="journal">
Mittal, Banwari (1994), "Public Assessment of TV Advertising:
Faint Praise and Harsh Criticism," Journal of Advertising
Research, 34 (January/February), 35-53.<person-group>
                  <string-name>
                     <surname>Mittal</surname>
                  </string-name>
               </person-group>
               <issue>January</issue>
               <fpage>35</fpage>
               <volume>34</volume>
               <source>Journal of Advertising Research</source>
               <year>1994</year>
            </mixed-citation>
         </ref>
         <ref id="d4452e2653a1310">
            <mixed-citation id="d4452e2657" publication-type="journal">
Muehling, Darrel D. (1987), "An Investigation of Factors Underly-
ing Attitude-Toward-Advertising-in-General," Journal of Ad-
vertising, 16 (1), 32-40.<person-group>
                  <string-name>
                     <surname>Muehling</surname>
                  </string-name>
               </person-group>
               <issue>1</issue>
               <fpage>32</fpage>
               <volume>16</volume>
               <source>Journal of Advertising</source>
               <year>1987</year>
            </mixed-citation>
         </ref>
         <ref id="d4452e2695a1310">
            <mixed-citation id="d4452e2699" publication-type="journal">
Nelson, Phillip (1974), "Advertising as Information," Journal of
Political Economy, 82 (July/August), 729-754.<object-id pub-id-type="jstor">10.2307/1837143</object-id>
               <fpage>729</fpage>
            </mixed-citation>
         </ref>
         <ref id="d4452e2715a1310">
            <mixed-citation id="d4452e2719" publication-type="journal">
O'Donohoe, Stephanie (1995), "Attitudes to Advertising: A Review
of British and American Research," International Journal of
Advertising, 14 (3), 245-261.<person-group>
                  <string-name>
                     <surname>O'Donohoe</surname>
                  </string-name>
               </person-group>
               <issue>3</issue>
               <fpage>245</fpage>
               <volume>14</volume>
               <source>International Journal of Advertising</source>
               <year>1995</year>
            </mixed-citation>
         </ref>
         <ref id="d4452e2757a1310">
            <mixed-citation id="d4452e2761" publication-type="journal">
O'Guinn, Thomas C. and Ronald J. Faber (1989), "Compulsive
Buying: A Phenomenological Exploration," Journal of Con-
sumer Research, 16 (September), 147-157.<object-id pub-id-type="jstor">10.2307/2489314</object-id>
               <fpage>147</fpage>
            </mixed-citation>
         </ref>
         <ref id="d4452e2780a1310">
            <mixed-citation id="d4452e2784" publication-type="book">
Ortony, Andrew (1993), Metaphor and Thought, 2d ed., Cambridge:
Cambridge University Press.<person-group>
                  <string-name>
                     <surname>Ortony</surname>
                  </string-name>
               </person-group>
               <edition>2</edition>
               <source>Metaphor and Thought</source>
               <year>1993</year>
            </mixed-citation>
         </ref>
         <ref id="d4452e2814a1310">
            <mixed-citation id="d4452e2818" publication-type="book">
Pechmann, Cornelia and David W. Stewart (1989), "Advertising
Repetition: A Critical Review of Wearin and Wearout," in
Current Issues and Research in Advertising, Vol. 12, James H.
Leigh and Claude R. Martin Jr., eds., Ann Arbor, MI: Univer-
sity of Michigan, 285-330.<person-group>
                  <string-name>
                     <surname>Pechmann</surname>
                  </string-name>
               </person-group>
               <comment content-type="section">Advertising Repetition: A Critical Review of Wearin and Wearout</comment>
               <fpage>285</fpage>
               <volume>12</volume>
               <source>Current Issues and Research in Advertising</source>
               <year>1989</year>
            </mixed-citation>
         </ref>
         <ref id="d4452e2862a1310">
            <mixed-citation id="d4452e2866" publication-type="journal">
Pollay, Richard W. (1986), "The Distorted Mirror: Reflections on
the Unintended Consequences of Advertising," Journal of
Marketing, 50 (April), 18-36.<object-id pub-id-type="doi">10.2307/1251597</object-id>
               <fpage>18</fpage>
            </mixed-citation>
         </ref>
         <ref id="d4452e2885a1310">
            <mixed-citation id="d4452e2889" publication-type="journal">
- and Banwari Mittal (1993), "Here's the Beef: Fac-
tors, Determinants, and Segments in the Consumer Criticism
of Advertising," Journal of Marketing, 57 (July), 99-114.<object-id pub-id-type="doi">10.2307/1251857</object-id>
               <fpage>99</fpage>
            </mixed-citation>
         </ref>
         <ref id="d4452e2908a1310">
            <mixed-citation id="d4452e2912" publication-type="journal">
Prosser, Jon (1996), "What Constitutes an Image-Based Qualita-
tive Methodology?" Visual Sociology, 11 (2), 25-34.<person-group>
                  <string-name>
                     <surname>Prosser</surname>
                  </string-name>
               </person-group>
               <issue>2</issue>
               <fpage>25</fpage>
               <volume>11</volume>
               <source>Visual Sociology</source>
               <year>1996</year>
            </mixed-citation>
         </ref>
         <ref id="d4452e2947a1310">
            <mixed-citation id="d4452e2951" publication-type="journal">
Reid, Leonard N. and Lawrence C. Soley (1982), "Generalized and
Personalized Attitudes Toward Advertising's Social and Eco-
nomic Effects," Journal of Advertising, 11 (3), 3-7.<person-group>
                  <string-name>
                     <surname>Reid</surname>
                  </string-name>
               </person-group>
               <issue>3</issue>
               <fpage>3</fpage>
               <volume>11</volume>
               <source>Journal of Advertising</source>
               <year>1982</year>
            </mixed-citation>
         </ref>
         <ref id="d4452e2989a1310">
            <mixed-citation id="d4452e2993" publication-type="journal">
Reynolds, Thomas J. and Jonathan Gutman (1988), "Laddering
Theory, Method, Analysis, and Interpretation," Journal of
Advertising Research, 28 (February-March), 11-31.<person-group>
                  <string-name>
                     <surname>Reynolds</surname>
                  </string-name>
               </person-group>
               <issue>February</issue>
               <fpage>11</fpage>
               <volume>28</volume>
               <source>Journal of Advertising Research</source>
               <year>1988</year>
            </mixed-citation>
         </ref>
         <ref id="d4452e3032a1310">
            <mixed-citation id="d4452e3036" publication-type="journal">
Richins, Marsha (1991), "Social Comparison and the Idealized Images of
Advertising," Journal of Consumer Research, 18 (June), 71-83.<object-id pub-id-type="jstor">10.2307/2489486</object-id>
               <fpage>71</fpage>
            </mixed-citation>
         </ref>
         <ref id="d4452e3052a1310">
            <mixed-citation id="d4452e3056" publication-type="journal">
— (1995), "Social Comparison, Advertising and Con-
sumer Discontent," American Behavioral Scientist, 38 (Feb-
ruary), 593-607.<person-group>
                  <string-name>
                     <surname>Richins</surname>
                  </string-name>
               </person-group>
               <issue>February</issue>
               <fpage>593</fpage>
               <volume>38</volume>
               <source>American Behavioral Scientist</source>
               <year>1995</year>
            </mixed-citation>
         </ref>
         <ref id="d4452e3094a1310">
            <mixed-citation id="d4452e3098" publication-type="book">
— (1996), "Materialism, Desire and Discontent," in Mar-
keting and Consumer Research in the Public Interest, Ronald Paul
Hill, ed., Thousand Oaks, CA: Sage Publications, 109-132.<person-group>
                  <string-name>
                     <surname>Richins</surname>
                  </string-name>
               </person-group>
               <comment content-type="section">Materialism, Desire and Discontent</comment>
               <fpage>109</fpage>
               <source>Marketing and Consumer Research in the Public Interest</source>
               <year>1996</year>
            </mixed-citation>
         </ref>
         <ref id="d4452e3133a1310">
            <mixed-citation id="d4452e3137" publication-type="book">
Riessman, Catherine K. (1993), Narrative Analysis, Newbury Park,
CA: Sage Publications.<person-group>
                  <string-name>
                     <surname>Riessman</surname>
                  </string-name>
               </person-group>
               <source>Narrative Analysis</source>
               <year>1993</year>
            </mixed-citation>
         </ref>
         <ref id="d4452e3162a1310">
            <mixed-citation id="d4452e3166" publication-type="book">
Schank, Roger C. (1990), Tell Me A Story: A New Look at Real and
Artificial Memory, New York: Charles Scribner's Sons.<person-group>
                  <string-name>
                     <surname>Schank</surname>
                  </string-name>
               </person-group>
               <source>Tell Me A Story: A New Look at Real and Artificial Memory</source>
               <year>1990</year>
            </mixed-citation>
         </ref>
         <ref id="d4452e3191a1310">
            <mixed-citation id="d4452e3195" publication-type="journal">
Schouten, John W. (1991), "Selves in Transition: Symbolic Consump-
tion and Personal Rites of Passage and Identity Construction,"
Journal of Consumer Research, 17 (March), 412-426.<object-id pub-id-type="jstor">10.2307/2626836</object-id>
               <fpage>412</fpage>
            </mixed-citation>
         </ref>
         <ref id="d4452e3215a1310">
            <mixed-citation id="d4452e3219" publication-type="journal">
Shavitt, Sharon, Pamela Lowrey, and James Haefner (1998), "Public
Attitudes Toward Advertising. More Favorable Than You Might
Think," Journal of Advertising Research, 38 (July/August), 7-22.<person-group>
                  <string-name>
                     <surname>Shavitt</surname>
                  </string-name>
               </person-group>
               <issue>July</issue>
               <fpage>7</fpage>
               <volume>38</volume>
               <source>Journal of Advertising Research</source>
               <year>1998</year>
            </mixed-citation>
         </ref>
         <ref id="d4452e3257a1310">
            <mixed-citation id="d4452e3261" publication-type="journal">
Spiggle, Susan (1994), "Analysis and Interpretation of Qualitative
Data in Consumer Research," Journal of Consumer Research,
21 (December), 491-503.<object-id pub-id-type="jstor">10.2307/2489688</object-id>
               <fpage>491</fpage>
            </mixed-citation>
         </ref>
         <ref id="d4452e3280a1310">
            <mixed-citation id="d4452e3284" publication-type="journal">
Srinivasan, Narsimhan (1990), "Pre-Purchase External Search for In-
formation," in Review of Marketing, Vol. 4, Valarie A. Zeithaml,
ed., Chicago: American Marketing Association, 153-189.<person-group>
                  <string-name>
                     <surname>Srinivasan</surname>
                  </string-name>
               </person-group>
               <fpage>153</fpage>
               <volume>4</volume>
               <source>Review of Marketing</source>
               <year>1990</year>
            </mixed-citation>
         </ref>
         <ref id="d4452e3319a1310">
            <mixed-citation id="d4452e3323" publication-type="journal">
Stern, Barbara B. (1995), "Consumer Myths: Frye's Taxonomy
and the Structural Analysis of Consumption Text," Journal of
Consumer Research, 22 (September), 165-185.<object-id pub-id-type="jstor">10.2307/2489810</object-id>
               <fpage>165</fpage>
            </mixed-citation>
         </ref>
         <ref id="d4452e3342a1310">
            <mixed-citation id="d4452e3346" publication-type="journal">
— (1999), "Gender and Multicultural Issues in Adver-
tising: Stages on the Research Highway," Journal of Adver-
tising, 28 (Spring), 1-10.<person-group>
                  <string-name>
                     <surname>Stern</surname>
                  </string-name>
               </person-group>
               <issue>Spring</issue>
               <fpage>1</fpage>
               <volume>28</volume>
               <source>Journal of Advertising</source>
               <year>1999</year>
            </mixed-citation>
         </ref>
         <ref id="d4452e3384a1310">
            <mixed-citation id="d4452e3388" publication-type="journal">
— Craig J. Thompson, and Eric J. Arnould (1998), "Nar-
rative Analysis of a Marketing Relationship: The Consumer's
Perspective" Psychology and Marketing, 15(3), 195-214.<person-group>
                  <string-name>
                     <surname>Stern</surname>
                  </string-name>
               </person-group>
               <issue>3</issue>
               <fpage>195</fpage>
               <volume>15</volume>
               <source>Psychology and Marketing</source>
               <year>1998</year>
            </mixed-citation>
         </ref>
         <ref id="d4452e3427a1310">
            <mixed-citation id="d4452e3431" publication-type="journal">
Strauss, Alselm and Juliet Corbin (1990), Basics of Qualitative
Research: Grounded Theory Procedures and Techniques,
Newbury Park, CA: Sage Publications.<person-group>
                  <string-name>
                     <surname>Strauss</surname>
                  </string-name>
               </person-group>
               <source>Basics of Qualitative Research: Grounded Theory Procedures and Techniques</source>
               <year>1990</year>
            </mixed-citation>
         </ref>
         <ref id="d4452e3460a1310">
            <mixed-citation id="d4452e3464" publication-type="journal">
Tharp, Marye and Linda M. Scott (1990), "The Role of Marketing
Processes in Creating Cultural Meaning," Journal of
Macromarketing, 10 (Fall), 47-60.<person-group>
                  <string-name>
                     <surname>Tharp</surname>
                  </string-name>
               </person-group>
               <issue>Fall</issue>
               <fpage>47</fpage>
               <volume>10</volume>
               <source>Journal of Macromarketing</source>
               <year>1990</year>
            </mixed-citation>
         </ref>
         <ref id="d4452e3502a1310">
            <mixed-citation id="d4452e3506" publication-type="journal">
Thompson, Craig (1997), "Interpreting Consumers: A Hermeneu-
tical Framework for Deriving Marketing Insights from the
Texts of Consumers' Consumption Stories," Journal of Mar-
keting Research, 34 (November), 438-455.<object-id pub-id-type="doi">10.2307/3151963</object-id>
               <fpage>438</fpage>
            </mixed-citation>
         </ref>
         <ref id="d4452e3529a1310">
            <mixed-citation id="d4452e3533" publication-type="journal">
- and Elizabeth C. Hirschman (1995), "Understanding
the Socialized Body: A Poststructuralist Analysis of Consumers'
Self-Conceptions, Body Images and Self-Care Practices," Journal
of Consumer Research, 22 (September 1995), 139-153.<object-id pub-id-type="jstor">10.2307/2489808</object-id>
               <fpage>139</fpage>
            </mixed-citation>
         </ref>
         <ref id="d4452e3556a1310">
            <mixed-citation id="d4452e3560" publication-type="book">
Turner, Mark (1994), "Design for a Theory of Meaning," in The
Nature and Ontogenesis of Meaning, Willis F. Overton and
David S. Palermo, eds., Hillsdale, NJ: Lawrence Erlbaum
Associates, 17-26.<person-group>
                  <string-name>
                     <surname>Turner</surname>
                  </string-name>
               </person-group>
               <comment content-type="section">Design for a Theory of Meaning</comment>
               <fpage>17</fpage>
               <source>The Nature and Ontogenesis of Meaning</source>
               <year>1994</year>
            </mixed-citation>
         </ref>
         <ref id="d4452e3598a1310">
            <mixed-citation id="d4452e3602" publication-type="book">
Wagner, Jon (1979), Images of Information: Still Photography in
the Social Sciences, Beverly Hills, CA: Sage Publications.<person-group>
                  <string-name>
                     <surname>Wagner</surname>
                  </string-name>
               </person-group>
               <source>Images of Information: Still Photography in the Social Sciences</source>
               <year>1979</year>
            </mixed-citation>
         </ref>
         <ref id="d4452e3628a1310">
            <mixed-citation id="d4452e3632" publication-type="journal">
Wallendorf, Melanie and Eric J. Arnould (1991), "'We Gather To-
gether': The Consumption Rituals of Thanksgiving Day," Jour-
nal of Consumer Research, 19 (June), 13-31.<object-id pub-id-type="jstor">10.2307/2489481</object-id>
               <fpage>13</fpage>
            </mixed-citation>
         </ref>
         <ref id="d4452e3651a1310">
            <mixed-citation id="d4452e3655" publication-type="book">
— and Russell W. Belk (1989), "Assessing Trustwor-
thiness in Naturalistic Consumer Research," in Interpretive
Consumer Research, Elizabeth C. Hirschman, ed., Provo, UT:
Association for Consumer Research, 69-84.<person-group>
                  <string-name>
                     <surname>Wallendorf</surname>
                  </string-name>
               </person-group>
               <comment content-type="section">Assessing Trustworthiness in Naturalistic Consumer Research</comment>
               <fpage>69</fpage>
               <source>Interpretive Consumer Research</source>
               <year>1989</year>
            </mixed-citation>
         </ref>
         <ref id="d4452e3693a1310">
            <mixed-citation id="d4452e3697" publication-type="book">
Webb, Eugene J., Donald T. Campbell, Richard D. Schwartz, Lee
Sechrest, and Janet Belew Grove (1981), Nonreactive Mea-
sures in the Social Sciences, 2d ed., Boston: Hough ton Mifflin.<person-group>
                  <string-name>
                     <surname>Webb</surname>
                  </string-name>
               </person-group>
               <edition>2</edition>
               <source>Nonreactive Measures in the Social Sciences</source>
               <year>1981</year>
            </mixed-citation>
         </ref>
         <ref id="d4452e3729a1310">
            <mixed-citation id="d4452e3733" publication-type="book">
Webster, Frederick E., Jr. (1980), 'Top Management Views of the
Marketing Function," Marketing Science Institute Working
Paper 80-108, Cambridge, MA: Marketing Science Institute.<person-group>
                  <string-name>
                     <surname>Webster</surname>
                  </string-name>
               </person-group>
               <source>Top Management Views of the Marketing Function</source>
               <year>1980</year>
            </mixed-citation>
         </ref>
         <ref id="d4452e3762a1310">
            <mixed-citation id="d4452e3766" publication-type="journal">
Weinberger, Marc G. and Charles S. Gulas (1992), 'The Impact of
Humor in Advertising: A Review," Journal of Advertising, 21
(December), 35-59.<person-group>
                  <string-name>
                     <surname>Weinberger</surname>
                  </string-name>
               </person-group>
               <issue>December</issue>
               <fpage>35</fpage>
               <volume>21</volume>
               <source>Journal of Advertising</source>
               <year>1992</year>
            </mixed-citation>
         </ref>
         <ref id="d4452e3804a1310">
            <mixed-citation id="d4452e3808" publication-type="book">
Weiser, Judy (1988), '"`See What I Mean?' Photography as Nonver-
bal Communication in Cross-Cultural Psychology," in Cross-
Cultural Perspectives in Nonverbal Communication, Fernando
Poyatos, ed., San Francisco, CA: Hogrefe Publishers.<person-group>
                  <string-name>
                     <surname>Weiser</surname>
                  </string-name>
               </person-group>
               <comment content-type="section">`See What I Mean?' Photography as Nonverbal Communication in Cross-Cultural Psychology</comment>
               <source>Cross-Cultural Perspectives in Nonverbal Communication</source>
               <year>1988</year>
            </mixed-citation>
         </ref>
         <ref id="d4452e3844a1310">
            <mixed-citation id="d4452e3848" publication-type="book">
— (1993), Phototherapy Techniques: Exploring the Se-
crets of Personal Snapshots and Family Albums, San Fran-
cisco, CA: Jossey-Bass Inc.<person-group>
                  <string-name>
                     <surname>Weiser</surname>
                  </string-name>
               </person-group>
               <source>Phototherapy Techniques: Exploring the Secrets of Personal Snapshots and Family Albums</source>
               <year>1993</year>
            </mixed-citation>
         </ref>
         <ref id="d4452e3877a1310">
            <mixed-citation id="d4452e3881" publication-type="journal">
Wills, James R., Jr. and John K. Ryans Jr. (1982), "Attitudes
Toward Advertising: A Multinational Study," Journal of In-
ternational Business, 13 (Winter), 121-131.<person-group>
                  <string-name>
                     <surname>Wills</surname>
                  </string-name>
               </person-group>
               <issue>Winter</issue>
               <fpage>121</fpage>
               <volume>13</volume>
               <source>Journal of International Business</source>
               <year>1982</year>
            </mixed-citation>
         </ref>
         <ref id="d4452e3919a1310">
            <mixed-citation id="d4452e3923" publication-type="journal">
Witkowski, Terrence H. and Joachim Kellner (1998), "Convergent,
Contrasting and Country-Specific Attitudes toward Televi-
sion Advertising in Germany and the United States," Journal
of Business Research, 42 (2), 167-174.<person-group>
                  <string-name>
                     <surname>Witkowski</surname>
                  </string-name>
               </person-group>
               <issue>2</issue>
               <fpage>167</fpage>
               <volume>42</volume>
               <source>Journal of Business Research</source>
               <year>1998</year>
            </mixed-citation>
         </ref>
         <ref id="d4452e3964a1310">
            <mixed-citation id="d4452e3968" publication-type="journal">
Wright, Peter L. (1973), 'The Cognitive Processes of Mediating
Acceptance of Advertising," Journal of Marketing Research,
10 (February), 53-62.<object-id pub-id-type="doi">10.2307/3149409</object-id>
               <fpage>53</fpage>
            </mixed-citation>
         </ref>
         <ref id="d4452e3987a1310">
            <mixed-citation id="d4452e3991" publication-type="journal">
- (1980), "Message-Evoked Thought: Persuasion Re-
search Using Thought Verbalizations," Journal of Consumer
Research, 7 (September), 151-175.<object-id pub-id-type="jstor">10.2307/2489082</object-id>
               <fpage>151</fpage>
            </mixed-citation>
         </ref>
         <ref id="d4452e4010a1310">
            <mixed-citation id="d4452e4014" publication-type="journal">
Yoon, Kak ( 1995), "Comparison of Beliefs about Advertising, Attitude
Toward Advertising and Materialism Held by African Americans
and Caucasians," Psychological Reports, 77 (October), 455-466.<person-group>
                  <string-name>
                     <surname>Yoon</surname>
                  </string-name>
               </person-group>
               <issue>October</issue>
               <fpage>455</fpage>
               <volume>77</volume>
               <source>Psychological Reports</source>
               <year>1995</year>
            </mixed-citation>
         </ref>
         <ref id="d4452e4053a1310">
            <mixed-citation id="d4452e4057" publication-type="journal">
Zaltman, Gerald (1997), "Rethinking Market Research: Putting People
Back In," Journal of Marketing Research, 34 (November), 424-37.<object-id pub-id-type="doi">10.2307/3151962</object-id>
               <fpage>424</fpage>
            </mixed-citation>
         </ref>
         <ref id="d4452e4073a1310">
            <mixed-citation id="d4452e4077" publication-type="journal">
— and Robin Higie Coulter ( 1995), "Seeing the Voice of
the Customer: Metaphor-Based Advertising Research," Jour-
nal of Advertising Research, 35 (July/August), 35-51.<person-group>
                  <string-name>
                     <surname>Zaltman</surname>
                  </string-name>
               </person-group>
               <issue>July</issue>
               <fpage>35</fpage>
               <volume>35</volume>
               <source>Journal of Advertising Research</source>
               <year>1995</year>
            </mixed-citation>
         </ref>
         <ref id="d4452e4115a1310">
            <mixed-citation id="d4452e4119" publication-type="book">
and Robin A. Higie (1993), "Seeing the Voice of the
Customer: The Zaltman Metaphor Elicitation Technique,"
Marketing Science Institute Report Number 93-114, Cambridge,
MA: Marketing Science Institute.<person-group>
                  <string-name>
                     <surname>Zaltman</surname>
                  </string-name>
               </person-group>
               <source>Seeing the Voice of the Customer: The Zaltman Metaphor Elicitation Technique</source>
               <year>1993</year>
            </mixed-citation>
         </ref>
         <ref id="d4452e4151a1310">
            <mixed-citation id="d4452e4155" publication-type="book">
Zeki, Semir (1993), A Vision of the Brain, Cambridge, MA: Blackwell
Scientific Publications.<person-group>
                  <string-name>
                     <surname>Zeki</surname>
                  </string-name>
               </person-group>
               <source>A Vision of the Brain</source>
               <year>1993</year>
            </mixed-citation>
         </ref>
         <ref id="d4452e4180a1310">
            <mixed-citation id="d4452e4184" publication-type="book">
Ziller, Robert C. (1990), Photographing the Self: Methods for Observing
Personal Orientation, Newbury Park, CA: Sage Publications.<person-group>
                  <string-name>
                     <surname>Ziller</surname>
                  </string-name>
               </person-group>
               <source>Photographing the Self: Methods for Observing Personal Orientation</source>
               <year>1990</year>
            </mixed-citation>
         </ref>
      </ref-list>
   </back>
</article>
