<article xmlns:xsi="http://www.w3.org/2001/XMLSchema-instance"
         xmlns:xlink="http://www.w3.org/1999/xlink"
         xmlns:mml="http://www.w3.org/1998/Math/MathML"
         dtd-version="1.0"
         article-type="research-article">
   <front>
      <journal-meta>
         <journal-id journal-id-type="jstor">jadve</journal-id>
         <journal-id journal-id-type="jstor">jadve</journal-id>
         <journal-id journal-id-type="jstor">j101355</journal-id>
         <journal-title-group>
            <journal-title>Journal of Advertising</journal-title>
         </journal-title-group>
         <publisher>
            <publisher-name>Board of Directors, American Academy of Advertising</publisher-name>
         </publisher>
         <issn pub-type="ppub">00913367</issn>
         <issn pub-type="epub">15577805</issn>
      </journal-meta>
      <article-meta>
         <article-id pub-id-type="jstor">4189194</article-id>
         <title-group>
            <article-title>The "Risky Business" of Binge Drinking among College Students: Using Risk Models for PSAs and Anti-Drinking Campaigns</article-title>
         </title-group>
         <contrib-group>
            <contrib contrib-type="author">
               <string-name>Joyce M. Wolburg</string-name>
            </contrib>
         </contrib-group>
         <pub-date>
            <day>1</day>
            <month>12</month>
            <year>2001</year>
         </pub-date>
         <volume>30</volume>
         <issue>4</issue>
         <issue-id>i394114</issue-id>
         <fpage>23</fpage>
         <lpage>39</lpage>
         <page-range>23-39</page-range>
         <permissions>
            <copyright-statement>Copyright 2001 American Academy of Advertising</copyright-statement>
         </permissions>
         <self-uri xlink:href="http://www.jstor.org/stable/4189194"/>
         <abstract>
            <p>To assist creators of public service announcements and anti-drinking campaigns, this study provides an in-depth examination of the risks of binge drinking from the perspective of college students. Using current risk models for guidance, key elements from the qualitative data in the study are addressed, including perceived risks and their severity, vulnerability to risks, self-efficacy, response efficacy, benefits from ritual functions, and other costs or benefits based on students' attitudes and beliefs. An integrated risk perception model is introduced. Student participants enumerated extensive risks; however, they generally felt invulnerable to the conse-quences. Most adopted a management style of "taking chances" when binge drinking because they perceived a built-in safety net in the college environment. Three ritual functions and various attitudes and beliefs help explain why a cost and benefit analysis favors binge drinking. Recommendations are given.</p>
         </abstract>
         <custom-meta-group>
            <custom-meta>
               <meta-name>lang</meta-name>
               <meta-value>eng</meta-value>
            </custom-meta>
         </custom-meta-group>
      </article-meta>
   </front>
   <back>
      <ref-list>
         <title>References</title>
         <ref id="d4480e127a1310">
            <mixed-citation id="d4480e131" publication-type="journal">
Abbey, Antonia, L.T. Ross, D. McDuflie, and Pam McAuslan (1996),
"Alcohol and Dating Risk Factors for Sexual Assault among Col-
lege Women," Psychology of Women Quarterly, 20 ( 1 ), 147-169.<person-group>
                  <string-name>
                     <surname>Abbey</surname>
                  </string-name>
               </person-group>
               <issue>1</issue>
               <fpage>147</fpage>
               <volume>20</volume>
               <source>Psychology of Women Quarterly</source>
               <year>1996</year>
            </mixed-citation>
         </ref>
         <ref id="d4480e169a1310">
            <mixed-citation id="d4480e173" publication-type="other">
Ad Council Campaigns (2001), www.adcouncil.org (April 19, 2001).</mixed-citation>
         </ref>
         <ref id="d4480e180a1310">
            <mixed-citation id="d4480e184" publication-type="book">
Bandura, Albert (1977), Social Learning Theory, Englewood Cliffs,
NJ: Prentice Hall.<person-group>
                  <string-name>
                     <surname>Bandura</surname>
                  </string-name>
               </person-group>
               <source>Social Learning Theory</source>
               <year>1977</year>
            </mixed-citation>
         </ref>
         <ref id="d4480e209a1310">
            <mixed-citation id="d4480e213" publication-type="book">
— (1986), Social Foundation of Thought and Action,
Englewood Cliffs, NJ: Prentice Hall.<person-group>
                  <string-name>
                     <surname>Bandura</surname>
                  </string-name>
               </person-group>
               <source>Social Foundation of Thought and Action</source>
               <year>1986</year>
            </mixed-citation>
         </ref>
         <ref id="d4480e239a1310">
            <mixed-citation id="d4480e243" publication-type="journal">
Becker, Marshall H. (1974), 'The Health Belief Model and Personal
Health Behavior," Health Education Monographs, 2 (4), 324-473.<person-group>
                  <string-name>
                     <surname>Becker</surname>
                  </string-name>
               </person-group>
               <issue>4</issue>
               <fpage>324</fpage>
               <volume>2</volume>
               <source>Health Education Monographs</source>
               <year>1974</year>
            </mixed-citation>
         </ref>
         <ref id="d4480e278a1310">
            <mixed-citation id="d4480e282" publication-type="other">
Binge Drinking Blows Campaign (2001), www.cspinet.org/booze/
hadenough/index1.htm (April 19, 2001)</mixed-citation>
         </ref>
         <ref id="d4480e292a1310">
            <mixed-citation id="d4480e296" publication-type="journal">
Clapp, John D., Audrey Shillington, and Lance B. Segars (2000),
"Deconstructing Contexts of Binge Drinking Among College
Students," American Journal of Drug and Alcohol Abuse, 26
(1), 139-154.<person-group>
                  <string-name>
                     <surname>Clapp</surname>
                  </string-name>
               </person-group>
               <issue>1</issue>
               <fpage>139</fpage>
               <volume>26</volume>
               <source>American Journal of Drug and Alcohol Abuse</source>
               <year>2000</year>
            </mixed-citation>
         </ref>
         <ref id="d4480e337a1310">
            <mixed-citation id="d4480e341" publication-type="journal">
DeJong, William and Lawrence Wallack (1992), "The Role of Des-
ignated Driver Programs in the Prevention of Alcohol-Im-
paired Driving: A Critical Reassessment," Health Education
Quarterly, 19 (4), 429-442.<person-group>
                  <string-name>
                     <surname>DeJong</surname>
                  </string-name>
               </person-group>
               <issue>4</issue>
               <fpage>429</fpage>
               <volume>19</volume>
               <source>Health Education Quarterly</source>
               <year>1992</year>
            </mixed-citation>
         </ref>
         <ref id="d4480e382a1310">
            <mixed-citation id="d4480e386" publication-type="journal">
Dorsey, Alicia M., Clifford W. Scherer, and Kevin Real ( 1999), "The
College Tradition of'Drink Til You Drop': The Relation Be-
tween Students' Social Networks and Engaging in Risky Be-
haviors," Health Communication, 11 (4), 313-334.<person-group>
                  <string-name>
                     <surname>Dorsey</surname>
                  </string-name>
               </person-group>
               <issue>4</issue>
               <fpage>313</fpage>
               <volume>11</volume>
               <source>Health Communication</source>
               <year>1999</year>
            </mixed-citation>
         </ref>
         <ref id="d4480e427a1310">
            <mixed-citation id="d4480e431" publication-type="book">
Driver, Tom. (1991), The Magic of Ritual, New York: HarperCollins.<person-group>
                  <string-name>
                     <surname>Driver</surname>
                  </string-name>
               </person-group>
               <source>The Magic of Ritual</source>
               <year>1991</year>
            </mixed-citation>
         </ref>
         <ref id="d4480e454a1310">
            <mixed-citation id="d4480e458" publication-type="book">
Glaser, Barney G. and Anslem L. Strauss (1967), The Discovery of
Grounded Theory: Strategies for Qualitative Research, Chi-
cago: Aldine.<person-group>
                  <string-name>
                     <surname>Glaser</surname>
                  </string-name>
               </person-group>
               <source>The Discovery of Grounded Theory: Strategies for Qualitative Research</source>
               <year>1967</year>
            </mixed-citation>
         </ref>
         <ref id="d4480e487a1310">
            <mixed-citation id="d4480e491" publication-type="journal">
Gotthoffer, Alyse and Kent Lancaster (2001), "Estimating the Audience
Coverage of PSAs: The Ad Council's Drunk Driving Prevention
Campaign," Journal of Advertising Research, 41 (5), in press.<person-group>
                  <string-name>
                     <surname>Gotthoffer</surname>
                  </string-name>
               </person-group>
               <issue>5</issue>
               <volume>41</volume>
               <source>Journal of Advertising Research</source>
               <year>2001</year>
            </mixed-citation>
         </ref>
         <ref id="d4480e526a1310">
            <mixed-citation id="d4480e530" publication-type="other">
Had Enough Campaign (2001), "Sobering Statistics,"
www.cspinet.org/booze/hadenough/campuslife/
studentstories.html (April 19, 2001).</mixed-citation>
         </ref>
         <ref id="d4480e543a1310">
            <mixed-citation id="d4480e547" publication-type="book">
Haines, Michael P. (1996), "A Social Norms Approach to Prevent-
ing Binge Drinking at Colleges and Universities," in Higher
Education Center for Alcohol and Other Drug Prevention,
Washington, DC: U.S. Department of Education, 1-23.<person-group>
                  <string-name>
                     <surname>Haines</surname>
                  </string-name>
               </person-group>
               <comment content-type="section">A Social Norms Approach to Preventing Binge Drinking at Colleges and Universities</comment>
               <fpage>1</fpage>
               <source>Higher Education Center for Alcohol and Other Drug Prevention</source>
               <year>1996</year>
            </mixed-citation>
         </ref>
         <ref id="d4480e585a1310">
            <mixed-citation id="d4480e589" publication-type="book">
Jacobs, James B. (1989), Drunk Driving: An American Dilemma,
Chicago: The University of Chicago Press.<person-group>
                  <string-name>
                     <surname>Jacobs</surname>
                  </string-name>
               </person-group>
               <source>Drunk Driving: An American Dilemma</source>
               <year>1989</year>
            </mixed-citation>
         </ref>
         <ref id="d4480e614a1310">
            <mixed-citation id="d4480e618" publication-type="journal">
Janz, N.K. and Marshall H. Becker (1984), "The Health Belief Model: A
Decade Later," Health Education Quarterly, 11 (1), 1-47.<person-group>
                  <string-name>
                     <surname>Janz</surname>
                  </string-name>
               </person-group>
               <issue>1</issue>
               <fpage>1</fpage>
               <volume>11</volume>
               <source>Health Education Quarterly</source>
               <year>1984</year>
            </mixed-citation>
         </ref>
         <ref id="d4480e654a1310">
            <mixed-citation id="d4480e658" publication-type="journal">
Kalb, Claudia (2001), "DARE Checks into Rehab," Newsweek, 137
(9), 56.<person-group>
                  <string-name>
                     <surname>Kalb</surname>
                  </string-name>
               </person-group>
               <issue>9</issue>
               <fpage>56</fpage>
               <volume>137</volume>
               <source>Newsweek</source>
               <year>2001</year>
            </mixed-citation>
         </ref>
         <ref id="d4480e693a1310">
            <mixed-citation id="d4480e697" publication-type="journal">
Kazoleas, D. C. (1993), "A Comparison of the Persuasive Effectiveness of
Qualitative Versus Quantitative Evidence: A Test of Explanatory
Hypotheses," Communication Quarterly, 41(1), 40-50.<person-group>
                  <string-name>
                     <surname>Kazoleas</surname>
                  </string-name>
               </person-group>
               <issue>1</issue>
               <fpage>40</fpage>
               <volume>41</volume>
               <source>Communication Quarterly</source>
               <year>1993</year>
            </mixed-citation>
         </ref>
         <ref id="d4480e735a1310">
            <mixed-citation id="d4480e739" publication-type="journal">
Knight, Sharon, Mary Glascoff, and G. Linda Rikard (1993), "On
Being a Designated Driver: A Qualitative Investigation of
Underage College Student Perceptions," Journal of College
Student Development, 34 (6), 425-431.<person-group>
                  <string-name>
                     <surname>Knight</surname>
                  </string-name>
               </person-group>
               <issue>6</issue>
               <fpage>425</fpage>
               <volume>34</volume>
               <source>Journal of College Student Development</source>
               <year>1993</year>
            </mixed-citation>
         </ref>
         <ref id="d4480e780a1310">
            <mixed-citation id="d4480e784" publication-type="book">
Leventhal, Howard (1970), "Findings and Theory in the Study of
Fear Communications," Advances in Experimental Social Psy-
chology, Vol. 5, L. Berkowitz, ed., New York: Academic Press.<person-group>
                  <string-name>
                     <surname>Leventhal</surname>
                  </string-name>
               </person-group>
               <comment content-type="section">Findings and Theory in the Study of Fear Communications</comment>
               <volume>5</volume>
               <source>Advances in Experimental Social Psychology</source>
               <year>1970</year>
            </mixed-citation>
         </ref>
         <ref id="d4480e819a1310">
            <mixed-citation id="d4480e823" publication-type="book">
Lindlof, Thomas R. (1995), Qualitative Communication Research
Methods, Newbury Park, CA: Sage Publications.<person-group>
                  <string-name>
                     <surname>Lindlof</surname>
                  </string-name>
               </person-group>
               <source>Qualitative Communication Research Methods</source>
               <year>1995</year>
            </mixed-citation>
         </ref>
         <ref id="d4480e848a1310">
            <mixed-citation id="d4480e852" publication-type="journal">
Maddux, J.E. and Ronald W. Rogers (1983), "Protection Motiva-
tion and Self-Efficacy: A Revised Theory of Fear Appeals and
Attitude Change," Journal of Experimental Social Psychol-
ogy, 19 (5), 469-479.<person-group>
                  <string-name>
                     <surname>Maddux</surname>
                  </string-name>
               </person-group>
               <issue>5</issue>
               <fpage>469</fpage>
               <volume>19</volume>
               <source>Journal of Experimental Social Psychology</source>
               <year>1983</year>
            </mixed-citation>
         </ref>
         <ref id="d4480e894a1310">
            <mixed-citation id="d4480e898" publication-type="journal">
Marcus, David L. (2000), "Drinking to Get Drunk: Campuses Still
Can't Purge Binging Behavior," U.S. News &amp; World Report,
128(12), 53-54.<person-group>
                  <string-name>
                     <surname>Marcus</surname>
                  </string-name>
               </person-group>
               <issue>12</issue>
               <fpage>53</fpage>
               <volume>128</volume>
               <source>U.S. News &amp; World Report</source>
               <year>2000</year>
            </mixed-citation>
         </ref>
         <ref id="d4480e936a1310">
            <mixed-citation id="d4480e940" publication-type="book">
McCracken, Grant (1988), The Long Interview, Newbury Park, CA:
Sage Publications.<person-group>
                  <string-name>
                     <surname>McCracken</surname>
                  </string-name>
               </person-group>
               <source>The Long Interview</source>
               <year>1988</year>
            </mixed-citation>
         </ref>
         <ref id="d4480e965a1310">
            <mixed-citation id="d4480e969" publication-type="journal">
Mendelson, Eric (2000), "Emphasis on Social Norms Can Help Curb
Drinking," The Chronicle of Higher Education, 47 (8), B13-B14.<person-group>
                  <string-name>
                     <surname>Mendelson</surname>
                  </string-name>
               </person-group>
               <issue>8</issue>
               <fpage>B13</fpage>
               <volume>47</volume>
               <source>The Chronicle of Higher Education</source>
               <year>2000</year>
            </mixed-citation>
         </ref>
         <ref id="d4480e1004a1310">
            <mixed-citation id="d4480e1008" publication-type="book">
Morgan, David L. (1988), Focus Groups as Qualitative Research,
Newbury Park, CA: Sage Publications.<person-group>
                  <string-name>
                     <surname>Morgan</surname>
                  </string-name>
               </person-group>
               <source>Focus Groups as Qualitative Research</source>
               <year>1988</year>
            </mixed-citation>
         </ref>
         <ref id="d4480e1033a1310">
            <mixed-citation id="d4480e1037" publication-type="book">
National Highway Traffic Safety Administration (2001), 'Traffic
Safety Facts 2000," U.S. Department of Transportation,
www.nhtsa.dot.gov (October 11, 2001).<person-group>
                  <string-name>
                     <surname>National Highway Traffic Safety Administration</surname>
                  </string-name>
               </person-group>
               <source>Traffic Safety Facts 2000</source>
               <year>2001</year>
            </mixed-citation>
         </ref>
         <ref id="d4480e1066a1310">
            <mixed-citation id="d4480e1070" publication-type="other">
O'Sullivan, Sean (2001), "Drinking Habits Die Hard at University
of Delaware," www.delawareonline.com/newsjournal/local/
2001/05/29drink.html (May 30, 2001).</mixed-citation>
         </ref>
         <ref id="d4480e1084a1310">
            <mixed-citation id="d4480e1088" publication-type="book">
Pechmann, Connie, Marvin E. Goldberg, Ellen Thomas Reibling,
and Guangzhi Zhao (2001), "What to Convey in Antismoking
Ads for Adolescents? The Use of Protection Motivation Theory
to Identify Effective Message Themes," working paper, Uni-
versity of California, Irvine.<person-group>
                  <string-name>
                     <surname>Pechmann</surname>
                  </string-name>
               </person-group>
               <source>What to Convey in Antismoking Ads for Adolescents? The Use of Protection Motivation Theory to Identify Effective Message Themes</source>
               <year>2001</year>
            </mixed-citation>
         </ref>
         <ref id="d4480e1123a1310">
            <mixed-citation id="d4480e1127" publication-type="journal">
Perkins, H. Wesley and Alan D. Berkowitz (1986), "Perceiving the Com-
munity Norms of Alcohol Use Among Students: Some Research
Implications for Campus Alcohol Education Programming," Inter-
national Journal of the Addictions, 21 (9), 961-976.<person-group>
                  <string-name>
                     <surname>Perkins</surname>
                  </string-name>
               </person-group>
               <issue>9</issue>
               <fpage>961</fpage>
               <volume>21</volume>
               <source>International Journal of the Addictions</source>
               <year>1986</year>
            </mixed-citation>
         </ref>
         <ref id="d4480e1168a1310">
            <mixed-citation id="d4480e1172" publication-type="book">
Presley, Cheryl ?., Philip W. Meilman, and Rob Lyerla (1993),
Alcohol and Drugs on American College Campuses: Use, Con-
sequence, and Perceptions of The Campus Environment, Vol.
1, Carbondale, IL: The Core Institute.<person-group>
                  <string-name>
                     <surname>Presley</surname>
                  </string-name>
               </person-group>
               <volume>1</volume>
               <source>Alcohol and Drugs on American College Campuses: Use, Consequence, and Perceptions of The Campus Environment</source>
               <year>1993</year>
            </mixed-citation>
         </ref>
         <ref id="d4480e1207a1310">
            <mixed-citation id="d4480e1211" publication-type="journal">
Roan, Shari (2001), "Car Deaths Related to Alcohol Increase," Los
Angeles Times (October 1), www.hecnews@phoenix.edc.org
(October 10, 2001).<person-group>
                  <string-name>
                     <surname>Roan</surname>
                  </string-name>
               </person-group>
               <issue>October 1</issue>
               <source>Los Angeles Times</source>
               <year>2001</year>
            </mixed-citation>
         </ref>
         <ref id="d4480e1243a1310">
            <mixed-citation id="d4480e1247" publication-type="journal">
Roberto, Anthony J., Gary Meyer, Amy Janan Johnson, and Charles
K. Atkin (2000), "Using the Extended Parallel Process Model
to Prevent Firearm Injury and Death: Field Experiment Re-
sults of a Video-Based Intervention," Journal of Communica-
tion, 50 (3), 157-175.<person-group>
                  <string-name>
                     <surname>Roberto</surname>
                  </string-name>
               </person-group>
               <issue>3</issue>
               <fpage>157</fpage>
               <volume>50</volume>
               <source>Journal of Communication</source>
               <year>2000</year>
            </mixed-citation>
         </ref>
         <ref id="d4480e1291a1310">
            <mixed-citation id="d4480e1295" publication-type="journal">
Rogers, Ronald W. (1975), "A Protection Motivation Theory of Fear
Appeals and Attitude Change," Journal of Psychology, 91 (1),
93-114.<person-group>
                  <string-name>
                     <surname>Rogers</surname>
                  </string-name>
               </person-group>
               <issue>1</issue>
               <fpage>93</fpage>
               <volume>91</volume>
               <source>Journal of Psychology</source>
               <year>1975</year>
            </mixed-citation>
         </ref>
         <ref id="d4480e1334a1310">
            <mixed-citation id="d4480e1338" publication-type="book">
— (1983), "Cognitive and Physiological Processes in Fear
Appeals and Attitude Change: A Revised Theory of Protection
Motivation," in Social Psychophysiology, John Cacioppo and
Richard Petty, eds., New York: Guilford, 153-176.<person-group>
                  <string-name>
                     <surname>Rogers</surname>
                  </string-name>
               </person-group>
               <comment content-type="section">Cognitive and Physiological Processes in Fear Appeals and Attitude Change: A Revised Theory of Protection Motivation</comment>
               <fpage>153</fpage>
               <source>Social Psychophysiology</source>
               <year>1983</year>
            </mixed-citation>
         </ref>
         <ref id="d4480e1376a1310">
            <mixed-citation id="d4480e1380" publication-type="journal">
Rook, Dennis W. (1985), "The Ritual Dimension of Consumer Behavior,"
Journal of Consumer Research, 12 (December), 252-264.<object-id pub-id-type="jstor">10.2307/254372</object-id>
               <fpage>252</fpage>
            </mixed-citation>
         </ref>
         <ref id="d4480e1396a1310">
            <mixed-citation id="d4480e1400" publication-type="journal">
Rose, H. L. (1991), "If It Feels Good, It Must Be Bad," Fortune, 91
(2), 96-105.<person-group>
                  <string-name>
                     <surname>Rose</surname>
                  </string-name>
               </person-group>
               <issue>2</issue>
               <fpage>96</fpage>
               <volume>91</volume>
               <source>Fortune</source>
               <year>1991</year>
            </mixed-citation>
         </ref>
         <ref id="d4480e1435a1310">
            <mixed-citation id="d4480e1439" publication-type="book">
Rosenstock, Irwin M. (1991), 'The Health Belief Model: Explain-
ing Health Behavior Through Expectancies," in Health Be-
havior and Health Education: Theory, Research, and Practice,
K. Glanz, F.M. Lewis, and B.K. Rimer, eds., San Francisco:
Josey-Bass Publishers, 39-62.<person-group>
                  <string-name>
                     <surname>Rosenstock</surname>
                  </string-name>
               </person-group>
               <comment content-type="section">The Health Belief Model: Explaining Health Behavior Through Expectancies</comment>
               <fpage>39</fpage>
               <source>Health Behavior and Health Education: Theory, Research, and Practice</source>
               <year>1991</year>
            </mixed-citation>
         </ref>
         <ref id="d4480e1480a1310">
            <mixed-citation id="d4480e1484" publication-type="journal">
Schneider, D. and J. Morris (1991), "Risk-Taking Behaviors of Col-
lege Students," Environment and Behavior, 23 (5), 575-591.<person-group>
                  <string-name>
                     <surname>Schneider</surname>
                  </string-name>
               </person-group>
               <issue>5</issue>
               <fpage>575</fpage>
               <volume>23</volume>
               <source>Environment and Behavior</source>
               <year>1991</year>
            </mixed-citation>
         </ref>
         <ref id="d4480e1519a1310">
            <mixed-citation id="d4480e1523" publication-type="journal">
Seal, A.B. (1990), "Designated Driver Programs: Time to Rethink,"
Adolescent Counselor, (April/May), 43-45.<person-group>
                  <string-name>
                     <surname>Seal</surname>
                  </string-name>
               </person-group>
               <issue>April</issue>
               <fpage>43</fpage>
               <source>Adolescent Counselor</source>
               <year>1990</year>
            </mixed-citation>
         </ref>
         <ref id="d4480e1556a1310">
            <mixed-citation id="d4480e1560" publication-type="journal">
Simon, Toby (1993), "Sexuality on Campus—'90s Style," Change,
25 (3), 50.<person-group>
                  <string-name>
                     <surname>Simon</surname>
                  </string-name>
               </person-group>
               <issue>3</issue>
               <fpage>50</fpage>
               <volume>25</volume>
               <source>Change</source>
               <year>1993</year>
            </mixed-citation>
         </ref>
         <ref id="d4480e1595a1310">
            <mixed-citation id="d4480e1599" publication-type="book">
Taylor, Ronald E. (1994), "Qualitative Research," in Mass Commu-
nication Research, Michael W. Singletary, ed., New York:
Longman, 265-279.<person-group>
                  <string-name>
                     <surname>Taylor</surname>
                  </string-name>
               </person-group>
               <comment content-type="section">Qualitative Research</comment>
               <fpage>265</fpage>
               <source>Mass Communication Research</source>
               <year>1994</year>
            </mixed-citation>
         </ref>
         <ref id="d4480e1634a1310">
            <mixed-citation id="d4480e1638" publication-type="other">
Think When You Drink Campaign (2001), www.millerbrewing.com
(April 19, 2001).</mixed-citation>
         </ref>
         <ref id="d4480e1648a1310">
            <mixed-citation id="d4480e1652" publication-type="journal">
Treise, Debbie, Joyce M. Wolburg, and Cele Otnes (1999), "Understand-
ing the 'Social Gifts' of Drinking Rituals: An Alternative Frame-
work for PSA Developers," Journal of Advertising, 28 (12), 17-32.<person-group>
                  <string-name>
                     <surname>Treise</surname>
                  </string-name>
               </person-group>
               <issue>12</issue>
               <fpage>17</fpage>
               <volume>28</volume>
               <source>Journal of Advertising</source>
               <year>1999</year>
            </mixed-citation>
         </ref>
         <ref id="d4480e1690a1310">
            <mixed-citation id="d4480e1694" publication-type="other">
We All Make a Difference Campaign (2001), www.Budweiser.com
(April 19, 2001).</mixed-citation>
         </ref>
         <ref id="d4480e1704a1310">
            <mixed-citation id="d4480e1708" publication-type="journal">
Wechsler, Henry, Kathleen Kelley, Elissa R. Weitzman, John Paul San
Giovanni, and Mark Seibring (2000), "What Colleges Are Doing
About Student Binge Drinking. A Survey of College Administra-
tors," Journal of American College Health, 48 (5), 219-226.<person-group>
                  <string-name>
                     <surname>Wechsler</surname>
                  </string-name>
               </person-group>
               <issue>5</issue>
               <fpage>219</fpage>
               <volume>48</volume>
               <source>Journal of American College Health</source>
               <year>2000</year>
            </mixed-citation>
         </ref>
         <ref id="d4480e1750a1310">
            <mixed-citation id="d4480e1754" publication-type="journal">
— , Barbara Moeykens, Andrea Davenport, Sonia
Castillo, and J. Hansen (1995), 'The Adverse Impact of Heavy
Episodic Drinkers on Other College Students," Journal of
Studies on Alcohol, 56 (6), 628-634.<person-group>
                  <string-name>
                     <surname>Wechsler</surname>
                  </string-name>
               </person-group>
               <issue>6</issue>
               <fpage>628</fpage>
               <volume>56</volume>
               <source>Journal of Studies on Alcohol</source>
               <year>1995</year>
            </mixed-citation>
         </ref>
         <ref id="d4480e1795a1310">
            <mixed-citation id="d4480e1799" publication-type="journal">
Weinstein, N.D. (1987), "Unrealistic Optimism about Susceptibil-
ity to Health Problems: Conclusions from a Community-wide
Sample," Journal of Behavioral Medicine, 10 (5), 481-500.<person-group>
                  <string-name>
                     <surname>Weinstein</surname>
                  </string-name>
               </person-group>
               <issue>5</issue>
               <fpage>481</fpage>
               <volume>10</volume>
               <source>Journal of Behavioral Medicine</source>
               <year>1987</year>
            </mixed-citation>
         </ref>
         <ref id="d4480e1837a1310">
            <mixed-citation id="d4480e1841" publication-type="journal">
West, G.B., P.D. Moskal, Charles D. Dziuban, and L.P. Rumbough
(1996), "Gender and Marital Differences for Risk Taking Among
Undergraduates," Psychological Reports, 78 (1), 315-320.<person-group>
                  <string-name>
                     <surname>West</surname>
                  </string-name>
               </person-group>
               <issue>1</issue>
               <fpage>315</fpage>
               <volume>78</volume>
               <source>Psychological Reports</source>
               <year>1996</year>
            </mixed-citation>
         </ref>
         <ref id="d4480e1879a1310">
            <mixed-citation id="d4480e1883" publication-type="journal">
Witte, Kim (1992), "Putting the Fear Back into Fear Appeals: The
Extended Parallel Process Model," Communication Mono-
graphs, 59 (4), 329-349.<person-group>
                  <string-name>
                     <surname>Witte</surname>
                  </string-name>
               </person-group>
               <issue>4</issue>
               <fpage>329</fpage>
               <volume>59</volume>
               <source>Communication Monographs</source>
               <year>1992</year>
            </mixed-citation>
         </ref>
         <ref id="d4480e1921a1310">
            <mixed-citation id="d4480e1925" publication-type="other">
21 Means 21 Campaign (2001), www.coors.com (April 19, 2001).</mixed-citation>
         </ref>
      </ref-list>
   </back>
</article>
