<article xmlns:xsi="http://www.w3.org/2001/XMLSchema-instance"
         xmlns:xlink="http://www.w3.org/1999/xlink"
         xmlns:mml="http://www.w3.org/1998/Math/MathML"
         dtd-version="1.0"
         article-type="research-article">
   <front>
      <journal-meta>
         <journal-id journal-id-type="jstor">jadve</journal-id>
         <journal-id journal-id-type="jstor">jadve</journal-id>
         <journal-id journal-id-type="jstor">j101355</journal-id>
         <journal-title-group>
            <journal-title>Journal of Advertising</journal-title>
         </journal-title-group>
         <publisher>
            <publisher-name>Board of Directors, American Academy of Advertising</publisher-name>
         </publisher>
         <issn pub-type="ppub">00913367</issn>
         <issn pub-type="epub">15577805</issn>
      </journal-meta>
      <article-meta>
         <article-id pub-id-type="jstor">4189228</article-id>
         <title-group>
            <article-title>Forced Exposure and Psychological Reactance: Antecedents and Consequences of the Perceived Intrusiveness of Pop-up Ads</article-title>
         </title-group>
         <contrib-group>
            <contrib contrib-type="author">
               <string-name>
                  <given-names>Steven M.</given-names>
                  <surname>Edwards</surname>
               </string-name>
            </contrib>
            <contrib contrib-type="author">
               <string-name>
                  <given-names>Hairong</given-names>
                  <surname>Li</surname>
               </string-name>
            </contrib>
            <contrib contrib-type="author">
               <string-name>Joo-Hyun Lee</string-name>
            </contrib>
         </contrib-group>
         <pub-date>
            <day>1</day>
            <month>10</month>
            <year>2002</year>
         </pub-date>
         <volume>31</volume>
         <issue>3</issue>
         <issue-id>i394117</issue-id>
         <fpage>83</fpage>
         <lpage>95</lpage>
         <page-range>83-95</page-range>
         <permissions>
            <copyright-statement>Copyright 2002 American Academy of Advertising</copyright-statement>
         </permissions>
         <self-uri xlink:href="http://www.jstor.org/stable/4189228"/>
         <abstract>
            <p>This paper explores forced viewing of "pop-up ads" on the Internet to understand better how viewers come to define ads as irritating and decide to avoid them. Perceived intrusiveness was suggested as the underlying mechanism by which the process occurs. Antecedents of intrusiveness were identified that affect perceptions of ads as interruptions, including congruence of the advertisement content with the current task and intensity of cognition at the moment the ad pops up. The consequences of intrusiveness were shown to be caused by feelings of irritation and ad avoidance. The results provide an understanding of how consumers experience forced exposure situations in interactive environments and highlight implications for advertisers seeking to increase the effectiveness of on-line advertising.</p>
         </abstract>
         <custom-meta-group>
            <custom-meta>
               <meta-name>lang</meta-name>
               <meta-value>eng</meta-value>
            </custom-meta>
         </custom-meta-group>
      </article-meta>
   </front>
   <back>
      <ref-list>
         <title>References</title>
         <ref id="d16071e160a1310">
            <mixed-citation id="d16071e164" publication-type="journal">
Aaker, David S. and Donald E. Bruzzone (1985), "Causes of Irrita-
tion in Advertising," Journal of Marketing, 49 (2), 47-57.<object-id pub-id-type="doi">10.2307/1251564</object-id>
               <fpage>47</fpage>
            </mixed-citation>
         </ref>
         <ref id="d16071e180a1310">
            <mixed-citation id="d16071e184" publication-type="book">
Abernethy, Avery M. (1991), "Physical and Mechanical Avoidance
of Television Commercials: An Exploratory Study of Zipping,
Zapping and Leaving," in Proceedings of the American Acad-
emy of Advertising, Rebecca Holman, ed., New York: The
American Academy of Advertising, 223-231.<person-group>
                  <string-name>
                     <surname>Abernethy</surname>
                  </string-name>
               </person-group>
               <comment content-type="section">Physical and Mechanical Avoidance of Television Commercials: An Exploratory Study of Zipping, Zapping and Leaving</comment>
               <fpage>223</fpage>
               <source>Proceedings of the American Academy of Advertising</source>
               <year>1991</year>
            </mixed-citation>
         </ref>
         <ref id="d16071e225a1310">
            <mixed-citation id="d16071e229" publication-type="journal">
Alwitt, Linda F. and Paul R. Prabhaker (1992), "Functional and
Belief Dimensions of Attitudes to Television," Journal of Ad-
vertising Research, 32 (5), 30-42.<person-group>
                  <string-name>
                     <surname>Alwitt</surname>
                  </string-name>
               </person-group>
               <issue>5</issue>
               <fpage>30</fpage>
               <volume>32</volume>
               <source>Journal of Advertising Research</source>
               <year>1992</year>
            </mixed-citation>
         </ref>
         <ref id="d16071e267a1310">
            <mixed-citation id="d16071e271" publication-type="book">
Bauer, Raymond A. and Stephen A. Greyser (1968), Advertising in
American: The Consumer View »Boston, MA: Harvard University.<person-group>
                  <string-name>
                     <surname>Bauer</surname>
                  </string-name>
               </person-group>
               <source>Advertising in American: The Consumer View</source>
               <year>1968</year>
            </mixed-citation>
         </ref>
         <ref id="d16071e297a1310">
            <mixed-citation id="d16071e301" publication-type="journal">
Biel, Alexander L. and Carol A. Bridgwater (1990), "Attributes of
Likable Television Commercials," Journal of Advertising Re-
search, 30 (3), 38-44.<person-group>
                  <string-name>
                     <surname>Biel</surname>
                  </string-name>
               </person-group>
               <issue>3</issue>
               <fpage>38</fpage>
               <volume>30</volume>
               <source>Journal of Advertising Research</source>
               <year>1990</year>
            </mixed-citation>
         </ref>
         <ref id="d16071e339a1310">
            <mixed-citation id="d16071e343" publication-type="book">
Bollen, Kenneth A. (1989), Structural Equations with Latent Vari-
ables, New York: John Wiley &amp; Sons.<person-group>
                  <string-name>
                     <surname>Bollen</surname>
                  </string-name>
               </person-group>
               <source>Structural Equations with Latent Variables</source>
               <year>1989</year>
            </mixed-citation>
         </ref>
         <ref id="d16071e368a1310">
            <mixed-citation id="d16071e372" publication-type="journal">
Bowen, John (2001), "Analyst View: The Emergence of Rich Media,"
Red Herring, (January 24), [http://www.redherring.com/
mdex.asp?layout=storyá^armel=2000CKW2&amp;doc_id=1210017521].<person-group>
                  <string-name>
                     <surname>Bowen</surname>
                  </string-name>
               </person-group>
               <issue>January 24</issue>
               <source>Red Herring</source>
               <year>2001</year>
            </mixed-citation>
         </ref>
         <ref id="d16071e404a1310">
            <mixed-citation id="d16071e408" publication-type="book">
Brehm, Jack W. (1966), A Theory of Psychological Reactance, New
York: Academic Press.<person-group>
                  <string-name>
                     <surname>Brehm</surname>
                  </string-name>
               </person-group>
               <source>A Theory of Psychological Reactance</source>
               <year>1966</year>
            </mixed-citation>
         </ref>
         <ref id="d16071e433a1310">
            <mixed-citation id="d16071e437" publication-type="book">
Brehm, Sharon S. and Jack W. Brehm (1981), Psychological Reactance:
A Theory of Freedom and Control, New York: Academic Press.<person-group>
                  <string-name>
                     <surname>Brehm</surname>
                  </string-name>
               </person-group>
               <source>Psychological Reactance: A Theory of Freedom and Control</source>
               <year>1981</year>
            </mixed-citation>
         </ref>
         <ref id="d16071e462a1310">
            <mixed-citation id="d16071e466" publication-type="journal">
Clancey, Maura (1994), 'The Television Audience Examined," Jour-
nal of Advertising Research, 39 (5), 27-37.<person-group>
                  <string-name>
                     <surname>Clancey</surname>
                  </string-name>
               </person-group>
               <issue>5</issue>
               <fpage>27</fpage>
               <volume>39</volume>
               <source>Journal of Advertising Research</source>
               <year>1994</year>
            </mixed-citation>
         </ref>
         <ref id="d16071e502a1310">
            <mixed-citation id="d16071e506" publication-type="journal">
Clee, Mona A. and Robert A. Wicklund (1980), "Consumer Behav-
ior and Psychological Reactance," Journal of Consumer Re-
search, 6 (4), 389.<object-id pub-id-type="jstor">10.2307/2488740</object-id>
               <fpage>389</fpage>
            </mixed-citation>
         </ref>
         <ref id="d16071e525a1310">
            <mixed-citation id="d16071e529" publication-type="journal">
Cronin, John J. and Nancy E. Menelly (1992), "Discrimination vs.
Avoidance: 'Zipping' of Television Commercials," Journal of
Advertising, 21 (Summer), 1-7.<person-group>
                  <string-name>
                     <surname>Cronin</surname>
                  </string-name>
               </person-group>
               <issue>Summer</issue>
               <fpage>1</fpage>
               <volume>21</volume>
               <source>Journal of Advertising</source>
               <year>1992</year>
            </mixed-citation>
         </ref>
         <ref id="d16071e567a1310">
            <mixed-citation id="d16071e571" publication-type="journal">
Ducoffe, Robert H. (1995), "How Consumers Assess the Value of
Advertising," Journal of Current Issues and Research in Ad-
vertising, 17 (1), 1-18.<person-group>
                  <string-name>
                     <surname>Ducoffe</surname>
                  </string-name>
               </person-group>
               <issue>1</issue>
               <fpage>1</fpage>
               <volume>17</volume>
               <source>Journal of Current Issues and Research in Advertising</source>
               <year>1995</year>
            </mixed-citation>
         </ref>
         <ref id="d16071e609a1310">
            <mixed-citation id="d16071e613" publication-type="journal">
- (1996), "Advertising Value and Advertising on the
Web," Journal of Advertising Research, 36 (5), 21-35.<person-group>
                  <string-name>
                     <surname>Ducoffe</surname>
                  </string-name>
               </person-group>
               <issue>5</issue>
               <fpage>21</fpage>
               <volume>36</volume>
               <source>Journal of Advertising Research</source>
               <year>1996</year>
            </mixed-citation>
         </ref>
         <ref id="d16071e648a1310">
            <mixed-citation id="d16071e652" publication-type="journal">
Friestad, Marian and Peter Wright (1994), 'The Persuasion Knowl-
edge Model: How People Cope with Persuasion Attempts,"
Journal of Consumer Research, 21 (1), 1-31.<object-id pub-id-type="jstor">10.2307/2489738</object-id>
               <fpage>1</fpage>
            </mixed-citation>
         </ref>
         <ref id="d16071e671a1310">
            <mixed-citation id="d16071e675" publication-type="journal">
Ha, Louisa (1996), "Advertising Clutter in Consumer Magazines:
Dimensions and Effects," Journal of Advertising Research, 36
(July/August), 76-83.<person-group>
                  <string-name>
                     <surname>Ha</surname>
                  </string-name>
               </person-group>
               <issue>July</issue>
               <fpage>76</fpage>
               <volume>36</volume>
               <source>Journal of Advertising Research</source>
               <year>1996</year>
            </mixed-citation>
         </ref>
         <ref id="d16071e714a1310">
            <mixed-citation id="d16071e718" publication-type="journal">
Hoffman, Donna L. and Thomas P. Novak (1996), "Marketing in
Hypermedia Computer-Mediated Environments: Conceptual
Foundations," Journal of Marketing, 60 (3), 50-68.<object-id pub-id-type="doi">10.2307/1251841</object-id>
               <fpage>50</fpage>
            </mixed-citation>
         </ref>
         <ref id="d16071e737a1310">
            <mixed-citation id="d16071e741" publication-type="book">
Interactive Advertising Bureau (2001), Rich Media Ad Unit Guide-
lines, Interactive Advertising Bureau, (August 6), [http://
www.iab.net/rich_content/index.html].<person-group>
                  <string-name>
                     <surname>Interactive Advertising Bureau</surname>
                  </string-name>
               </person-group>
               <source>Rich Media Ad Unit Guidelines</source>
               <year>2001</year>
            </mixed-citation>
         </ref>
         <ref id="d16071e770a1310">
            <mixed-citation id="d16071e774" publication-type="journal">
Janiszewski, Chris (1990), 'The Influence of Nonattended Mate-
rial on the Processing of Advertising Claims," Journal of Mar-
keting Research, 27 (3), 263-278.<object-id pub-id-type="doi">10.2307/3172585</object-id>
               <fpage>263</fpage>
            </mixed-citation>
         </ref>
         <ref id="d16071e793a1310">
            <mixed-citation id="d16071e797" publication-type="book">
Jöreskog, Karl G. and Dag Sorborn (1989), LISREL 7: A Guide to
the Program and Applications, 2d ed., Chicago: SPSS Inc.<person-group>
                  <string-name>
                     <surname>Jöreskog</surname>
                  </string-name>
               </person-group>
               <edition>2</edition>
               <source>LISREL 7: A Guide to the Program and Applications</source>
               <year>1989</year>
            </mixed-citation>
         </ref>
         <ref id="d16071e826a1310">
            <mixed-citation id="d16071e830" publication-type="book">
Kahneman, Daniel (1973), Attention and Effort, Englewood Cliffs,
NJ: Prentice Hall.<person-group>
                  <string-name>
                     <surname>Kahneman</surname>
                  </string-name>
               </person-group>
               <source>Attention and Effort</source>
               <year>1973</year>
            </mixed-citation>
         </ref>
         <ref id="d16071e855a1310">
            <mixed-citation id="d16071e859" publication-type="journal">
Kennedy, John R. (1971), "How Program Environment Affects TV
Commercials," Journal of Advertising Research, 11 (1), 33-38.<person-group>
                  <string-name>
                     <surname>Kennedy</surname>
                  </string-name>
               </person-group>
               <issue>1</issue>
               <fpage>33</fpage>
               <volume>11</volume>
               <source>Journal of Advertising Research</source>
               <year>1971</year>
            </mixed-citation>
         </ref>
         <ref id="d16071e895a1310">
            <mixed-citation id="d16071e899" publication-type="journal">
Krugman, Dean M. and Keith F. Johnson (1991), "Differences in the
Consumption of Traditional Broadcast and VCR Movie Rental,"
Journal of Broadcasting &amp; Electronic Media, 35 (Spring), 213-232.<person-group>
                  <string-name>
                     <surname>Krugman</surname>
                  </string-name>
               </person-group>
               <issue>Spring</issue>
               <fpage>213</fpage>
               <volume>35</volume>
               <source>Journal of Broadcasting &amp; Electronic Media</source>
               <year>1991</year>
            </mixed-citation>
         </ref>
         <ref id="d16071e937a1310">
            <mixed-citation id="d16071e941" publication-type="journal">
Krugman, Herbert E. (1983), 'Television Program Interest and Com-
mercial Interruption: Are Commercials on Interesting Programs
Less Effective?" Journal of Advertising Research, 23 (1), 21-23.<person-group>
                  <string-name>
                     <surname>Krugman</surname>
                  </string-name>
               </person-group>
               <issue>1</issue>
               <fpage>21</fpage>
               <volume>23</volume>
               <source>Journal of Advertising Research</source>
               <year>1983</year>
            </mixed-citation>
         </ref>
         <ref id="d16071e979a1310">
            <mixed-citation id="d16071e983" publication-type="book">
Li, Hairong, Steven M. Edwards, and Joo-Hyun Lee (2001), "Mea-
suring the Intrusiveness of Internet Advertising: Scale Devel-
opment and Validation," in Proceedings of the 2001 Conference
of the American Academy of Advertising, Charles R. Taylor, ed.,
Villanova, PA: American Academy of Advertising, 25-26.<person-group>
                  <string-name>
                     <surname>Li</surname>
                  </string-name>
               </person-group>
               <comment content-type="section">Measuring the Intrusiveness of Internet Advertising: Scale Development and Validation</comment>
               <fpage>25</fpage>
               <source>Proceedings of the 2001 Conference of the American Academy of Advertising</source>
               <year>2001</year>
            </mixed-citation>
         </ref>
         <ref id="d16071e1024a1310">
            <mixed-citation id="d16071e1028" publication-type="book">
McQuail, Dennis (1983), Mass Communication Theory: An Intro-
duction, Thousand Oaks, CA: Sage.<person-group>
                  <string-name>
                     <surname>McQuail</surname>
                  </string-name>
               </person-group>
               <source>Mass Communication Theory: An Introduction</source>
               <year>1983</year>
            </mixed-citation>
         </ref>
         <ref id="d16071e1053a1310">
            <mixed-citation id="d16071e1057" publication-type="book">
Milward Brown Interactive (1999a), The Wired Digital Rich Media
Study, San Francisco, CA: Millward Brown Interactive, [http://
www.intelliquest.com/search/results.asp?vpath=/ press/releases/
mbi_release05. asp].<person-group>
                  <string-name>
                     <surname>Milward Brown Interactive</surname>
                  </string-name>
               </person-group>
               <source>The Wired Digital Rich Media Study</source>
               <year>1999</year>
            </mixed-citation>
         </ref>
         <ref id="d16071e1089a1310">
            <mixed-citation id="d16071e1093" publication-type="book">
- (1999b), Evaluating the Effectiveness of the
Superstitials, Millward Brown Interactive, (October), [http://
www. unicast.com/downloads/mbi. pdf].<person-group>
                  <string-name>
                     <surname>Milward Brown Interactive</surname>
                  </string-name>
               </person-group>
               <source>Evaluating the Effectiveness of the Superstitials</source>
               <year>1999</year>
            </mixed-citation>
         </ref>
         <ref id="d16071e1123a1310">
            <mixed-citation id="d16071e1127" publication-type="journal">
Murry, John P., Jr., John L. Lastovicka, and Surendra N. Singh
(1992), "Feeling and Liking Responses to Television Programs:
An Examination of Two Explanations for Media Context Ef-
fects," Journal of Consumer Research, 18 (March), 441-451.<object-id pub-id-type="jstor">10.2307/2489257</object-id>
               <fpage>441</fpage>
            </mixed-citation>
         </ref>
         <ref id="d16071e1150a1310">
            <mixed-citation id="d16071e1154" publication-type="book">
Park, C. Whan and Gordon W. McClung (1985), "The Effect of TV
Program Involvement on Involvement with Commercials," in Pro-
ceedings of Association of Consumer Research, Richard J. Lutz, ed.,
Las Vegas, NV: Association of Consumer Research, 544-547.<person-group>
                  <string-name>
                     <surname>Park</surname>
                  </string-name>
               </person-group>
               <comment content-type="section">The Effect of TV Program Involvement on Involvement with Commercials</comment>
               <fpage>544</fpage>
               <source>Proceedings of Association of Consumer Research</source>
               <year>1985</year>
            </mixed-citation>
         </ref>
         <ref id="d16071e1192a1310">
            <mixed-citation id="d16071e1196" publication-type="journal">
Pasadeos, Yorgo (1990), "Perceived Informativeness of and Irritation
with Local Advertising," Journalism Quarterly, 67 (1), 35-39.<person-group>
                  <string-name>
                     <surname>Pasadeos</surname>
                  </string-name>
               </person-group>
               <issue>1</issue>
               <fpage>35</fpage>
               <volume>67</volume>
               <source>Journalism Quarterly</source>
               <year>1990</year>
            </mixed-citation>
         </ref>
         <ref id="d16071e1231a1310">
            <mixed-citation id="d16071e1235" publication-type="journal">
Petty, Richard E. and John T. Cacioppo (1979), "Issue Involvement
Can Increase or Decrease Persuasion by Enhancing Message-
Relevant Cognitive Responses," Journal of Personality and
Social Psychology, 37 (10), 1915-1926.<person-group>
                  <string-name>
                     <surname>Petty</surname>
                  </string-name>
               </person-group>
               <issue>10</issue>
               <fpage>1915</fpage>
               <volume>37</volume>
               <source>Journal of Personality and Social Psychology</source>
               <year>1979</year>
            </mixed-citation>
         </ref>
         <ref id="d16071e1276a1310">
            <mixed-citation id="d16071e1280" publication-type="book">
Reizenstine, Richard C. (1971), "A Dissonance Approach to Mea-
suring the Effectiveness of Two Personal Selling Techniques
Through Decision Reversal," Proceedings of the Conference of
the American Marketing Association, Chicago: American Mar-
keting Association, 176-180.<person-group>
                  <string-name>
                     <surname>Reizenstine</surname>
                  </string-name>
               </person-group>
               <comment content-type="section">A Dissonance Approach to Measuring the Effectiveness of Two Personal Selling Techniques Through Decision Reversal</comment>
               <fpage>176</fpage>
               <source>Proceedings of the Conference of the American Marketing Association</source>
               <year>1971</year>
            </mixed-citation>
         </ref>
         <ref id="d16071e1321a1310">
            <mixed-citation id="d16071e1325" publication-type="journal">
Robertson, Thomas S. and John R. Rossiter (1974), "Children and
Commercial Persuasion: An Attribution Theory Analysis,"
Journal of Consumer Research, 1 (1), 13.<object-id pub-id-type="jstor">10.2307/2488950</object-id>
               <fpage>13</fpage>
            </mixed-citation>
         </ref>
         <ref id="d16071e1345a1310">
            <mixed-citation id="d16071e1349" publication-type="journal">
Sandage, Charles H. and John Leckenby (1980), "Student Attitude
toward Advertising: Institution vs. Instrument," Journal of
Advertising, 9 (2), 29-33.<person-group>
                  <string-name>
                     <surname>Sandage</surname>
                  </string-name>
               </person-group>
               <issue>2</issue>
               <fpage>29</fpage>
               <volume>9</volume>
               <source>Journal of Advertising</source>
               <year>1980</year>
            </mixed-citation>
         </ref>
         <ref id="d16071e1387a1310">
            <mixed-citation id="d16071e1391" publication-type="journal">
Sherman, Lee and John Deighton (2001), "Banner Advertising:
Measuring Effectiveness and Optimizing Placement," Jour-
nal of Interactive Marketing, 15 (2), 60-64.<person-group>
                  <string-name>
                     <surname>Sherman</surname>
                  </string-name>
               </person-group>
               <issue>2</issue>
               <fpage>60</fpage>
               <volume>15</volume>
               <source>Journal of Interactive Marketing</source>
               <year>2001</year>
            </mixed-citation>
         </ref>
         <ref id="d16071e1429a1310">
            <mixed-citation id="d16071e1433" publication-type="journal">
Singh, Surendra N. and Gilbert A. Churchill Jr. (1987), "Arousal and
Advertising Effectiveness," Journal of Advertising, 16 (1), 4-10.<person-group>
                  <string-name>
                     <surname>Singh</surname>
                  </string-name>
               </person-group>
               <issue>1</issue>
               <fpage>4</fpage>
               <volume>16</volume>
               <source>Journal of Advertising</source>
               <year>1987</year>
            </mixed-citation>
         </ref>
         <ref id="d16071e1468a1310">
            <mixed-citation id="d16071e1472" publication-type="journal">
Soldow, Gary F. and Victor Principe (1981), "Response to Commer-
cials as a Function of Program Context," Journal of Advertis-
ing Research, 21 (2), 59-65.<person-group>
                  <string-name>
                     <surname>Soldow</surname>
                  </string-name>
               </person-group>
               <issue>2</issue>
               <fpage>59</fpage>
               <volume>21</volume>
               <source>Journal of Advertising Research</source>
               <year>1981</year>
            </mixed-citation>
         </ref>
         <ref id="d16071e1510a1310">
            <mixed-citation id="d16071e1514" publication-type="journal">
Speck, Paul Surgi and Michael T. Elliott (1997), "Predictors of
Advertising Avoidance in Print and Broadcast Media," Jour-
nal of Advertising, 26 (3), 61-76.<person-group>
                  <string-name>
                     <surname>Speck</surname>
                  </string-name>
               </person-group>
               <issue>3</issue>
               <fpage>61</fpage>
               <volume>26</volume>
               <source>Journal of Advertising</source>
               <year>1997</year>
            </mixed-citation>
         </ref>
         <ref id="d16071e1552a1310">
            <mixed-citation id="d16071e1556" publication-type="journal">
Taylor, Catharine P. (2001), 'The Crackle Over 'Pop Unders,'"
Advertising Age, 72 (July 16), 36.<person-group>
                  <string-name>
                     <surname>Taylor</surname>
                  </string-name>
               </person-group>
               <issue>July 16</issue>
               <fpage>36</fpage>
               <volume>72</volume>
               <source>Advertising Age</source>
               <year>2001</year>
            </mixed-citation>
         </ref>
         <ref id="d16071e1592a1310">
            <mixed-citation id="d16071e1596" publication-type="journal">
Wells, William D., Clark Leavitt, and Maureen McConville (1971),
"A Reaction Profile for TV Commercials," Journal of Advertis-
ing Research, 11 (December), 11-17.<person-group>
                  <string-name>
                     <surname>Wells</surname>
                  </string-name>
               </person-group>
               <issue>December</issue>
               <fpage>11</fpage>
               <volume>11</volume>
               <source>Journal of Advertising Research</source>
               <year>1971</year>
            </mixed-citation>
         </ref>
         <ref id="d16071e1634a1310">
            <mixed-citation id="d16071e1638" publication-type="journal">
Yi, Youjae (1990), "Cognitive and Affective Priming Effects of the Con-
text for Print Advertising," Journal of Advertising, 19 (2), 40-48.<person-group>
                  <string-name>
                     <surname>Yi</surname>
                  </string-name>
               </person-group>
               <issue>2</issue>
               <fpage>40</fpage>
               <volume>19</volume>
               <source>Journal of Advertising</source>
               <year>1990</year>
            </mixed-citation>
         </ref>
      </ref-list>
   </back>
</article>
