<article xmlns:xsi="http://www.w3.org/2001/XMLSchema-instance"
         xmlns:xlink="http://www.w3.org/1999/xlink"
         xmlns:mml="http://www.w3.org/1998/Math/MathML"
         dtd-version="1.0"
         article-type="research-article">
   <front>
      <journal-meta>
         <journal-id journal-id-type="jstor">jadve</journal-id>
         <journal-id journal-id-type="jstor">jadve</journal-id>
         <journal-id journal-id-type="jstor">j101355</journal-id>
         <journal-title-group>
            <journal-title>Journal of Advertising</journal-title>
         </journal-title-group>
         <publisher>
            <publisher-name>Board of Directors, American Academy of Advertising</publisher-name>
         </publisher>
         <issn pub-type="ppub">00913367</issn>
         <issn pub-type="epub">15577805</issn>
      </journal-meta>
      <article-meta>
         <article-id pub-id-type="jstor">4189040</article-id>
         <title-group>
            <article-title>Effects of Print Ad Pictures and Copy Containing Instructions to Imagine on Mental Imagery That Mediates Attitudes</article-title>
         </title-group>
         <contrib-group>
            <contrib contrib-type="author">
               <string-name>Laurie A. Babin</string-name>
            </contrib>
            <contrib contrib-type="author">
               <string-name>
                  <given-names>Alvin C.</given-names>
                  <surname>Burns</surname>
               </string-name>
            </contrib>
         </contrib-group>
         <pub-date>
            <day>1</day>
            <month>10</month>
            <year>1997</year>
         </pub-date>
         <volume>26</volume>
         <issue>3</issue>
         <issue-id>i394097</issue-id>
         <fpage>33</fpage>
         <lpage>44</lpage>
         <page-range>33-44</page-range>
         <permissions>
            <copyright-statement>Copyright 1997 American Academy of Advertising</copyright-statement>
         </permissions>
         <self-uri xlink:href="http://www.jstor.org/stable/4189040"/>
         <abstract>
            <p>Results of an experimental study in a print advertising context suggest that two imagery-eliciting strategies, use of pictures and use of copy containing instructions to imagine, stimulate mental imagery processing, which in turn influences attitudinal judgments. Specifically, an ad containing a concrete picture of a product in use was more effective in stimulating vivid visual imagery processing and favorably influencing attitude toward the advertisement and brand than either an ad containing a considerably less concrete picture or one without a picture. Copy containing instructions to imagine also stimulated vivid and elaborate visual imagery processing and enhanced attitudes. Tests for mediation indicate that mental imagery processing explains all or some of the direct effects of the two imagery-eliciting strategies' influence on attitudes.</p>
         </abstract>
         <custom-meta-group>
            <custom-meta>
               <meta-name>lang</meta-name>
               <meta-value>eng</meta-value>
            </custom-meta>
         </custom-meta-group>
      </article-meta>
   </front>
   <back>
      <ref-list>
         <title>References</title>
         <ref id="d24997e142a1310">
            <mixed-citation id="d24997e146" publication-type="book">
Alesandrini, Kathryn Lut/, and Anees A. Sheikh (1983), "Research
on Imagery: Implications for Advertising," in Imagery: Cur-
rent Theory, Research and Application, Anees A. Sheikh, ed.,
New York: John Wiley &amp; Sons, 535-556.<person-group>
                  <string-name>
                     <surname>Alesandrini</surname>
                  </string-name>
               </person-group>
               <comment content-type="section">Research on Imagery: Implications for Advertising</comment>
               <fpage>535</fpage>
               <source>Imagery: Current Theory, Research and Application</source>
               <year>1983</year>
            </mixed-citation>
         </ref>
         <ref id="d24997e184a1310">
            <mixed-citation id="d24997e188" publication-type="journal">
Anderson, James C. and Anthony G. Gerbing (1988), "Structural
Equation Modeling in Practice: A Review and Recommended
Two-Step Approach," Psychological Bulletin, 103, 411-423.<person-group>
                  <string-name>
                     <surname>Anderson</surname>
                  </string-name>
               </person-group>
               <fpage>411</fpage>
               <volume>103</volume>
               <source>Psychological Bulletin</source>
               <year>1988</year>
            </mixed-citation>
         </ref>
         <ref id="d24997e223a1310">
            <mixed-citation id="d24997e227" publication-type="journal">
Babin, Laurie A. and Alvin C. Burns (forthcoming), "An Improved
Scale for the Measurement of Communication-Evoked Men-
tal Imagery," Psychology &amp; Marketing.<person-group>
                  <string-name>
                     <surname>Babin</surname>
                  </string-name>
               </person-group>
               <source>Psychology &amp; Marketing</source>
            </mixed-citation>
         </ref>
         <ref id="d24997e252a1310">
            <mixed-citation id="d24997e256" publication-type="book">
— ,-, and Abhijit Biswas ( 1992), "A Para-
digm Providing Direction for Research on Communication
Effects of Mental Imagery-Evoking Advertising Strategies,"
in Advances in Consumer Research, Vol. 19, John F. Sherry,
Jr. and Brian Sternthal, eds., Provo, UT: Association for
Consumer Research, 621-628.<person-group>
                  <string-name>
                     <surname>Babin</surname>
                  </string-name>
               </person-group>
               <comment content-type="section">A Paradigm Providing Direction for Research on Communication Effects of Mental Imagery-Evoking Advertising Strategies</comment>
               <fpage>621</fpage>
               <volume>19</volume>
               <source>Advances in Consumer Research</source>
               <year>1992</year>
            </mixed-citation>
         </ref>
         <ref id="d24997e305a1310">
            <mixed-citation id="d24997e309" publication-type="book">
Bagozzi, Richard P. (1980), Causal Models in Marketing, New
York: John Wiley &amp; Sons.<person-group>
                  <string-name>
                     <surname>Bagozzi</surname>
                  </string-name>
               </person-group>
               <source>Causal Models in Marketing</source>
               <year>1980</year>
            </mixed-citation>
         </ref>
         <ref id="d24997e334a1310">
            <mixed-citation id="d24997e338" publication-type="journal">
Baron, Reuben M. and David A. Kenny (1986), "The Moderator-
Mediator Variable Distinction in Social Psychological Research:
Conceptual, Strategic, and Statistical Considerations," Jour-
nal of Personality and Social Psychology, 51 (6), 1173-1182.<person-group>
                  <string-name>
                     <surname>Baron</surname>
                  </string-name>
               </person-group>
               <issue>6</issue>
               <fpage>1173</fpage>
               <volume>51</volume>
               <source>Journal of Personality and Social Psychology</source>
               <year>1986</year>
            </mixed-citation>
         </ref>
         <ref id="d24997e379a1310">
            <mixed-citation id="d24997e383" publication-type="journal">
Bone, Paula Fitzgerald and Pam Schulder Ellen (1992), "Genera-
tion and Consequences of Communication-Evoked Imagery,"
Journal of Consumer Research, 19 (June), 93-104.<object-id pub-id-type="jstor">10.2307/2489191</object-id>
               <fpage>93</fpage>
            </mixed-citation>
         </ref>
         <ref id="d24997e402a1310">
            <mixed-citation id="d24997e406" publication-type="journal">
Burns, Alvin C, Abhijit Biswas, and Laurie A. Babin (1993), "The
Operation of Mental Imagery as a Mediator of Advertising
Effects," Journal of Advertising, 22 (June), 71-85.<person-group>
                  <string-name>
                     <surname>Burns</surname>
                  </string-name>
               </person-group>
               <issue>June</issue>
               <fpage>71</fpage>
               <volume>22</volume>
               <source>Journal of Advertising</source>
               <year>1993</year>
            </mixed-citation>
         </ref>
         <ref id="d24997e444a1310">
            <mixed-citation id="d24997e448" publication-type="book">
Dickson, Peter R., Robert E. Burnkrant, Paul E. Miniard, and
Hanumantha R. Unnava (1986), "If It Isn't a Duck Then Why
Did It Quack? Competing Explanations for an Observed Ef-
fect of Illustrations in an Advertisement," in Advances in
Consumer Research, Vol. 13, Richard J. Lutz, ed., Provo, UT:
Association for Consumer Research, 153-157.<person-group>
                  <string-name>
                     <surname>Dickson</surname>
                  </string-name>
               </person-group>
               <comment content-type="section">If It Isn't a Duck Then Why Did It Quack? Competing Explanations for an Observed Effect of Illustrations in an Advertisement</comment>
               <fpage>153</fpage>
               <volume>13</volume>
               <source>Advances in Consumer Research</source>
               <year>1986</year>
            </mixed-citation>
         </ref>
         <ref id="d24997e496a1310">
            <mixed-citation id="d24997e500" publication-type="book">
Edell, Julie A. (1988), "Nonverbal Effects in Ads: A Review and
Synthesis," in Nonverbal Communication in Advertising,
Sidney Hecker and David W. Stewart, eds., Lexington MA:
Lexington Books, 11-27.<person-group>
                  <string-name>
                     <surname>Edell</surname>
                  </string-name>
               </person-group>
               <comment content-type="section">Nonverbal Effects in Ads: A Review and Synthesis</comment>
               <fpage>11</fpage>
               <source>Nonverbal Communication in Advertising</source>
               <year>1988</year>
            </mixed-citation>
         </ref>
         <ref id="d24997e539a1310">
            <mixed-citation id="d24997e543" publication-type="journal">
- and Richard Staelin (1983), "The Information Pro-
cessing of Pictures in Print Advertisements," Journal of Con-
sumer Research, 10 (June), 45-61.<object-id pub-id-type="jstor">10.2307/2488855</object-id>
               <fpage>45</fpage>
            </mixed-citation>
         </ref>
         <ref id="d24997e562a1310">
            <mixed-citation id="d24997e566" publication-type="book">
Ellen, Pan Scholder and Paula Fitzgerald Bone ( 1991), "Measuring
Communication-Evoked Imagery Processing," in Advances in
Consumer Research, Vol. 18, Rebecca H. Holman and Michael
R. Solomon, eds., Provo, UT: Association for Consumer Re-
search, 806-812.<person-group>
                  <string-name>
                     <surname>Ellen</surname>
                  </string-name>
               </person-group>
               <comment content-type="section">Measuring Communication-Evoked Imagery Processing</comment>
               <fpage>806</fpage>
               <volume>18</volume>
               <source>Advances in Consumer Research</source>
               <year>1991</year>
            </mixed-citation>
         </ref>
         <ref id="d24997e610a1310">
            <mixed-citation id="d24997e614" publication-type="journal">
Fornell, Clacs and David F. Larcker (1981), "Evaluating Struc-
tural Equation Models with Unobservable Variables and Mea-
surement Error," Journal of Marketing Research, 18 (Febru-
ary), 39-50.<object-id pub-id-type="doi">10.2307/3151312</object-id>
               <fpage>39</fpage>
            </mixed-citation>
         </ref>
         <ref id="d24997e637a1310">
            <mixed-citation id="d24997e641" publication-type="journal">
Gardner, Meryl Paula (1985), "Mood States and Consumer Behav-
ior: A Critical Review," Journal of Consumer Research, 12
(December), 281-300.<object-id pub-id-type="jstor">10.2307/254374</object-id>
               <fpage>281</fpage>
            </mixed-citation>
         </ref>
         <ref id="d24997e660a1310">
            <mixed-citation id="d24997e664" publication-type="journal">
Gregory, W. Larry, Robert ?. Cialdini, and Kathleen M. Carpenter
(1982), "Self-Relevant Scenarios as Mediators of Likelihood
Estimates and Compliance: Does Imagining Make It So?"
Journal of Personality and Social Psychology, 43 (1), 89-99.<person-group>
                  <string-name>
                     <surname>Gregory</surname>
                  </string-name>
               </person-group>
               <issue>1</issue>
               <fpage>89</fpage>
               <volume>43</volume>
               <source>Journal of Personality and Social Psychology</source>
               <year>1982</year>
            </mixed-citation>
         </ref>
         <ref id="d24997e705a1310">
            <mixed-citation id="d24997e709" publication-type="journal">
Keller, Punam Anand and Ann L. McGill (1994), "Differences in
the Relative Influence of Product Attributes Under Alterna-
tive Processing Conditions: Attribute Importance Versus At-
tribute Ease of Imagability," Journal of Consumer Psychol-
ogy, 3(1), 29-49.<object-id pub-id-type="jstor">10.2307/1480634</object-id>
               <fpage>29</fpage>
            </mixed-citation>
         </ref>
         <ref id="d24997e736a1310">
            <mixed-citation id="d24997e740" publication-type="journal">
Kisielius, Jolita and Brian Sternthal (1984), "Detecting and Ex-
plaining Vividness Effects in Attitudinal Judgments," Jour-
nal of Marketing Research, 21 (February), 54-64.<object-id pub-id-type="doi">10.2307/3151792</object-id>
               <fpage>54</fpage>
            </mixed-citation>
         </ref>
         <ref id="d24997e759a1310">
            <mixed-citation id="d24997e763" publication-type="journal">
- and-(1986), "Examining the Vividness
Controversy: An Avail ability-Valence Interpretation," Jour-
nal of Consumer Research, 12 (March), 418-431.<object-id pub-id-type="jstor">10.2307/254302</object-id>
               <fpage>418</fpage>
            </mixed-citation>
         </ref>
         <ref id="d24997e782a1310">
            <mixed-citation id="d24997e786" publication-type="journal">
Lutz, Kathy A. and Richard J. Lutz (1977), "Effects of Interactive
Imagery on Learning: Application to Advertising," Journal of
Applied Psychology, 62 (4), 493-498.<person-group>
                  <string-name>
                     <surname>Lutz</surname>
                  </string-name>
               </person-group>
               <issue>4</issue>
               <fpage>493</fpage>
               <volume>62</volume>
               <source>Journal of Applied Psychology</source>
               <year>1977</year>
            </mixed-citation>
         </ref>
         <ref id="d24997e824a1310">
            <mixed-citation id="d24997e828" publication-type="book">
— and-(1978), "Imagery-Eliciting Strategies:
Review and Implications of Research," in Advances in Con-
sumer Research, Vol. 5, H. Keith Hunt, ed., Ann Arbor, MI:
Association for Consumer Research, 611-620.<person-group>
                  <string-name>
                     <surname>Lutz</surname>
                  </string-name>
               </person-group>
               <comment content-type="section">Imagery-Eliciting Strategies: Review and Implications of Research</comment>
               <fpage>611</fpage>
               <volume>5</volume>
               <source>Advances in Consumer Research</source>
               <year>1978</year>
            </mixed-citation>
         </ref>
         <ref id="d24997e869a1310">
            <mixed-citation id="d24997e873" publication-type="journal">
MacInnis, Deborah J. and Linda L. Price (1987), "The Role of
Imagery in Information Processing: Review and Extensions,"
Journal of Consumer Research, 13 (March), 473-491.<object-id pub-id-type="jstor">10.2307/2489369</object-id>
               <fpage>473</fpage>
            </mixed-citation>
         </ref>
         <ref id="d24997e892a1310">
            <mixed-citation id="d24997e896" publication-type="journal">
McGill, Ann L. and Punam Anand (1989), "The Effect of Imagery
on Information Processing Strategy in a Multiattribute Choice
Task,* Marketing Letters, 1 (1), 7-16.<person-group>
                  <string-name>
                     <surname>McGill</surname>
                  </string-name>
               </person-group>
               <issue>1</issue>
               <fpage>7</fpage>
               <volume>1</volume>
               <source>Marketing Letters</source>
               <year>1989</year>
            </mixed-citation>
         </ref>
         <ref id="d24997e935a1310">
            <mixed-citation id="d24997e939" publication-type="journal">
Miller, Darryl W. and Lawrence J. Marks (1992), "Mental Imagery
and Sound Effects in Radio Commercials," Journal of Adver-
tising, 21 (December), 83-93.<person-group>
                  <string-name>
                     <surname>Miller</surname>
                  </string-name>
               </person-group>
               <issue>December</issue>
               <fpage>83</fpage>
               <volume>21</volume>
               <source>Journal of Advertising</source>
               <year>1992</year>
            </mixed-citation>
         </ref>
         <ref id="d24997e977a1310">
            <mixed-citation id="d24997e981" publication-type="journal">
Mitchell, Andrew A. (1986), "The Effect of Verbal and Visual Com-
ponents of Advertisements on Brand Attitudes and Attitude
Toward the Advertisement," Journal of Consumer Research,
13 (June), 12-24.<object-id pub-id-type="jstor">10.2307/2489283</object-id>
               <fpage>12</fpage>
            </mixed-citation>
         </ref>
         <ref id="d24997e1004a1310">
            <mixed-citation id="d24997e1008" publication-type="journal">
- and Jerry C. Olson (1981), "Are Product Attribute
Beliefs the Only Mediator of Advertising Effects on Brand
Attitude?" Journal of Marketing Research, 18 (August), 318-
332.<object-id pub-id-type="doi">10.2307/3150973</object-id>
               <fpage>318</fpage>
            </mixed-citation>
         </ref>
         <ref id="d24997e1031a1310">
            <mixed-citation id="d24997e1035" publication-type="journal">
Oliver, Richard L., Thomas S. Robertson, and Deborah Mitchell
(1993), "Imaging and Analyzing in Response to New Product
Advertising," Journal of Advertising, 22 (December), 35-49.<person-group>
                  <string-name>
                     <surname>Oliver</surname>
                  </string-name>
               </person-group>
               <issue>December</issue>
               <fpage>35</fpage>
               <volume>22</volume>
               <source>Journal of Advertising</source>
               <year>1993</year>
            </mixed-citation>
         </ref>
         <ref id="d24997e1073a1310">
            <mixed-citation id="d24997e1077" publication-type="journal">
Paivio, Allan (1969), "Mental Imagery in Associative Learning and
Memory," Psychological Review, 76 (May), 241-263.<person-group>
                  <string-name>
                     <surname>Paivio</surname>
                  </string-name>
               </person-group>
               <issue>May</issue>
               <fpage>241</fpage>
               <volume>76</volume>
               <source>Psychological Review</source>
               <year>1969</year>
            </mixed-citation>
         </ref>
         <ref id="d24997e1112a1310">
            <mixed-citation id="d24997e1116" publication-type="book">
— (1986), Mental Representations, New York: Oxford
University Press.<person-group>
                  <string-name>
                     <surname>Paivio</surname>
                  </string-name>
               </person-group>
               <source>Mental Representations</source>
               <year>1986</year>
            </mixed-citation>
         </ref>
         <ref id="d24997e1142a1310">
            <mixed-citation id="d24997e1146" publication-type="journal">
and Kal Csapo (1969), "Concrete Images and Verbal
Memory Codes," Journal of Experimental Psychology, 80 (2),
279-285.<person-group>
                  <string-name>
                     <surname>Paivio</surname>
                  </string-name>
               </person-group>
               <issue>2</issue>
               <fpage>279</fpage>
               <volume>80</volume>
               <source>Journal of Experimental Psychology</source>
               <year>1969</year>
            </mixed-citation>
         </ref>
         <ref id="d24997e1184a1310">
            <mixed-citation id="d24997e1188" publication-type="journal">
Rossiter, John R. (1988), "The Increase in Magazine Readership,"
Journal of Advertising Research, 28 (October/November), 35-
39.<person-group>
                  <string-name>
                     <surname>Rossiter</surname>
                  </string-name>
               </person-group>
               <issue>October</issue>
               <fpage>35</fpage>
               <volume>28</volume>
               <source>Journal of Advertising Research</source>
               <year>1988</year>
            </mixed-citation>
         </ref>
         <ref id="d24997e1226a1310">
            <mixed-citation id="d24997e1230" publication-type="book">
— and Larry Percy (1978), "Visual Imaging Ability as
a Mediator of Advertising Response," in Advances in Con-
sumer Research, Vol. 5, H. Keith Hunt, ed., Ann Arbor, MI:
Association for Consumer Research, 621-629.<person-group>
                  <string-name>
                     <surname>Rossiter</surname>
                  </string-name>
               </person-group>
               <comment content-type="section">Visual Imaging Ability as a Mediator of Advertising Response</comment>
               <fpage>621</fpage>
               <volume>5</volume>
               <source>Advances in Consumer Research</source>
               <year>1978</year>
            </mixed-citation>
         </ref>
         <ref id="d24997e1271a1310">
            <mixed-citation id="d24997e1275" publication-type="journal">
and-(1980), "Attitude Change Through Vi-
sual Imagery in Advertising," Journal of Advertising, 9 (June),
10-16.<person-group>
                  <string-name>
                     <surname>Rossiter</surname>
                  </string-name>
               </person-group>
               <issue>June</issue>
               <fpage>10</fpage>
               <volume>9</volume>
               <source>Journal of Advertising</source>
               <year>1980</year>
            </mixed-citation>
         </ref>
         <ref id="d24997e1313a1310">
            <mixed-citation id="d24997e1317" publication-type="book">
— and- (1983), "Visual Communication in
Advertising," in Information Processing Research in Advertis-
ing, Richard J. Harris, ed., Hillsdale, NJ: Lawrence Erlbaum
Associates, 83-125.<person-group>
                  <string-name>
                     <surname>Rossiter</surname>
                  </string-name>
               </person-group>
               <comment content-type="section">Visual Communication in Advertising</comment>
               <fpage>83</fpage>
               <source>Information Processing Research in Advertising</source>
               <year>1983</year>
            </mixed-citation>
         </ref>
         <ref id="d24997e1355a1310">
            <mixed-citation id="d24997e1359" publication-type="journal">
Unnava, H. Rao and Robert E. Burnkrant (1991), "An Imagery-
Processing View of the Role of Pictures in Print Advertise-
ments," Journal of Marketing Research, 28 (May), 226-231.<object-id pub-id-type="doi">10.2307/3172811</object-id>
               <fpage>226</fpage>
            </mixed-citation>
         </ref>
         <ref id="d24997e1379a1310">
            <mixed-citation id="d24997e1383" publication-type="journal">
Wright, Peter and Peter C. Rip (1980), "Product Class Advertising
Effects on First-Time Buyers' Decision Strategies," Journal of
Consumer Research, 7 (September), 176-188.<object-id pub-id-type="jstor">10.2307/2489083</object-id>
               <fpage>176</fpage>
            </mixed-citation>
         </ref>
      </ref-list>
   </back>
</article>
