<article dtd-version="1.0" article-type="research-article">
   <front>
      <journal-meta>
         <journal-id xmlns:xlink="http://www.w3.org/1999/xlink" journal-id-type="jstor">jadve</journal-id>
         <journal-id xmlns:xlink="http://www.w3.org/1999/xlink" journal-id-type="jstor">j101355</journal-id>
         <journal-title-group xmlns:xlink="http://www.w3.org/1999/xlink">
            <journal-title>Journal of Advertising</journal-title>
         </journal-title-group>
         <publisher>
            <publisher-name>M. E. Sharpe, Inc.</publisher-name>
         </publisher>
         <issn xmlns:xlink="http://www.w3.org/1999/xlink" pub-type="ppub">00913367</issn>
         <issn xmlns:xlink="http://www.w3.org/1999/xlink" pub-type="epub">15577805</issn>
      </journal-meta>
      <article-meta>
         <article-id xmlns:xlink="http://www.w3.org/1999/xlink" pub-id-type="jstor">4622149</article-id>
         <title-group>
            <article-title>Exploring Collective Memories Associated with African-American Advertising Memorabilia: The Good, the Bad, and the Ugly</article-title>
         </title-group>
         <contrib-group>
            <contrib>
               <string-name xmlns:xlink="http://www.w3.org/1999/xlink">
                  <given-names>Carol M.</given-names>
                  <surname>Motley</surname>
               </string-name>
            </contrib>
            <contrib>
               <string-name>Geraldine R. Henderson</string-name>
            </contrib>
            <contrib>
               <string-name>Stacey Menzel Baker</string-name>
            </contrib>
         </contrib-group>
         <pub-date xmlns:xlink="http://www.w3.org/1999/xlink">
            <day>1</day>
            <month>4</month>
            <year>2003</year>
         </pub-date>
         <volume>32</volume>
         <issue>1</issue>
         <issue-id xmlns:xlink="http://www.w3.org/1999/xlink">i413073</issue-id>
         <fpage>47</fpage>
         <lpage>57</lpage>
         <page-range>47-57</page-range>
         <permissions>
            <copyright-statement>Copyright 2003 American Academy of Advertising</copyright-statement>
         </permissions>
         <self-uri xmlns:xlink="http://www.w3.org/1999/xlink"
                   xlink:href="http://www.jstor.org/stable/4622149"/>
         <abstract>
            <p>We examine consumers' memories of and meanings associated with stereotypical depictions of African Americans in advertisements and other marketing memorabilia. Although research has discussed the evolution of depictions of African Americans in advertisements over time, there is little academic literature addressing the meanings associated with these images. Our analysis suggests that collecting black memorabilia demonstrates a means of both self and collective recollection, with the meanings of the images/objects differing by individual and social group. These meanings are understood by exploring two secondary themes: the good, the bad, and the ugly but important and black marketing memorabilia as symbols and preservers of the past. Evident in this discussion is that people remember the past in the context of tangible evidence (e.g., promotional items, packaging). People remember the past the way they want and need to remember it, and even images perceived as bad or ugly are important in reconciling with and learning from the past.</p>
         </abstract>
         <custom-meta-group xmlns:xlink="http://www.w3.org/1999/xlink">
            <custom-meta>
               <meta-name>lang</meta-name>
               <meta-value>eng</meta-value>
            </custom-meta>
         </custom-meta-group>
      </article-meta>
   </front>
   <back>
      <ref-list>
         <title>References</title>
         <ref id="d1833e132a1310">
            <mixed-citation id="d1833e136" publication-type="journal">
Baker, Stacey Menzel, Susan Schultz Kleine, and Heather E.
Bowen (in press), "On the Symbolic Meaning of Souve-
nirs for Children," Research in Consumer Behavior, 10.<person-group>
                  <string-name xmlns:xlink="http://www.w3.org/1999/xlink">
                     <surname>Baker</surname>
                  </string-name>
               </person-group>
               <fpage>10</fpage>
               <source>Research in Consumer Behavior</source>
            </mixed-citation>
         </ref>
         <ref id="d1833e165a1310">
            <mixed-citation id="d1833e169" publication-type="book">
Baumgartner, Hans (1992), "Remembrance of Things Past:
Music, Autobiographical Memory, and Emotion," in Ad-
vances in Consumer Research, Vol. 9, John E Sherry Jr. and
Brian Sternthal, eds., Provo, UT: Association for Consumer
Research, 613-620.<person-group>
                  <string-name xmlns:xlink="http://www.w3.org/1999/xlink">
                     <surname>Baumgartner</surname>
                  </string-name>
               </person-group>
               <comment content-type="section">Remembrance of Things Past: Music, Autobiographical Memory, and Emotion</comment>
               <fpage>613</fpage>
               <volume>9</volume>
               <source>Advances in Consumer Research</source>
               <year>1992</year>
            </mixed-citation>
         </ref>
         <ref id="d1833e213a1310">
            <mixed-citation id="d1833e217" publication-type="journal">
Belk, Russell W. (1988), "Possessions and the Extended Self,"
Journalof Consumer Research, 15 (September), 139-168.<person-group>
                  <string-name xmlns:xlink="http://www.w3.org/1999/xlink">
                     <surname>Belk</surname>
                  </string-name>
               </person-group>
               <issue>September</issue>
               <fpage>139</fpage>
               <volume>15</volume>
               <source>Journalof Consumer Research</source>
               <year>1988</year>
            </mixed-citation>
         </ref>
         <ref id="d1833e252a1310">
            <mixed-citation id="d1833e256" publication-type="book">
---(1991), "Possessions and the Sense of Past," in High-
ways and Buyways: Naturalistic Research from the Consumer Be-
havior Odyssey, Russell W. Belk, ed., Provo, UT: Association
for Consumer Research, 114-130.<person-group>
                  <string-name xmlns:xlink="http://www.w3.org/1999/xlink">
                     <surname>Belk</surname>
                  </string-name>
               </person-group>
               <comment content-type="section">Possessions and the Sense of Past</comment>
               <fpage>114</fpage>
               <source>Highways and Buyways: Naturalistic Research from the Consumer Behavior Odyssey</source>
               <year>1991</year>
            </mixed-citation>
         </ref>
         <ref id="d1833e295a1310">
            <mixed-citation id="d1833e299" publication-type="journal">
---(1992), "Moving Possessions: An Analysis Based on
Personal Documents from the 1847-1869 Mormon Mi-
gration," Journal of Consumer Research, 19 (December), 339-
361.<object-id pub-id-type="jstor">10.2307/2489393</object-id>
               <fpage>339</fpage>
            </mixed-citation>
         </ref>
         <ref id="d1833e322a1310">
            <mixed-citation id="d1833e326" publication-type="book">
--- (1995), Collecting in a Consumer Culture, London: Routledge.<person-group>
                  <string-name xmlns:xlink="http://www.w3.org/1999/xlink">
                     <surname>Belk</surname>
                  </string-name>
               </person-group>
               <source>Collecting in a Consumer Culture</source>
               <year>1995</year>
            </mixed-citation>
         </ref>
         <ref id="d1833e348a1310">
            <mixed-citation id="d1833e352" publication-type="journal">
---, Melanie Wallendorf, and John E Sherry Jr. (1989),
"The Sacred and the Profane in Consumer Behavior:
Theodicy on the Odyssey," Journal of Consumer Research,
16 (June), 1-38.<object-id pub-id-type="jstor">10.2307/2489299</object-id>
               <fpage>1</fpage>
            </mixed-citation>
         </ref>
         <ref id="d1833e375a1310">
            <mixed-citation id="d1833e379" publication-type="book">
---, ---, ---, and Morris B. Holbrook (1991), "Col-
lecting in a Consumer Culture," in Highways and Buyways:
Naturalistic Researchfrom the Consumer Behavior Odyssey, Russell
W. Belk, ed., Provo, UT: Association for Consumer Re-
search, 178-215.<person-group>
                  <string-name xmlns:xlink="http://www.w3.org/1999/xlink">
                     <surname>Belk</surname>
                  </string-name>
               </person-group>
               <comment content-type="section">Collecting in a Consumer Culture</comment>
               <fpage>178</fpage>
               <source>Highways and Buyways: Naturalistic Researchfrom the Consumer Behavior Odyssey</source>
               <year>1991</year>
            </mixed-citation>
         </ref>
         <ref id="d1833e420a1310">
            <mixed-citation id="d1833e424" publication-type="book">
Csikzentmihalyi, Mihalyi, and Eugene Rochberg-Halton (1981),
The Meaning of Things, London: Cambridge University Press.<person-group>
                  <string-name xmlns:xlink="http://www.w3.org/1999/xlink">
                     <surname>Csikzentmihalyi</surname>
                  </string-name>
               </person-group>
               <source>The Meaning of Things</source>
               <year>1981</year>
            </mixed-citation>
         </ref>
         <ref id="d1833e449a1310">
            <mixed-citation id="d1833e453" publication-type="book">
Goings, Kenneth W. (1994), Mammy and Uncle Moses: Black Col-
lectibles and American Stereotyping, Bloomington and India-
napolis, IN: Indiana University Press.<person-group>
                  <string-name xmlns:xlink="http://www.w3.org/1999/xlink">
                     <surname>Goings</surname>
                  </string-name>
               </person-group>
               <source>Mammy and Uncle Moses: Black Collectibles and American Stereotyping</source>
               <year>1994</year>
            </mixed-citation>
         </ref>
         <ref id="d1833e483a1310">
            <mixed-citation id="d1833e487" publication-type="journal">
Grayson, Kent, and David Shulman (2000), "Indexicality and
the Verification Function of Irreplaceable Possessions: A
Semiotic Analysis," Journal of Consumer Research, 27 (June),
17-30.<object-id pub-id-type="jstor">10.2307/254362</object-id>
               <fpage>17</fpage>
            </mixed-citation>
         </ref>
         <ref id="d1833e510a1310">
            <mixed-citation id="d1833e514" publication-type="journal">
Hajda, Jan (1968), '"Ambivalence and Social Relations," Sociologi-
calFocus, 2 (Winter), 21-28.<person-group>
                  <string-name xmlns:xlink="http://www.w3.org/1999/xlink">
                     <surname>Hajda</surname>
                  </string-name>
               </person-group>
               <issue>Winter</issue>
               <fpage>21</fpage>
               <volume>2</volume>
               <source>SociologicalFocus</source>
               <year>1968</year>
            </mixed-citation>
         </ref>
         <ref id="d1833e549a1310">
            <mixed-citation id="d1833e553" publication-type="book">
Halbwachs, Maurice (1950/1992), On Collective Memory, Lewis A.
Coser, ed. and trans., Chicago: University of Chicago Press.<person-group>
                  <string-name xmlns:xlink="http://www.w3.org/1999/xlink">
                     <surname>Halbwachs</surname>
                  </string-name>
               </person-group>
               <source>On Collective Memory</source>
               <year>1950</year>
            </mixed-citation>
         </ref>
         <ref id="d1833e578a1310">
            <mixed-citation id="d1833e582" publication-type="journal">
Heng, Mary (1994), "Collectors Favor Black Memorabilia: Po-
litical Correctness No Longer an Issue," Omaha World-
Herald (October 19), 1.<person-group>
                  <string-name xmlns:xlink="http://www.w3.org/1999/xlink">
                     <surname>Heng</surname>
                  </string-name>
               </person-group>
               <issue>October 19</issue>
               <fpage>1</fpage>
               <source>Omaha WorldHerald</source>
               <year>1994</year>
            </mixed-citation>
         </ref>
         <ref id="d1833e617a1310">
            <mixed-citation id="d1833e621" publication-type="journal">
Holt, Douglas B. (1997), "Poststructuralist Lifestyle Analysis:
Conceptualizing the Social Patterning of Consumption in
Postmodernity," Journal of Consumer Research, 23 (March),
326-350.<object-id pub-id-type="jstor">10.2307/2489569</object-id>
               <fpage>326</fpage>
            </mixed-citation>
         </ref>
         <ref id="d1833e644a1310">
            <mixed-citation id="d1833e648" publication-type="journal">
Humphrey, Ronald, and Howard Schuman (1984), "The Por-
trayal of Blacks in Magazine Advertisements: 1950-1982,"
Public Opinion Quarterly, 48 (3), 551-563.<object-id pub-id-type="jstor">10.2307/2748943</object-id>
               <fpage>551</fpage>
            </mixed-citation>
         </ref>
         <ref id="d1833e668a1310">
            <mixed-citation id="d1833e672" publication-type="journal">
Kansteiner, Wolf (2002), "Finding Meaning in Memory: A Meth-
odological Critique of Collective Memory Studies," History
and Theory, 41 (2), 179-198.<object-id pub-id-type="jstor">10.2307/3590762</object-id>
               <fpage>179</fpage>
            </mixed-citation>
         </ref>
         <ref id="d1833e691a1310">
            <mixed-citation id="d1833e695" publication-type="book">
Kern-Foxworth, Marilyn (1994), AuntJemima, Uncle Ben and Rastus:
Blacks inAdvertising, Yesterday, Today and Tomorrow, Westport,
CT: Greenwood Press.<person-group>
                  <string-name xmlns:xlink="http://www.w3.org/1999/xlink">
                     <surname>Kern-Foxworth</surname>
                  </string-name>
               </person-group>
               <source>AuntJemima, Uncle Ben and Rastus: Blacks inAdvertising, Yesterday, Today and Tomorrow</source>
               <year>1994</year>
            </mixed-citation>
         </ref>
         <ref id="d1833e724a1310">
            <mixed-citation id="d1833e728" publication-type="journal">
Kleine, Susan Schultz, Robert E. Kleine III, and Chris T. Allen
(1995), "How Is a Possession 'Me' or 'Not Me'? Character-
izing Types and an Antecedent of Material Possession At-
tachment," Journal of Consumer Research, 22 (December),
327-343.<object-id pub-id-type="jstor">10.2307/2489618</object-id>
               <fpage>327</fpage>
            </mixed-citation>
         </ref>
         <ref id="d1833e754a1310">
            <mixed-citation id="d1833e758" publication-type="journal">
LaBranche, Anthony (1971), "Neglected and Unused Things:
Narrative Encounter," Review of Existential Psychology and
Psychiatry, 12 (2), 163-168.<person-group>
                  <string-name xmlns:xlink="http://www.w3.org/1999/xlink">
                     <surname>LaBranche</surname>
                  </string-name>
               </person-group>
               <issue>2</issue>
               <fpage>163</fpage>
               <volume>12</volume>
               <source>Review of Existential Psychology and Psychiatry</source>
               <year>1971</year>
            </mixed-citation>
         </ref>
         <ref id="d1833e796a1310">
            <mixed-citation id="d1833e800" publication-type="journal">
Lemons, J. Stanley (1977), "Black Stereotypes as Reflected in
Popular Culture, 1880-1920," American Quarterly, 29 (1),
102-116.<object-id pub-id-type="doi">10.2307/2712263</object-id>
               <fpage>102</fpage>
            </mixed-citation>
         </ref>
         <ref id="d1833e819a1310">
            <mixed-citation id="d1833e823" publication-type="book">
McCracken, Grant (1988), The Long Interview, Sage University
Paper Series on Qualitative Research Methods, Vol. 1,
Beverly Hills, CA: Sage.<person-group>
                  <string-name xmlns:xlink="http://www.w3.org/1999/xlink">
                     <surname>McCracken</surname>
                  </string-name>
               </person-group>
               <volume>1</volume>
               <source>The Long Interview</source>
               <year>1988</year>
            </mixed-citation>
         </ref>
         <ref id="d1833e856a1310">
            <mixed-citation id="d1833e860" publication-type="journal">
Morrison, Toni (1974), "Rediscovering Black History: It Is Like
Growing Up Black One More Time," The New York Times,
11 (August 14), 16.<person-group>
                  <string-name xmlns:xlink="http://www.w3.org/1999/xlink">
                     <surname>Morrison</surname>
                  </string-name>
               </person-group>
               <issue>August 14</issue>
               <fpage>16</fpage>
               <volume>11</volume>
               <source>The New York Times</source>
               <year>1974</year>
            </mixed-citation>
         </ref>
         <ref id="d1833e898a1310">
            <mixed-citation id="d1833e902" publication-type="journal">
O'Guinn, Thomas C., and L.J. Shrum (1997), "The Role of Tele-
vision in the Construction of Consumer Reality," Journal
of Consumer Research, 23 (March), 278-294.<object-id pub-id-type="jstor">10.2307/2489565</object-id>
               <fpage>278</fpage>
            </mixed-citation>
         </ref>
         <ref id="d1833e921a1310">
            <mixed-citation id="d1833e925" publication-type="journal">
Okleshen, Cara, Stacey Menzel Baker, and Robert A. Mittelstaedt
(2001), "Santa Claus Doesn't Just Deliver Toys: Advertising's
Commercialization of Collective Memory," Culture, Mar-
kets and Consumption, 4 (3), 207-240.<person-group>
                  <string-name xmlns:xlink="http://www.w3.org/1999/xlink">
                     <surname>Okleshen</surname>
                  </string-name>
               </person-group>
               <issue>3</issue>
               <fpage>207</fpage>
               <volume>4</volume>
               <source>Culture, Markets and Consumption</source>
               <year>2001</year>
            </mixed-citation>
         </ref>
         <ref id="d1833e966a1310">
            <mixed-citation id="d1833e970" publication-type="journal">
Otnes, Cele, Tina M. Lowrey, and L.J. Shrum (1997), "Toward
an Understanding of Consumer Ambivalence," Journal of
Consumer Research, 24 (June), 80-93.<object-id pub-id-type="jstor">10.2307/2489579</object-id>
               <fpage>80</fpage>
            </mixed-citation>
         </ref>
         <ref id="d1833e989a1310">
            <mixed-citation id="d1833e993" publication-type="book">
---, Julie Ruth, and Constance Milbourne (1994), "The Plea-
sure and Pain of Being Close: Men's Mixed Feelings About
Participation in Valentine's Day Gift Exchange," in Advances
in Consumer Research, Vol. 21, Chris Allen and Deborah
Roedder-John, eds., Provo, UT: Association for Consumer
Research, 159-164.<person-group>
                  <string-name xmlns:xlink="http://www.w3.org/1999/xlink">
                     <surname>Otnes</surname>
                  </string-name>
               </person-group>
               <comment content-type="section">The Pleasure and Pain of Being Close: Men's Mixed Feelings About Participation in Valentine's Day Gift Exchange</comment>
               <fpage>159</fpage>
               <volume>21</volume>
               <source>Advances in Consumer Research</source>
               <year>1994</year>
            </mixed-citation>
         </ref>
         <ref id="d1833e1041a1310">
            <mixed-citation id="d1833e1045" publication-type="journal">
Price, Linda L., Eric J. Arnould, and Carolyn Folkman Curasi
(2000), "Older Consumers' Disposition of Special Pos-
sessions," Journal of Consumer Research, 27 (September),
179-201.<object-id pub-id-type="jstor">10.2307/254311</object-id>
               <fpage>179</fpage>
            </mixed-citation>
         </ref>
         <ref id="d1833e1069a1310">
            <mixed-citation id="d1833e1073" publication-type="journal">
Priester, Joseph R., and Richard E. Petty (2001), "Extending
the Bases of Subjective Attitudinal Ambivalence: Inter-
personal and Intrapersonal Antecedents of Evaluative
Tension," Journal of Personality and Sodal Psychology, 80 (Janu-
ary), 19-34.<person-group>
                  <string-name xmlns:xlink="http://www.w3.org/1999/xlink">
                     <surname>Priester</surname>
                  </string-name>
               </person-group>
               <issue>January</issue>
               <fpage>19</fpage>
               <volume>80</volume>
               <source>Journal of Personality and Sodal Psychology</source>
               <year>2001</year>
            </mixed-citation>
         </ref>
         <ref id="d1833e1117a1310">
            <mixed-citation id="d1833e1121" publication-type="book">
Rheims, Maurice (1961), The Strange Life of Objects: 35 Centuries of
Art Collecting and Collectors, New York: Atheneum.<person-group>
                  <string-name xmlns:xlink="http://www.w3.org/1999/xlink">
                     <surname>Rheims</surname>
                  </string-name>
               </person-group>
               <source>The Strange Life of Objects: 35 Centuries of Art Collecting and Collectors</source>
               <year>1961</year>
            </mixed-citation>
         </ref>
         <ref id="d1833e1146a1310">
            <mixed-citation id="d1833e1150" publication-type="journal">
Richins, Marsha L. (1994), "Valuing Things: The Public and
Private Meanings of Possessions," Journal of Consumer Re-
search, 21 (December), 504-521.<object-id pub-id-type="jstor">10.2307/2489689</object-id>
               <fpage>504</fpage>
            </mixed-citation>
         </ref>
         <ref id="d1833e1169a1310">
            <mixed-citation id="d1833e1173" publication-type="journal">
Samu, Sridhar, H. Shanker Krishnan, and Robert E. Smith (1999),
"Using Advertising Alliances for New Product Introduction:
Interactions between Product Complementarity and Promo-
tional Strategies," Journal of Marketing, 63 (January), 57-74.<object-id pub-id-type="doi">10.2307/1252001</object-id>
               <fpage>57</fpage>
            </mixed-citation>
         </ref>
         <ref id="d1833e1196a1310">
            <mixed-citation id="d1833e1200" publication-type="journal">
Schwartz, Barry (1991a), "Social Change and Collective Memory:
The Democratization of George Washington," American
Sociological Review, 56 (April), 221-236.<object-id pub-id-type="doi">10.2307/2095781</object-id>
               <fpage>221</fpage>
            </mixed-citation>
         </ref>
         <ref id="d1833e1219a1310">
            <mixed-citation id="d1833e1223" publication-type="journal">
--- (1991b), "Iconography and Collective Memory: Lincoln's
Image in the American Mind," SociologicalQuarterly, 32 (3),
301-321.<person-group>
                  <string-name xmlns:xlink="http://www.w3.org/1999/xlink">
                     <surname>Schwartz</surname>
                  </string-name>
               </person-group>
               <issue>3</issue>
               <fpage>301</fpage>
               <volume>32</volume>
               <source>SociologicalQuarterly</source>
               <year>1991</year>
            </mixed-citation>
         </ref>
         <ref id="d1833e1262a1310">
            <mixed-citation id="d1833e1266" publication-type="journal">
--- (1997), "Collective Memory and History: How Abraham
Lincoln Became a Symbol of Racial Equality," Sociological
Quarterly, 38 (Summer), 469-496.<person-group>
                  <string-name xmlns:xlink="http://www.w3.org/1999/xlink">
                     <surname>Schwartz</surname>
                  </string-name>
               </person-group>
               <issue>Summer</issue>
               <fpage>469</fpage>
               <volume>38</volume>
               <source>Sociological Quarterly</source>
               <year>1997</year>
            </mixed-citation>
         </ref>
         <ref id="d1833e1304a1310">
            <mixed-citation id="d1833e1308" publication-type="journal">
Spiggle, Susan (1994), "Analysis and Interpretation of Qualita-
tive Data in Consumer Research," Journal of Consumer Re-
search, 21 (December), 491-503.<object-id pub-id-type="jstor">10.2307/2489688</object-id>
               <fpage>491</fpage>
            </mixed-citation>
         </ref>
         <ref id="d1833e1327a1310">
            <mixed-citation id="d1833e1331" publication-type="book">
Terdiman, Richard (1993), Present Past: Modernity and the Memory
Crisis, Ithaca, NY: Cornell University Press.<person-group>
                  <string-name xmlns:xlink="http://www.w3.org/1999/xlink">
                     <surname>Terdiman</surname>
                  </string-name>
               </person-group>
               <source>Present Past: Modernity and the Memory Crisis</source>
               <year>1993</year>
            </mixed-citation>
         </ref>
         <ref id="d1833e1356a1310">
            <mixed-citation id="d1833e1360" publication-type="journal">
Wallendorf, Melanie, and Eric J. Arnould (1991), "'We Gather
Together': Consumption Rituals of Thanksgiving Day,"
Journal of Consumer Research, 18 (June), 13-31.<object-id pub-id-type="jstor">10.2307/2489481</object-id>
               <fpage>13</fpage>
            </mixed-citation>
         </ref>
         <ref id="d1833e1379a1310">
            <mixed-citation id="d1833e1383" publication-type="book">
Wesley, Dorothy Porter (1990), "Black Antiquarians and Biblio-
philes Revisited, with a Glance at Today's Lovers of Books
and Memorabilia," in Black Bibliophiles and Collectors: Preserv-
ers of Black History, Elinor Des Verney Sinnette, W. Paul
Coates, and Thomas C. Battle, eds., Washington, DC:
Howard University Press, 3-22.<person-group>
                  <string-name xmlns:xlink="http://www.w3.org/1999/xlink">
                     <surname>Wesley</surname>
                  </string-name>
               </person-group>
               <comment content-type="section">Black Antiquarians and Bibliophiles Revisited, with a Glance at Today's Lovers of Books and Memorabilia</comment>
               <fpage>3</fpage>
               <source>Black Bibliophiles and Collectors: Preservers of Black History</source>
               <year>1990</year>
            </mixed-citation>
         </ref>
      </ref-list>
   </back>
</article>
