<article xmlns:xsi="http://www.w3.org/2001/XMLSchema-instance"
         xmlns:xlink="http://www.w3.org/1999/xlink"
         xmlns:mml="http://www.w3.org/1998/Math/MathML"
         dtd-version="1.0"
         article-type="research-article">
   <front>
      <journal-meta>
         <journal-id journal-id-type="jstor">jadve</journal-id>
         <journal-id journal-id-type="jstor">jadve</journal-id>
         <journal-id journal-id-type="jstor">j101355</journal-id>
         <journal-title-group>
            <journal-title>Journal of Advertising</journal-title>
         </journal-title-group>
         <publisher>
            <publisher-name>M. E. Sharpe, Inc.</publisher-name>
         </publisher>
         <issn pub-type="ppub">00913367</issn>
         <issn pub-type="epub">15577805</issn>
      </journal-meta>
      <article-meta>
         <article-id pub-id-type="jstor">4622158</article-id>
         <title-group>
            <article-title>On the Use of Time Expressions in Promoting Product Benefits: The Metaphoric and the Literal</article-title>
         </title-group>
         <contrib-group>
            <contrib contrib-type="author">
               <string-name>
                  <given-names>Nancy</given-names>
                  <surname>Spears</surname>
               </string-name>
            </contrib>
         </contrib-group>
         <pub-date>
            <day>1</day>
            <month>7</month>
            <year>2003</year>
         </pub-date>
         <volume>32</volume>
         <issue>2</issue>
         <issue-id>i413072</issue-id>
         <fpage>33</fpage>
         <lpage>44</lpage>
         <page-range>33-44</page-range>
         <permissions>
            <copyright-statement>Copyright 2003 American Academy of Advertising</copyright-statement>
         </permissions>
         <self-uri xlink:href="http://www.jstor.org/stable/4622158"/>
         <abstract>
            <p>The purpose of this study is to investigate how the theme of time is used to advertise product benefits by providing a framework that integrates literal expression and relational/nominative, dead/alive metaphors. The model proposes that the linguistic field is composed of metaphoric and literal words that express wider or narrower ranges of inferences and implications. These words are linked to product benefits with differing ranges of implications and then communicated to consumers. A content analysis of 382 print ads tests the model by examining (1) metaphoric versus literal time expressions in conveying functional versus psychosocial benefits and (2) dead versus alive and relational versus nominative time metaphors in conveying functional versus psychosocial benefits. The findings suggest that advertisers use proportionately more psychosocial than functional benefits with metaphoric time expressions, whereas proportionately more functional benefits are likely to be associated with literal expressions. Proportionately more psychosocial rather than functional benefits are associated with relational/alive metaphors, and more functional than psychosocial benefits are associated with nominative/dead metaphors. Finally, guidelines are offered for the use of time metaphors in conveying product benefits.</p>
         </abstract>
         <custom-meta-group>
            <custom-meta>
               <meta-name>lang</meta-name>
               <meta-value>eng</meta-value>
            </custom-meta>
         </custom-meta-group>
      </article-meta>
   </front>
   <back>
      <ref-list>
         <title>References</title>
         <ref id="d22480e179a1310">
            <mixed-citation id="d22480e183" publication-type="journal">
Anand, Puman, and Brian Sternthal (1990), "Ease of Message
Processing as a Moderator of Repetition Effects in Adver-
tising," Journal of Marketing Research, 27 (August), 345-
353.<object-id pub-id-type="doi">10.2307/3172591</object-id>
               <fpage>345</fpage>
            </mixed-citation>
         </ref>
         <ref id="d22480e206a1310">
            <mixed-citation id="d22480e210" publication-type="journal">
Arndt, Johan (1985), "On Making Marketing Science More Sci-
entific: Role of Orientations, Paradigms, Metaphors, and
Puzzle Solving," Journal of Marketing, 49 (Summer), 11-
23.<object-id pub-id-type="doi">10.2307/1251612</object-id>
               <fpage>11</fpage>
            </mixed-citation>
         </ref>
         <ref id="d22480e233a1310">
            <mixed-citation id="d22480e237" publication-type="book">
Benjamin, Cornelius (1966), "Ideas of Time in the History of
Philosophy," in The Voices of Time, J. T. Fraser, ed., New
York: Braziller, 3-30.<person-group>
                  <string-name>
                     <surname>Benjamin</surname>
                  </string-name>
               </person-group>
               <comment content-type="section">Ideas of Time in the History of Philosophy</comment>
               <fpage>3</fpage>
               <source>The Voices of Time</source>
               <year>1966</year>
            </mixed-citation>
         </ref>
         <ref id="d22480e272a1310">
            <mixed-citation id="d22480e276" publication-type="journal">
Bergada, Michelle M. (1990), "The Role of Time in the Action
of the Consumer," Journal of Consumer Research, 17 (Decem-
ber), 289-302.<object-id pub-id-type="jstor">10.2307/2626796</object-id>
               <fpage>289</fpage>
            </mixed-citation>
         </ref>
         <ref id="d22480e296a1310">
            <mixed-citation id="d22480e300" publication-type="book">
Black, Max (1962), Models and Metaphors, Ithaca: Cornell Uni-
versity Press.<person-group>
                  <string-name>
                     <surname>Black</surname>
                  </string-name>
               </person-group>
               <source>Models and Metaphors</source>
               <year>1962</year>
            </mixed-citation>
         </ref>
         <ref id="d22480e325a1310">
            <mixed-citation id="d22480e329" publication-type="book">
Booth, Wayne C. (1979a), "Metaphor as Rhetoric: The Problem
of Evaluation," in On Metaphor, Sheldon Sacks, ed., Chi-
cago: University of Chicago Press, 47-70.<person-group>
                  <string-name>
                     <surname>Booth</surname>
                  </string-name>
               </person-group>
               <comment content-type="section">Metaphor as Rhetoric: The Problem of Evaluation</comment>
               <fpage>47</fpage>
               <source>On Metaphor</source>
               <year>1979</year>
            </mixed-citation>
         </ref>
         <ref id="d22480e364a1310">
            <mixed-citation id="d22480e368" publication-type="book">
--- (1979b), "Ten Literal 'Theses,'" in On Metaphor, Sheldon
Sacks, ed., Chicago: University of Chicago Press, 173-174.<person-group>
                  <string-name>
                     <surname>Booth</surname>
                  </string-name>
               </person-group>
               <comment content-type="section">Ten Literal 'Theses</comment>
               <fpage>173</fpage>
               <source>On Metaphor</source>
               <year>1979</year>
            </mixed-citation>
         </ref>
         <ref id="d22480e400a1310">
            <mixed-citation id="d22480e404" publication-type="book">
Brooks, Cleanth, and Robert Warren (1960), Understanding Po-
etry, 3d ed., New York: Holt, Rinehart, and Winston.<person-group>
                  <string-name>
                     <surname>Brooks</surname>
                  </string-name>
               </person-group>
               <edition>3</edition>
               <source>Understanding Poetry</source>
               <year>1960</year>
            </mixed-citation>
         </ref>
         <ref id="d22480e433a1310">
            <mixed-citation id="d22480e437" publication-type="book">
Cacciari, Cristina (1998), "Why Do We Speak Metaphorically?
Reflections on the Functions of Metaphor in Discourse and
Reasoning," in Figurative Language and Thought, New York:
Oxford University Press, 119-157.<person-group>
                  <string-name>
                     <surname>Cacciari</surname>
                  </string-name>
               </person-group>
               <comment content-type="section">Why Do We Speak Metaphorically? Reflections on the Functions of Metaphor in Discourse and Reasoning</comment>
               <fpage>119</fpage>
               <source>Figurative Language and Thought</source>
               <year>1998</year>
            </mixed-citation>
         </ref>
         <ref id="d22480e475a1310">
            <mixed-citation id="d22480e479" publication-type="book">
Christie, John R. R. (1987), "Introduction: Rhetoric and Writ-
ing in Early Modern Philosophy and Science," in The Fig-
ural and the Literal: Problems of Language in the History of
Science and Philosophy, 1630-1800, Andrew E. Benjamin,
Geoffrey N. Cantor, and John R. R. Christie, eds., Manches-
ter: Manchester University Press, 1-9.<person-group>
                  <string-name>
                     <surname>Christie</surname>
                  </string-name>
               </person-group>
               <comment content-type="section">Introduction: Rhetoric and Writing in Early Modern Philosophy and Science</comment>
               <fpage>1</fpage>
               <source>The Figural and the Literal: Problems of Language in the History of Science and Philosophy, 1630-1800</source>
               <year>1987</year>
            </mixed-citation>
         </ref>
         <ref id="d22480e524a1310">
            <mixed-citation id="d22480e528" publication-type="book">
Ciardi, John (1959), How Does a Poem Mean? Boston: Houghton
Mifflin.<person-group>
                  <string-name>
                     <surname>Ciardi</surname>
                  </string-name>
               </person-group>
               <source>How Does a Poem Mean?</source>
               <year>1959</year>
            </mixed-citation>
         </ref>
         <ref id="d22480e553a1310">
            <mixed-citation id="d22480e557" publication-type="book">
Clark, H. H. (1973), "Space, Time, Semantics and the Child," in
Cognitive Development and the Acquisition of Language, T. E.
Moore, ed., New York: Academic Press, 27-64.<person-group>
                  <string-name>
                     <surname>Clark</surname>
                  </string-name>
               </person-group>
               <comment content-type="section">Space, Time, Semantics and the Child</comment>
               <fpage>27</fpage>
               <source>Cognitive Development and the Acquisition of Language</source>
               <year>1973</year>
            </mixed-citation>
         </ref>
         <ref id="d22480e592a1310">
            <mixed-citation id="d22480e596" publication-type="book">
Cook, Guy (1992), The Discourse of Advertising, London and New
York: Routledge.<person-group>
                  <string-name>
                     <surname>Cook</surname>
                  </string-name>
               </person-group>
               <source>The Discourse of Advertising</source>
               <year>1992</year>
            </mixed-citation>
         </ref>
         <ref id="d22480e621a1310">
            <mixed-citation id="d22480e625" publication-type="journal">
Crossen, Cynthia (2000), "Analogize This," Wall Street Journal
(August 22), A1, A10.<person-group>
                  <string-name>
                     <surname>Crossen</surname>
                  </string-name>
               </person-group>
               <issue>August 22</issue>
               <fpage>A1</fpage>
               <source>Wall Street Journal</source>
               <year>2000</year>
            </mixed-citation>
         </ref>
         <ref id="d22480e657a1310">
            <mixed-citation id="d22480e661" publication-type="book">
Doob, Leonard W. (1971), Patterning of Time, New Haven and
London: Yale University Press.<person-group>
                  <string-name>
                     <surname>Doob</surname>
                  </string-name>
               </person-group>
               <source>Patterning of Time</source>
               <year>1971</year>
            </mixed-citation>
         </ref>
         <ref id="d22480e686a1310">
            <mixed-citation id="d22480e690" publication-type="journal">
Feldman, Laurence P., and Jacob Hornik (1981), "The Use of
Time: An Integrated Conceptual Model," Journal of Con-
sumer Research, 7 (March), 407-419.<object-id pub-id-type="jstor">10.2307/2488695</object-id>
               <fpage>407</fpage>
            </mixed-citation>
         </ref>
         <ref id="d22480e710a1310">
            <mixed-citation id="d22480e714" publication-type="book">
Frye, Northrop, Sheridan Baker, and George Perkins (1985), The
Harper Handbook to Literature, New York: Harper and Row.<person-group>
                  <string-name>
                     <surname>Frye</surname>
                  </string-name>
               </person-group>
               <source>The Harper Handbook to Literature</source>
               <year>1985</year>
            </mixed-citation>
         </ref>
         <ref id="d22480e739a1310">
            <mixed-citation id="d22480e743" publication-type="journal">
Glucksberg, S., P. Gildea, and H. Bookin (1982), "On Under-
standing Nonliteral Speech: Can People Ignore Metaphors,"
Journal of Verbal Learning and Verbal Behavior, 21, 85-98.<person-group>
                  <string-name>
                     <surname>Glucksberg</surname>
                  </string-name>
               </person-group>
               <fpage>85</fpage>
               <volume>21</volume>
               <source>Journal of Verbal Learning and Verbal Behavior</source>
               <year>1982</year>
            </mixed-citation>
         </ref>
         <ref id="d22480e778a1310">
            <mixed-citation id="d22480e782" publication-type="journal">
---, and Boaz Keysar (1990), "Understanding Metaphori-
cal Comparisons: Beyond Similarity," Psychological Review,
97 (1), 3-18.<person-group>
                  <string-name>
                     <surname>Glucksberg</surname>
                  </string-name>
               </person-group>
               <issue>1</issue>
               <fpage>3</fpage>
               <volume>97</volume>
               <source>Psychological Review</source>
               <year>1990</year>
            </mixed-citation>
         </ref>
         <ref id="d22480e820a1310">
            <mixed-citation id="d22480e824" publication-type="book">
Gombrich, E. H. (1972), Symbolic Images: Studies in the Art of the
Renaissance, London: Phaidon.<person-group>
                  <string-name>
                     <surname>Gombrich</surname>
                  </string-name>
               </person-group>
               <source>Symbolic Images: Studies in the Art of the Renaissance</source>
               <year>1972</year>
            </mixed-citation>
         </ref>
         <ref id="d22480e849a1310">
            <mixed-citation id="d22480e853" publication-type="journal">
Graham, Robert J. (1981), "The Role of Perception of Time in
Consumer Research," Journal of Consumer Research, 7 (March),
335-342.<object-id pub-id-type="jstor">10.2307/2488687</object-id>
               <fpage>335</fpage>
            </mixed-citation>
         </ref>
         <ref id="d22480e872a1310">
            <mixed-citation id="d22480e876" publication-type="journal">
Greenleaf, Eric A., and Donald R. Lehmann (1995), "Reasons
for Substantial Delay in Consumer Decision Making," Jour-
nal of Consumer Research, 22 (September), 186-199.<object-id pub-id-type="jstor">10.2307/2489811</object-id>
               <fpage>186</fpage>
            </mixed-citation>
         </ref>
         <ref id="d22480e896a1310">
            <mixed-citation id="d22480e900" publication-type="book">
Grice, H. P. (1975), "Logic and Conversation," in Syntax and
Semantics: Speech Acts, vol. 3, P. Cole and J. L. Morgan, eds.,
New York: Academic, 41-58.<person-group>
                  <string-name>
                     <surname>Grice</surname>
                  </string-name>
               </person-group>
               <comment content-type="section">Logic and Conversation</comment>
               <fpage>41</fpage>
               <volume>3</volume>
               <source>Syntax and Semantics: Speech Acts</source>
               <year>1975</year>
            </mixed-citation>
         </ref>
         <ref id="d22480e938a1310">
            <mixed-citation id="d22480e942" publication-type="book">
---(1989), Studies in the Way of Words, Cambridge: Harvard
University Press.<person-group>
                  <string-name>
                     <surname>Grice</surname>
                  </string-name>
               </person-group>
               <source>Studies in the Way of Words</source>
               <year>1989</year>
            </mixed-citation>
         </ref>
         <ref id="d22480e967a1310">
            <mixed-citation id="d22480e971" publication-type="journal">
Gross, Barbara L. (1987), "Time Scarcity: Interdisciplinary Per-
spectives and Implications for Consumer Behavior," Research
in Consumer Behavior, 2, 1-54.<person-group>
                  <string-name>
                     <surname>Gross</surname>
                  </string-name>
               </person-group>
               <fpage>1</fpage>
               <volume>2</volume>
               <source>Research in Consumer Behavior</source>
               <year>1987</year>
            </mixed-citation>
         </ref>
         <ref id="d22480e1006a1310">
            <mixed-citation id="d22480e1010" publication-type="journal">
---, and Jagdish N. Sheth (1989), "Time-Oriented Advertis-
ing: A Content Analysis of United States Magazine Advertis-
ing, 1890-1988," Journal of Marketing, 53 (October), 76-83.<object-id pub-id-type="doi">10.2307/1251381</object-id>
               <fpage>76</fpage>
            </mixed-citation>
         </ref>
         <ref id="d22480e1029a1310">
            <mixed-citation id="d22480e1033" publication-type="journal">
Guy, Bonnie S., Terrie L. Rittenburg, and Douglass K. Hawes
(1994), "Dimensions and Characteristics of Time Percep-
tions Among Older Consumers," Psychology and Marketing,
11 (January/February), 35-56.<person-group>
                  <string-name>
                     <surname>Guy</surname>
                  </string-name>
               </person-group>
               <issue>January</issue>
               <fpage>35</fpage>
               <volume>11</volume>
               <source>Psychology and Marketing</source>
               <year>1994</year>
            </mixed-citation>
         </ref>
         <ref id="d22480e1074a1310">
            <mixed-citation id="d22480e1078" publication-type="book">
Hawkes, Terence (1972), Metaphor, London: Methuen.<person-group>
                  <string-name>
                     <surname>Hawkes</surname>
                  </string-name>
               </person-group>
               <source>Metaphor</source>
               <year>1972</year>
            </mixed-citation>
         </ref>
         <ref id="d22480e1101a1310">
            <mixed-citation id="d22480e1105" publication-type="book">
Heider, F. (1958), The Psychology of Interpersonal Relations, New
York: Wiley.<person-group>
                  <string-name>
                     <surname>Heider</surname>
                  </string-name>
               </person-group>
               <source>The Psychology of Interpersonal Relations</source>
               <year>1958</year>
            </mixed-citation>
         </ref>
         <ref id="d22480e1130a1310">
            <mixed-citation id="d22480e1134" publication-type="book">
Hitchon, Jacqueline (1991), "Effects of Metaphorical vs. Literal
Headlines on Advertising Persuasion," in Advances in Con-
sumer Research, vol. 18, Rebecca H. Holman and Michael
Solomon, eds., Provo, UT: Association for Consumer Re-
search, 752-753.<person-group>
                  <string-name>
                     <surname>Hitchon</surname>
                  </string-name>
               </person-group>
               <comment content-type="section">Effects of Metaphorical vs. Literal Headlines on Advertising Persuasion</comment>
               <fpage>752</fpage>
               <volume>18</volume>
               <source>Advances in Consumer Research</source>
               <year>1991</year>
            </mixed-citation>
         </ref>
         <ref id="d22480e1178a1310">
            <mixed-citation id="d22480e1182" publication-type="journal">
Holbrook, Morris B., and Elizabeth C. Hirschman (1982), "The
Experiential Aspects of Consumption: Consumer Fantasies,
Feelings, and Fun," Journal of Consumer Research, 9 (Septem-
ber), 132-140.<object-id pub-id-type="jstor">10.2307/2489122</object-id>
               <fpage>132</fpage>
            </mixed-citation>
         </ref>
         <ref id="d22480e1205a1310">
            <mixed-citation id="d22480e1209" publication-type="journal">
---, and Donald R. Lehmann (1981), "Allocating Discre-
tionary Time: Complementarity Among Activities," Jour-
nal of Consumer Research, 7 (March), 395-406.<object-id pub-id-type="jstor">10.2307/2488694</object-id>
               <fpage>395</fpage>
            </mixed-citation>
         </ref>
         <ref id="d22480e1228a1310">
            <mixed-citation id="d22480e1232" publication-type="journal">
Hornik, Jacob (1988), "Diurnal Variation in Consumer Re-
sponses," Journal of Consumer Research, 14 (March), 588-591.<object-id pub-id-type="jstor">10.2307/2489164</object-id>
               <fpage>588</fpage>
            </mixed-citation>
         </ref>
         <ref id="d22480e1248a1310">
            <mixed-citation id="d22480e1252" publication-type="book">
Howard, John A., and Jagdish N. Sheth (1969), The Theory of
Buyer Behavior, New York: Wiley.<person-group>
                  <string-name>
                     <surname>Howard</surname>
                  </string-name>
               </person-group>
               <source>The Theory of Buyer Behavior</source>
               <year>1969</year>
            </mixed-citation>
         </ref>
         <ref id="d22480e1278a1310">
            <mixed-citation id="d22480e1282" publication-type="journal">
Hunt, Shelby D., and Anil Menon (1995), "Metaphors and Com-
petitive Advantage: Evaluating the Use of Metaphors in
Theories of Competitive Strategy," Journal of Business Re-
search, 33, 81-90.<person-group>
                  <string-name>
                     <surname>Hunt</surname>
                  </string-name>
               </person-group>
               <fpage>81</fpage>
               <volume>33</volume>
               <source>Journal of Business Research</source>
               <year>1995</year>
            </mixed-citation>
         </ref>
         <ref id="d22480e1320a1310">
            <mixed-citation id="d22480e1324" publication-type="journal">
Jacoby, Jacob, George J. Szybillo, and Carol Kohn Berning (1976),
"Time and Consumer Behavior: An Interdisciplinary Over-
view," Journal of Consumer Research, 2 (March), 320-339.<object-id pub-id-type="jstor">10.2307/2488660</object-id>
               <fpage>320</fpage>
            </mixed-citation>
         </ref>
         <ref id="d22480e1343a1310">
            <mixed-citation id="d22480e1347" publication-type="journal">
Janus, R., and T. Bever (1985), "Processing of Metaphoric Lan-
guage: An Investigation of the Three Stages of Metaphoric
Comprehension," Journal of Psycholinguistic Research, 14 (5),
473-487.<person-group>
                  <string-name>
                     <surname>Janus</surname>
                  </string-name>
               </person-group>
               <issue>5</issue>
               <fpage>473</fpage>
               <volume>14</volume>
               <source>Journal of Psycholinguistic Research</source>
               <year>1985</year>
            </mixed-citation>
         </ref>
         <ref id="d22480e1388a1310">
            <mixed-citation id="d22480e1392" publication-type="journal">
Johar, J. S., and M. J. Sirgy (1991), "Value-Expressive Versus
Utilitarian Advertising Appeals: When and Why to Use
Which Appeal," Journal of Advertising, 20 (September),
23-34.<person-group>
                  <string-name>
                     <surname>Johar</surname>
                  </string-name>
               </person-group>
               <issue>September</issue>
               <fpage>23</fpage>
               <volume>20</volume>
               <source>Journal of Advertising</source>
               <year>1991</year>
            </mixed-citation>
         </ref>
         <ref id="d22480e1433a1310">
            <mixed-citation id="d22480e1437" publication-type="book">
Juhasz, Suzanne (1974), Metaphor and the Poetry of Williams, Pound,
and Stevens, Lewisburg: Bucknell University Press.<person-group>
                  <string-name>
                     <surname>Juhasz</surname>
                  </string-name>
               </person-group>
               <source>Metaphor and the Poetry of Williams, Pound, and Stevens</source>
               <year>1974</year>
            </mixed-citation>
         </ref>
         <ref id="d22480e1462a1310">
            <mixed-citation id="d22480e1466" publication-type="journal">
Kassarjian, Harold H. (1977), "Content Analysis in Consumer
Research," Journal of Consumer Research, 4 (June), 8-18.<object-id pub-id-type="jstor">10.2307/2488631</object-id>
               <fpage>8</fpage>
            </mixed-citation>
         </ref>
         <ref id="d22480e1483a1310">
            <mixed-citation id="d22480e1487" publication-type="journal">
Katz, Albert N., Allan Paivio, and Marc Marschark (1985), "Po-
etic Comparisons: Psychological Dimensions of Metaphoric
Processing," Journal of Psycholinguistic Research, 14 (4), 365-
383.<person-group>
                  <string-name>
                     <surname>Katz</surname>
                  </string-name>
               </person-group>
               <issue>4</issue>
               <fpage>365</fpage>
               <volume>14</volume>
               <source>Journal of Psycholinguistic Research</source>
               <year>1985</year>
            </mixed-citation>
         </ref>
         <ref id="d22480e1528a1310">
            <mixed-citation id="d22480e1532" publication-type="book">
---, Mark Turner, Raymond W. Gibbs, Jr., and Cristina
Cacciari (1998), "Counterpoint Commentary," in Figura-
tive Language and Thought, Albert N. Katz, Cristina Cacciari,
Raymond W. Gibbs, Jr., and Mark Turner, eds., New York:
Oxford University Press, 158-188.<person-group>
                  <string-name>
                     <surname>Katz</surname>
                  </string-name>
               </person-group>
               <comment content-type="section">Counterpoint Commentary</comment>
               <fpage>158</fpage>
               <source>Figurative Language and Thought</source>
               <year>1998</year>
            </mixed-citation>
         </ref>
         <ref id="d22480e1573a1310">
            <mixed-citation id="d22480e1577" publication-type="journal">
Koble, Richard H., and Melissa S. Burnett (1991), "Content-
Analysis Research: An Examination of Applications with
Directives for Improving Research Reliability and Objec-
tivity," Journal of Consumer Research, 4 (June), 8-18.<person-group>
                  <string-name>
                     <surname>Koble</surname>
                  </string-name>
               </person-group>
               <issue>June</issue>
               <fpage>8</fpage>
               <volume>4</volume>
               <source>Journal of Consumer Research</source>
               <year>1991</year>
            </mixed-citation>
         </ref>
         <ref id="d22480e1618a1310">
            <mixed-citation id="d22480e1622" publication-type="book">
Kummel, Friedrich (1966), "Time as Succession and the Problem
of Duration," in The Voices of Time, J. T. Fraser, ed., Francesco
Gaona, trans., New York: George Braziller, 31-55.<person-group>
                  <string-name>
                     <surname>Kummel</surname>
                  </string-name>
               </person-group>
               <comment content-type="section">Time as Succession and the Problem of Duration</comment>
               <fpage>31</fpage>
               <source>The Voices of Time</source>
               <year>1966</year>
            </mixed-citation>
         </ref>
         <ref id="d22480e1657a1310">
            <mixed-citation id="d22480e1661" publication-type="journal">
Leclerc, France, Bernd H. Schmitt, and Laurette Dub (1995),
"Waiting Time and Decision Making: Is Time Like Money?"
Journal of Consumer Research, 22 (June), 110-119.<object-id pub-id-type="jstor">10.2307/2489704</object-id>
               <fpage>110</fpage>
            </mixed-citation>
         </ref>
         <ref id="d22480e1680a1310">
            <mixed-citation id="d22480e1684" publication-type="journal">
Leigh, James H. (1994), "The Use of Figures of Speech in Print
Ad Headlines," Journal of Advertising, 23 (June), 17-34.<person-group>
                  <string-name>
                     <surname>Leigh</surname>
                  </string-name>
               </person-group>
               <issue>June</issue>
               <fpage>17</fpage>
               <volume>23</volume>
               <source>Journal of Advertising</source>
               <year>1994</year>
            </mixed-citation>
         </ref>
         <ref id="d22480e1720a1310">
            <mixed-citation id="d22480e1724" publication-type="journal">
Marschark, Marc, Albert N. Katz, and Allan Paivio (1983), "Di-
mensions of Metaphor," Journal of Psycholinguistic Research,
12 (1), 17-40.<person-group>
                  <string-name>
                     <surname>Marschark</surname>
                  </string-name>
               </person-group>
               <issue>1</issue>
               <fpage>17</fpage>
               <volume>12</volume>
               <source>Journal of Psycholinguistic Research</source>
               <year>1983</year>
            </mixed-citation>
         </ref>
         <ref id="d22480e1762a1310">
            <mixed-citation id="d22480e1766" publication-type="journal">
McGuire, William J. (2000), "Standing on the Shoulders of
Ancients: Consumer Research, Persuasion, and Figurative
Language," Journal of Consumer Research, 27 (June), 109-
114.<object-id pub-id-type="jstor">10.2307/254368</object-id>
               <fpage>109</fpage>
            </mixed-citation>
         </ref>
         <ref id="d22480e1789a1310">
            <mixed-citation id="d22480e1793" publication-type="journal">
McQuarrie, Edward F., and David Glen Mick (1992), "On Reso-
nance: A Critical Pluralistic Inquiry into Advertising Rheto-
ric," Journal of Consumer Research, 19 (September), 180-197.<object-id pub-id-type="jstor">10.2307/2489327</object-id>
               <fpage>180</fpage>
            </mixed-citation>
         </ref>
         <ref id="d22480e1812a1310">
            <mixed-citation id="d22480e1816" publication-type="book">
---, and --- (1993), "Reflections on Classical Rheto-
ric and the Incidence of Figures of Speech in Contempo-
rary Magazine Advertisements," in Advances in Consumer
Research, vol. 20, Leigh McAlister and Michael L.
Rothschild, eds., Provo, UT: Association for Consumer
Research, 309-313.<person-group>
                  <string-name>
                     <surname>McQuarrie</surname>
                  </string-name>
               </person-group>
               <comment content-type="section">Reflections on Classical Rhetoric and the Incidence of Figures of Speech in Contemporary Magazine Advertisements</comment>
               <fpage>309</fpage>
               <volume>20</volume>
               <source>Advances in Consumer Research</source>
               <year>1993</year>
            </mixed-citation>
         </ref>
         <ref id="d22480e1864a1310">
            <mixed-citation id="d22480e1868" publication-type="journal">
---, and --- (1996), "Figures of Rhetoric in Advertis-
ing Language," Journal of Consumer Research, 22 (March),
424-438.<object-id pub-id-type="jstor">10.2307/2489791</object-id>
               <fpage>424</fpage>
            </mixed-citation>
         </ref>
         <ref id="d22480e1887a1310">
            <mixed-citation id="d22480e1891" publication-type="journal">
---, and --- (1999), "Visual Rhetoric in Advertising:
Text-Interpretive, Experimental, and Reader-Response
Analyses," Journal of Consumer Research, 26 (June), 37-54.<object-id pub-id-type="jstor">10.2307/2489780</object-id>
               <fpage>37</fpage>
            </mixed-citation>
         </ref>
         <ref id="d22480e1911a1310">
            <mixed-citation id="d22480e1915" publication-type="journal">
Mowen, John C. (1980), "On Product Endorser Effectiveness: A
Balanced Model Approach," Current Issues and Research in
Advertising 1980, 3 (1), 41-57.<person-group>
                  <string-name>
                     <surname>Mowen</surname>
                  </string-name>
               </person-group>
               <issue>1</issue>
               <fpage>41</fpage>
               <volume>3</volume>
               <source>Current Issues and Research in Advertising</source>
               <year>1980</year>
            </mixed-citation>
         </ref>
         <ref id="d22480e1953a1310">
            <mixed-citation id="d22480e1957" publication-type="journal">
---, and Maryanne M. Mowen (1991), "Time and Outcome
Valuation: Implications for Marketing Decision Making,"
Journal of Marketing, 55 (October), 54-62.<object-id pub-id-type="doi">10.2307/1251956</object-id>
               <fpage>54</fpage>
            </mixed-citation>
         </ref>
         <ref id="d22480e1976a1310">
            <mixed-citation id="d22480e1980" publication-type="journal">
Myers-Levy, Joan, and Durairaj Maheswaran (1992), "When Tim-
ing Matters: The Influence of Temporal Distance on Con-
sumers' Affective and Persuasive Responses," Journal of Consumer
Research, 19 (December), 424-433.<object-id pub-id-type="jstor">10.2307/2489399</object-id>
               <fpage>424</fpage>
            </mixed-citation>
         </ref>
         <ref id="d22480e2003a1310">
            <mixed-citation id="d22480e2007" publication-type="journal">
Nelson, Michelle R., and Jacqueline C. Hitchon (1995), "Theory
of Synesthesia Applied to Persuasion in Print Advertising
Headlines," Journalism and Mass Communication Quarterly,
72 (Summer), 346-360.<person-group>
                  <string-name>
                     <surname>Nelson</surname>
                  </string-name>
               </person-group>
               <issue>Summer</issue>
               <fpage>346</fpage>
               <volume>72</volume>
               <source>Journalism and Mass Communication Quarterly</source>
               <year>1995</year>
            </mixed-citation>
         </ref>
         <ref id="d22480e2048a1310">
            <mixed-citation id="d22480e2052" publication-type="journal">
Ortony, A. (1975), "Why Metaphors Are Necessary and Not Just
Nice," Educational Theory, 25, 45-53.<person-group>
                  <string-name>
                     <surname>Ortony</surname>
                  </string-name>
               </person-group>
               <fpage>45</fpage>
               <volume>25</volume>
               <source>Educational Theory</source>
               <year>1975</year>
            </mixed-citation>
         </ref>
         <ref id="d22480e2084a1310">
            <mixed-citation id="d22480e2088" publication-type="book">
--- (1979), "Metaphor: A Multidimensional Problem," in
Metaphor and Thought, Andrew Ortony, ed., Cambridge:
Cambridge University Press, 1-16.<person-group>
                  <string-name>
                     <surname>Ortony</surname>
                  </string-name>
               </person-group>
               <comment content-type="section">Metaphor: A Multidimensional Problem</comment>
               <fpage>1</fpage>
               <source>Metaphor and Thought</source>
               <year>1979</year>
            </mixed-citation>
         </ref>
         <ref id="d22480e2124a1310">
            <mixed-citation id="d22480e2128" publication-type="journal">
---, A. D. Schallert, R. Reynolds, and S. Antos (1978), "In-
terpreting Metaphors and Idioms: Some Effects of Context
on Comprehension," Journal of Verbal Learning and Verbal
Behavior, 17, 465-478.<person-group>
                  <string-name>
                     <surname>Ortony</surname>
                  </string-name>
               </person-group>
               <fpage>465</fpage>
               <volume>17</volume>
               <source>Journal of Verbal Learning and Verbal Behavior</source>
               <year>1978</year>
            </mixed-citation>
         </ref>
         <ref id="d22480e2166a1310">
            <mixed-citation id="d22480e2170" publication-type="book">
Paivio, Allan (1979), "Psychological Processes in the Compre-
hension of Metaphor," in Metaphor and Thought, Andrew
Ortony, ed., Cambridge: Cambridge University Press, 150-
171.<person-group>
                  <string-name>
                     <surname>Paivio</surname>
                  </string-name>
               </person-group>
               <comment content-type="section">Psychological Processes in the Comprehension of Metaphor</comment>
               <fpage>150</fpage>
               <source>Metaphor and Thought</source>
               <year>1979</year>
            </mixed-citation>
         </ref>
         <ref id="d22480e2208a1310">
            <mixed-citation id="d22480e2212" publication-type="journal">
Park, C. Whan, Easwar S. Iyer, and Daniel C. Smith (1989),
"The Effects of Situational Factors on In-Store Grocery Shop-
ping Behavior: The Role of Store Environment and Time
Available for Shopping," Journal of Consumer Research, 15
(March), 422-433.<object-id pub-id-type="jstor">10.2307/2489539</object-id>
               <fpage>422</fpage>
            </mixed-citation>
         </ref>
         <ref id="d22480e2238a1310">
            <mixed-citation id="d22480e2242" publication-type="journal">
Pawlowski, Donna R., Diane M. Badzinski, and Nancy Mitchell
(1998), "Effects of Metaphors on Children's Comprehen-
sion and Perception of Print Advertisements," Journal of
Advertising, 27 (Summer), 83-98.<person-group>
                  <string-name>
                     <surname>Pawlowski</surname>
                  </string-name>
               </person-group>
               <issue>Summer</issue>
               <fpage>83</fpage>
               <volume>27</volume>
               <source>Journal of Advertising</source>
               <year>1998</year>
            </mixed-citation>
         </ref>
         <ref id="d22480e2283a1310">
            <mixed-citation id="d22480e2287" publication-type="journal">
Pollay, Richard W. (1985), "The Subsiding Sizzle: A Descrip-
tive History of Print Advertising, 1900-1980," Journal of
Marketing, 49 (Summer), 24-37.<object-id pub-id-type="doi">10.2307/1251613</object-id>
               <fpage>24</fpage>
            </mixed-citation>
         </ref>
         <ref id="d22480e2306a1310">
            <mixed-citation id="d22480e2310" publication-type="book">
Poulet, Georges (1956), Studies in Human Time, Elliott Coleman,
trans., Baltimore: Johns Hopkins University Press.<person-group>
                  <string-name>
                     <surname>Poulet</surname>
                  </string-name>
               </person-group>
               <source>Studies in Human Time</source>
               <year>1956</year>
            </mixed-citation>
         </ref>
         <ref id="d22480e2336a1310">
            <mixed-citation id="d22480e2340" publication-type="book">
Powell, Anthony (1955), A Dance to the Music of Time, Boston:
Little, Brown.<person-group>
                  <string-name>
                     <surname>Powell</surname>
                  </string-name>
               </person-group>
               <source>A Dance to the Music of Time</source>
               <year>1955</year>
            </mixed-citation>
         </ref>
         <ref id="d22480e2365a1310">
            <mixed-citation id="d22480e2369" publication-type="book">
Proust, Marcel (1970), Time Regained, London: Chatto and
Windus.<person-group>
                  <string-name>
                     <surname>Proust</surname>
                  </string-name>
               </person-group>
               <source>Time Regained</source>
               <year>1970</year>
            </mixed-citation>
         </ref>
         <ref id="d22480e2394a1310">
            <mixed-citation id="d22480e2398" publication-type="book">
Richards, I. A. (1936), The Philosophy of Rhetoric, London: Ox-
ford University Press.<person-group>
                  <string-name>
                     <surname>Richards</surname>
                  </string-name>
               </person-group>
               <source>The Philosophy of Rhetoric</source>
               <year>1936</year>
            </mixed-citation>
         </ref>
         <ref id="d22480e2423a1310">
            <mixed-citation id="d22480e2427" publication-type="journal">
Roberts, Richard M., and Roger J. Kreuz (1994), "Why Do
People Use Figurative Language?" Psychological Science, 5
(May), 159-163.<person-group>
                  <string-name>
                     <surname>Roberts</surname>
                  </string-name>
               </person-group>
               <issue>May</issue>
               <fpage>159</fpage>
               <volume>5</volume>
               <source>Psychological Science</source>
               <year>1994</year>
            </mixed-citation>
         </ref>
         <ref id="d22480e2465a1310">
            <mixed-citation id="d22480e2469" publication-type="book">
Searle, John R. (1979), Expression and Meaning: Studies in the Theory
of Speech Acts, Cambridge: Cambridge University Press.<person-group>
                  <string-name>
                     <surname>Searle</surname>
                  </string-name>
               </person-group>
               <source>Expression and Meaning: Studies in the Theory of Speech Acts</source>
               <year>1979</year>
            </mixed-citation>
         </ref>
         <ref id="d22480e2494a1310">
            <mixed-citation id="d22480e2498" publication-type="book">
Shavitt, Sharon (1989), "Operationalizing Functional Theories
of Attitude," in Attitude Structure and Function, A. R.
Pratkanis, S. J. Breckler, and A. G. Greenwald, eds.,
Hillsdale, NJ: Lawrence Erlbaum, 311-337.<person-group>
                  <string-name>
                     <surname>Shavitt</surname>
                  </string-name>
               </person-group>
               <comment content-type="section">Operationalizing Functional Theories of Attitude</comment>
               <fpage>311</fpage>
               <source>Attitude Structure and Function</source>
               <year>1989</year>
            </mixed-citation>
         </ref>
         <ref id="d22480e2537a1310">
            <mixed-citation id="d22480e2543" publication-type="journal">
--- (1990), "The Role of Attitude Objects in Attitude Func-
tions," Journal of Experimental Social Psychology, 26 (March),
124-148.<person-group>
                  <string-name>
                     <surname>Shavitt</surname>
                  </string-name>
               </person-group>
               <issue>March</issue>
               <fpage>124</fpage>
               <volume>26</volume>
               <source>Journal of Experimental Social Psychology</source>
               <year>1990</year>
            </mixed-citation>
         </ref>
         <ref id="d22480e2581a1310">
            <mixed-citation id="d22480e2585" publication-type="journal">
--- (1992), "Evidence for Predicting the Effectiveness of
Value-Expressive Versus Utilitarian Appeals: A Reply to
Johar and Sirgy," Journal of Advertising, 21 (June), 47-52.<person-group>
                  <string-name>
                     <surname>Shavitt</surname>
                  </string-name>
               </person-group>
               <issue>June</issue>
               <fpage>47</fpage>
               <volume>21</volume>
               <source>Journal of Advertising</source>
               <year>1992</year>
            </mixed-citation>
         </ref>
         <ref id="d22480e2623a1310">
            <mixed-citation id="d22480e2627" publication-type="journal">
Spears, Nancy (2001), "Time Pressure and Information in Sales
Promotion Strategy: Conceptual Framework and Content
Analysis," Journal of Advertising, 30 (Spring), 67-76.<person-group>
                  <string-name>
                     <surname>Spears</surname>
                  </string-name>
               </person-group>
               <issue>Spring</issue>
               <fpage>67</fpage>
               <volume>30</volume>
               <source>Journal of Advertising</source>
               <year>2001</year>
            </mixed-citation>
         </ref>
         <ref id="d22480e2665a1310">
            <mixed-citation id="d22480e2669" publication-type="journal">
---, J. C. Mowen, and G. Chakraborty (1996), "A Theoreti-
cal and Empirical Analysis of the Symbolic Role of Ani-
mals in Advertising," Journal of Business Research, 37
(October), 87-95.<person-group>
                  <string-name>
                     <surname>Spears</surname>
                  </string-name>
               </person-group>
               <issue>October</issue>
               <fpage>87</fpage>
               <volume>37</volume>
               <source>Journal of Business Research</source>
               <year>1996</year>
            </mixed-citation>
         </ref>
         <ref id="d22480e2710a1310">
            <mixed-citation id="d22480e2714" publication-type="book">
Sperber, Dan, and Deirdre Wilson (1986), Relevance: Communica-
tion and Cognition, Cambridge: Harvard University Press.<person-group>
                  <string-name>
                     <surname>Sperber</surname>
                  </string-name>
               </person-group>
               <source>Relevance: Communication and Cognition</source>
               <year>1986</year>
            </mixed-citation>
         </ref>
         <ref id="d22480e2739a1310">
            <mixed-citation id="d22480e2743" publication-type="journal">
Stern, Barbara B. (1988), "How Does an Ad Mean? Language in
Services Advertising," Journal of Advertising, 17 (2), 3-14.<person-group>
                  <string-name>
                     <surname>Stern</surname>
                  </string-name>
               </person-group>
               <issue>2</issue>
               <fpage>3</fpage>
               <volume>17</volume>
               <source>Journal of Advertising</source>
               <year>1988</year>
            </mixed-citation>
         </ref>
         <ref id="d22480e2779a1310">
            <mixed-citation id="d22480e2783" publication-type="journal">
--- (1990a), "Other-Speak: Classical Allegory and Contem-
porary Advertising," Journal of Advertising, 19 (3), 14-27.<person-group>
                  <string-name>
                     <surname>Stern</surname>
                  </string-name>
               </person-group>
               <issue>3</issue>
               <fpage>14</fpage>
               <volume>19</volume>
               <source>Journal of Advertising</source>
               <year>1990</year>
            </mixed-citation>
         </ref>
         <ref id="d22480e2818a1310">
            <mixed-citation id="d22480e2822" publication-type="book">
--- (1990b), "Beauty and Joy in Metaphorical Advertising:
The Poetic Dimension," in Advances in Consumer Research,
vol. 17, Marvin E. Goldberg, Gerald Gorn, and Richard
W. Pollay, eds., New Orleans: Association for Consumer
Research, 71-77.<person-group>
                  <string-name>
                     <surname>Stern</surname>
                  </string-name>
               </person-group>
               <comment content-type="section">Beauty and Joy in Metaphorical Advertising: The Poetic Dimension</comment>
               <fpage>71</fpage>
               <volume>17</volume>
               <source>Advances in Consumer Research</source>
               <year>1990</year>
            </mixed-citation>
         </ref>
         <ref id="d22480e2866a1310">
            <mixed-citation id="d22480e2870" publication-type="journal">
---, and Jonathan E. Schroeder (1994), "Interpretative Meth-
odology from Art and Literary Criticism: A Personistic
Approach to Advertising Imagery," European Journal of
Marketing, 28, 114-132.<person-group>
                  <string-name>
                     <surname>Stern</surname>
                  </string-name>
               </person-group>
               <fpage>114</fpage>
               <volume>28</volume>
               <source>European Journal of Marketing</source>
               <year>1994</year>
            </mixed-citation>
         </ref>
         <ref id="d22480e2908a1310">
            <mixed-citation id="d22480e2912" publication-type="book">
Suda, David (1989), The Moving Image: Immutability, Metaphors, and
the Time Clocks Tell, Lanham, MD: University Press of America.<person-group>
                  <string-name>
                     <surname>Suda</surname>
                  </string-name>
               </person-group>
               <source>The Moving Image: Immutability, Metaphors, and the Time Clocks Tell</source>
               <year>1989</year>
            </mixed-citation>
         </ref>
         <ref id="d22480e2937a1310">
            <mixed-citation id="d22480e2941" publication-type="journal">
Toncar, Mark, and James Munch (2001), "Consumer Responses
to Tropes in Print Advertising," Journal of Advertising, 30
(Spring), 55-66.<person-group>
                  <string-name>
                     <surname>Toncar</surname>
                  </string-name>
               </person-group>
               <issue>Spring</issue>
               <fpage>55</fpage>
               <volume>30</volume>
               <source>Journal of Advertising</source>
               <year>2001</year>
            </mixed-citation>
         </ref>
         <ref id="d22480e2979a1310">
            <mixed-citation id="d22480e2983" publication-type="journal">
Tourangeau, R., and R. J. Sternberg (1981), "Aptness in Meta-
phor," Cognitive Psychology, 13, 27-55.<person-group>
                  <string-name>
                     <surname>Tourangeau</surname>
                  </string-name>
               </person-group>
               <fpage>27</fpage>
               <volume>13</volume>
               <source>Cognitive Psychology</source>
               <year>1981</year>
            </mixed-citation>
         </ref>
         <ref id="d22480e3016a1310">
            <mixed-citation id="d22480e3020" publication-type="journal">
Tse, David K., Russell W. Belk, and Nan Zhou (1989), "Becom-
ing a Consumer Society: A Longitudinal and Cross-Cul-
tural Content Analysis of Print Ads from Hong Kong, the
People's Republic of China, and Taiwan," Journal of Con-
sumer Research, 15 (March), 457-472.<object-id pub-id-type="jstor">10.2307/2489542</object-id>
               <fpage>457</fpage>
            </mixed-citation>
         </ref>
         <ref id="d22480e3046a1310">
            <mixed-citation id="d22480e3050" publication-type="book">
Ward, James, and William Gaidis (1990), "Metaphor in Promo-
tional Communication: A Review of Research on Metaphor
Comprehension and Quality," Advances in Consumer Research,
vol. 17, Marvin E. Goldberg, Gerald Gorn, and Richard
W. Pollay, eds., New Orleans: Association for Consumer
Research, 636-642.<person-group>
                  <string-name>
                     <surname>Ward</surname>
                  </string-name>
               </person-group>
               <comment content-type="section">Metaphor in Promotional Communication: A Review of Research on Metaphor Comprehension and Quality</comment>
               <fpage>636</fpage>
               <volume>17</volume>
               <source>Advances in Consumer Research</source>
               <year>1990</year>
            </mixed-citation>
         </ref>
         <ref id="d22480e3098a1310">
            <mixed-citation id="d22480e3102" publication-type="book">
Woolf, Virginia (1927), To the Lighthouse, New York: Harcourt
Brace.<person-group>
                  <string-name>
                     <surname>Woolf</surname>
                  </string-name>
               </person-group>
               <source>To the Lighthouse</source>
               <year>1927</year>
            </mixed-citation>
         </ref>
      </ref-list>
   </back>
</article>
