<article xmlns:xsi="http://www.w3.org/2001/XMLSchema-instance"
         xmlns:xlink="http://www.w3.org/1999/xlink"
         xmlns:mml="http://www.w3.org/1998/Math/MathML"
         dtd-version="1.0"
         article-type="research-article">
   <front>
      <journal-meta>
         <journal-id journal-id-type="jstor">jadve</journal-id>
         <journal-id journal-id-type="jstor">jadve</journal-id>
         <journal-id journal-id-type="jstor">j101355</journal-id>
         <journal-title-group>
            <journal-title>Journal of Advertising</journal-title>
         </journal-title-group>
         <publisher>
            <publisher-name>M. E. Sharpe, Inc.</publisher-name>
         </publisher>
         <issn pub-type="ppub">00913367</issn>
         <issn pub-type="epub">15577805</issn>
      </journal-meta>
      <article-meta>
         <article-id pub-id-type="jstor">4622166</article-id>
         <title-group>
            <article-title>When Does Humor Enhace or Inhibit Ad Responses? The Moderating Role of the Need for Humor</article-title>
         </title-group>
         <contrib-group>
            <contrib contrib-type="author">
               <string-name>
                  <given-names>Thomas W.</given-names>
                  <surname>Cline</surname>
               </string-name>
            </contrib>
            <contrib contrib-type="author">
               <string-name>Moses B. Altsech</string-name>
            </contrib>
            <contrib contrib-type="author">
               <string-name>
                  <given-names>James J.</given-names>
                  <surname>Kellaris</surname>
               </string-name>
            </contrib>
         </contrib-group>
         <pub-date>
            <day>1</day>
            <month>10</month>
            <year>2003</year>
         </pub-date>
         <volume>32</volume>
         <issue>3</issue>
         <issue-id>i413257</issue-id>
         <fpage>31</fpage>
         <lpage>45</lpage>
         <page-range>31-45</page-range>
         <permissions>
            <copyright-statement>Copyright 2003 American Academy of Advertising</copyright-statement>
         </permissions>
         <self-uri xlink:href="http://www.jstor.org/stable/4622166"/>
         <abstract>
            <p>Humor is often featured in consumer advertisements, yet its effects and the mechanisms by which they operate have not been fully elucidated. Previous studies have shown humor to enhance, inhibit, or have no effect on consumers' responses to advertisements. Clearly, there are boundary conditions governing the operation of humor. The authors report a program of experimentation that examines one such contingency: an individual's "need for humor." Need for humor (NFH) is a trait that refers to a person's tendency to generate and seek out humor. Humor was manipulated in three studies using print ads and NFH was measured. Dependent variables included various measures of advertising effectiveness. Results of Study 1 show the impact of humor on attitude toward the ad to be moderated by NFH, such that humor influences only higher-NFH subjects. Results of Study 2 show a similar moderating effect of NFH, which is further qualified by the need for cognition (NFC), suggesting that the motivation to process may help explain the key finding. Study 3 provides additional evidence of a three-way interaction of humor, NFH, and NFC, and offers a process explanation using path modeling.</p>
         </abstract>
         <custom-meta-group>
            <custom-meta>
               <meta-name>lang</meta-name>
               <meta-value>eng</meta-value>
            </custom-meta>
         </custom-meta-group>
      </article-meta>
   </front>
   <back>
      <ref-list>
         <title>References</title>
         <ref id="d26272e188a1310">
            <mixed-citation id="d26272e192" publication-type="journal">
Alden, Dana, Ashesh Mukherjee, and Wayne Hoyer (1993), &amp;quot;An
Examination of Cognitive Factors Related to Humorous-
ness in Television Advertising,&amp;quot; Journal of Advertising, 22
(2), 29-38.<person-group>
                  <string-name>
                     <surname>Alden</surname>
                  </string-name>
               </person-group>
               <issue>2</issue>
               <fpage>29</fpage>
               <volume>22</volume>
               <source>Journal of Advertising</source>
               <year>1993</year>
            </mixed-citation>
         </ref>
         <ref id="d26272e233a1310">
            <mixed-citation id="d26272e237" publication-type="journal">
---, --- and --- (2000), &amp;quot;The Effects of Incongru-
ity, Surprise, and Positive Moderators on Perceived Humor
in Television Advertising,&amp;quot; Journal of Advertising, 29 (2),
1-15.<person-group>
                  <string-name>
                     <surname>Alden</surname>
                  </string-name>
               </person-group>
               <issue>2</issue>
               <fpage>1</fpage>
               <volume>29</volume>
               <source>Journal of Advertising</source>
               <year>2000</year>
            </mixed-citation>
         </ref>
         <ref id="d26272e278a1310">
            <mixed-citation id="d26272e282" publication-type="book">
Altsech, Moses B., Thomas Cline, and James Kellaris (1999),
&amp;quot;Can Humor Enhance the Impact of Strong Message Argu-
ments?&amp;quot; in Proceedings of the Society for Consumer Psychology
2000 Winter Conference, J. Inman, ed., San Antonio, TX:
American Psychological Association.<person-group>
                  <string-name>
                     <surname>Altsech</surname>
                  </string-name>
               </person-group>
               <comment content-type="section">Can Humor Enhance the Impact of Strong Message Arguments?</comment>
               <source>Proceedings of the Society for Consumer Psychology 2000 Winter Conference</source>
               <year>1999</year>
            </mixed-citation>
         </ref>
         <ref id="d26272e320a1310">
            <mixed-citation id="d26272e324" publication-type="journal">
Arias-Bolzmann, Leopoldo, Goutam Chakraborty, and John C.
Mowen (2000), &amp;quot;Effects of Absurdity in Advertising: The
Moderating Role of Product Category Attitude and the Me-
diating Role of Cognitive Responses,&amp;quot; Journal of Advertis-
ing, 29 (1), 35-49.<person-group>
                  <string-name>
                     <surname>Arias-Bolzmann</surname>
                  </string-name>
               </person-group>
               <issue>1</issue>
               <fpage>35</fpage>
               <volume>29</volume>
               <source>Journal of Advertising</source>
               <year>2000</year>
            </mixed-citation>
         </ref>
         <ref id="d26272e369a1310">
            <mixed-citation id="d26272e373" publication-type="journal">
Bagozzi, Richard P. (1984), &amp;quot;A Prospectus for Theory Con-
struction in Marketing,&amp;quot; Journal of Marketing, 48 (Win-
ter), 11-29.<object-id pub-id-type="doi">10.2307/1251307</object-id>
               <fpage>11</fpage>
            </mixed-citation>
         </ref>
         <ref id="d26272e392a1310">
            <mixed-citation id="d26272e396" publication-type="journal">
---, and Youjae Yi (1988), &amp;quot;On the Evaluation of Structural
Equation Models,&amp;quot; Journal of the Academy of Marketing Sci-
ence, 16 (1), 74-94.<person-group>
                  <string-name>
                     <surname>Bagozzi</surname>
                  </string-name>
               </person-group>
               <issue>1</issue>
               <fpage>74</fpage>
               <volume>16</volume>
               <source>Journal of the Academy of Marketing Science</source>
               <year>1988</year>
            </mixed-citation>
         </ref>
         <ref id="d26272e434a1310">
            <mixed-citation id="d26272e438" publication-type="journal">
Batra, Rajeev, and Douglas Stayman (1990), &amp;quot;The Role of Mood in
Advertising Effectiveness,&amp;quot; Journal of Consumer Research, 17,
203-214.<object-id pub-id-type="jstor">10.2307/2626812</object-id>
               <fpage>203</fpage>
            </mixed-citation>
         </ref>
         <ref id="d26272e457a1310">
            <mixed-citation id="d26272e461" publication-type="book">
Bentler, Peter M. (1989), Structural Equation Program Manual,
Los Angeles: BMPD Statistical Software.<person-group>
                  <string-name>
                     <surname>Bentler</surname>
                  </string-name>
               </person-group>
               <source>Structural Equation Program Manual</source>
               <year>1989</year>
            </mixed-citation>
         </ref>
         <ref id="d26272e486a1310">
            <mixed-citation id="d26272e490" publication-type="journal">
---, and Chih-Pi Chou (1987), &amp;quot;Practical Issues in Structural
Modeling,&amp;quot; Sociological Methods and Research, 16, 78-117.<person-group>
                  <string-name>
                     <surname>Bentler</surname>
                  </string-name>
               </person-group>
               <fpage>78</fpage>
               <volume>16</volume>
               <source>Sociological Methods and Research</source>
               <year>1987</year>
            </mixed-citation>
         </ref>
         <ref id="d26272e522a1310">
            <mixed-citation id="d26272e526" publication-type="journal">
Brown, Steve P., and Douglas M. Stayman (1992), &amp;quot;Antecedents
and Consequences of Attitude Towards Ad: A Meta-Analy-
sis,&amp;quot; Journal of Consumer Research, 19 (June), 34-51.<object-id pub-id-type="jstor">10.2307/2489186</object-id>
               <fpage>34</fpage>
            </mixed-citation>
         </ref>
         <ref id="d26272e546a1310">
            <mixed-citation id="d26272e550" publication-type="journal">
Cacioppo, John, and Richard Petty (1982), &amp;quot;The Need for Cog-
nition,&amp;quot; Journal of Personality and Social Psychology, 42 (1),
116-131.<person-group>
                  <string-name>
                     <surname>Cacioppo</surname>
                  </string-name>
               </person-group>
               <issue>1</issue>
               <fpage>116</fpage>
               <volume>42</volume>
               <source>Journal of Personality and Social Psychology</source>
               <year>1982</year>
            </mixed-citation>
         </ref>
         <ref id="d26272e588a1310">
            <mixed-citation id="d26272e592" publication-type="journal">
---, ---, and C. Kao (1984), &amp;quot;The Efficient Assessment
of Need for Cognition,&amp;quot; Journal of Personality Assessment, 48
(3), 306-307.<person-group>
                  <string-name>
                     <surname>Cacioppo</surname>
                  </string-name>
               </person-group>
               <issue>3</issue>
               <fpage>306</fpage>
               <volume>48</volume>
               <source>Journal of Personality Assessment</source>
               <year>1984</year>
            </mixed-citation>
         </ref>
         <ref id="d26272e630a1310">
            <mixed-citation id="d26272e634" publication-type="journal">
---, --- and K. Morris (1983), &amp;quot;Effects of Need for
Cognition on Message Evaluation, Recall, and Persuasion,&amp;quot;
Journal of Personality and Social Psychology, 45, 805-818.<person-group>
                  <string-name>
                     <surname>Cacioppo</surname>
                  </string-name>
               </person-group>
               <fpage>805</fpage>
               <volume>45</volume>
               <source>Journal of Personality and Social Psychology</source>
               <year>1983</year>
            </mixed-citation>
         </ref>
         <ref id="d26272e669a1310">
            <mixed-citation id="d26272e673" publication-type="journal">
Chattopadhyay, Amitava, and Kunal Basu (1990), &amp;quot;Humor in
Advertising: The Moderating Role of Prior Brand Evalua-
tion,&amp;quot; Journal of Marketing Research, 27, 466-476.<object-id pub-id-type="doi">10.2307/3172631</object-id>
               <fpage>466</fpage>
            </mixed-citation>
         </ref>
         <ref id="d26272e692a1310">
            <mixed-citation id="d26272e696" publication-type="other">
Cline, T. (1997), &amp;quot;The Role of Expectancy and Relevancy in
Humorous Ad Executions: An Individual Difference Per-
spective,&amp;quot; Ph.D. diss., University of Cincinnati.</mixed-citation>
         </ref>
         <ref id="d26272e709a1310">
            <mixed-citation id="d26272e713" publication-type="journal">
---, and J. Kellaris (1999), &amp;quot;The Joint Impact of Humor
and Argument Strength in a Print Advertising Context: A
Case for Weaker Arguments,&amp;quot; Psychology and Marketing, 16
(1), 69-86.<person-group>
                  <string-name>
                     <surname>Cline</surname>
                  </string-name>
               </person-group>
               <issue>1</issue>
               <fpage>69</fpage>
               <volume>16</volume>
               <source>Psychology and Marketing</source>
               <year>1999</year>
            </mixed-citation>
         </ref>
         <ref id="d26272e755a1310">
            <mixed-citation id="d26272e759" publication-type="book">
---, Karen Machleit, and J. Kellaris (1999), &amp;quot;Is There a Need
for Levity?&amp;quot; in Proceedings of the Society for Consumer Psychology
1998 Winter Conference, K. A. Machleit and M. Campbell,
eds., Austin: American Psychological Association.<person-group>
                  <string-name>
                     <surname>Cline</surname>
                  </string-name>
               </person-group>
               <comment content-type="section">Is There a Need for Levity?</comment>
               <source>Proceedings of the Society for Consumer Psychology 1998 Winter Conference</source>
               <year>1999</year>
            </mixed-citation>
         </ref>
         <ref id="d26272e794a1310">
            <mixed-citation id="d26272e798" publication-type="book">
---, ---, and --- (2002), &amp;quot;The Effects of Need for
Levity on Advertising Outcomes,&amp;quot; working paper, St.
Vincent College, Latrobe, PA.<person-group>
                  <string-name>
                     <surname>Cline</surname>
                  </string-name>
               </person-group>
               <source>The Effects of Need for Levity on Advertising Outcomes</source>
               <year>2002</year>
            </mixed-citation>
         </ref>
         <ref id="d26272e827a1310">
            <mixed-citation id="d26272e831" publication-type="journal">
Dee, Juliet (1993), &amp;quot;Joe Sedelmaier and the Creative Process: Here&amp;apos;s
the Beef,&amp;quot; Journal of Popular Culture, 26 (4), 173-185.<person-group>
                  <string-name>
                     <surname>Dee</surname>
                  </string-name>
               </person-group>
               <issue>4</issue>
               <fpage>173</fpage>
               <volume>26</volume>
               <source>Journal of Popular Culture</source>
               <year>1993</year>
            </mixed-citation>
         </ref>
         <ref id="d26272e866a1310">
            <mixed-citation id="d26272e870" publication-type="journal">
Duncan, Calvin (1979), &amp;quot;Humor in Advertising: A Behavioral
Perspective,&amp;quot; Journal of the Academy of Marketing Science, 7,
285-306.<person-group>
                  <string-name>
                     <surname>Duncan</surname>
                  </string-name>
               </person-group>
               <fpage>285</fpage>
               <volume>7</volume>
               <source>Journal of the Academy of Marketing Science</source>
               <year>1979</year>
            </mixed-citation>
         </ref>
         <ref id="d26272e905a1310">
            <mixed-citation id="d26272e909" publication-type="journal">
---, and J. Nelson (1985), &amp;quot;Effects of Humor in a Radio Ad-
vertising Experiment,&amp;quot; Journal of Advertising, 14 (2), 33-40.<person-group>
                  <string-name>
                     <surname>Duncan</surname>
                  </string-name>
               </person-group>
               <issue>2</issue>
               <fpage>33</fpage>
               <volume>14</volume>
               <source>Journal of Advertising</source>
               <year>1985</year>
            </mixed-citation>
         </ref>
         <ref id="d26272e944a1310">
            <mixed-citation id="d26272e948" publication-type="journal">
Festinger, Leon, and N. Maccoby (1964), &amp;quot;On Resistance to Per-
suasive Communication,&amp;quot; Journal of Abnormal and Social
Psychology, 68, 359-366.<person-group>
                  <string-name>
                     <surname>Festinger</surname>
                  </string-name>
               </person-group>
               <fpage>359</fpage>
               <volume>68</volume>
               <source>Journal of Abnormal and Social Psychology</source>
               <year>1964</year>
            </mixed-citation>
         </ref>
         <ref id="d26272e984a1310">
            <mixed-citation id="d26272e988" publication-type="journal">
Gerbing, David W., and John C. Anderson (1988), &amp;quot;An Updated
Paradigm for Scale Development Incorporating Unidimen-
sionality and Its Assessment,&amp;quot; Journal of Marketing Research,
25 (May), 186-192.<object-id pub-id-type="doi">10.2307/3172650</object-id>
               <fpage>186</fpage>
            </mixed-citation>
         </ref>
         <ref id="d26272e1011a1310">
            <mixed-citation id="d26272e1015" publication-type="journal">
Geuens, Maggie, and Patrick de Pelsmacker (1998), &amp;quot;Feelings
Evoked by Warm, Erotic, Humorous or Non-Emotional
Print Advertisements for Alcoholic Beverages,&amp;quot; Academy of
Marketing Science Review, 98 (1).<person-group>
                  <string-name>
                     <surname>Geuens</surname>
                  </string-name>
               </person-group>
               <issue>1</issue>
               <volume>98</volume>
               <source>Academy of Marketing Science Review</source>
               <year>1998</year>
            </mixed-citation>
         </ref>
         <ref id="d26272e1053a1310">
            <mixed-citation id="d26272e1057" publication-type="journal">
Haugtvedt, Curt, and Richard Petty (1992), &amp;quot;Personality and
Persuasion: Need for Cognition Moderates the Persistence
and Resistance of Attitude Changes,&amp;quot; Journal of Personality
and Social Psychology, 63, 308-319.<person-group>
                  <string-name>
                     <surname>Haugtvedt</surname>
                  </string-name>
               </person-group>
               <fpage>308</fpage>
               <volume>63</volume>
               <source>Journal of Personality and Social Psychology</source>
               <year>1992</year>
            </mixed-citation>
         </ref>
         <ref id="d26272e1095a1310">
            <mixed-citation id="d26272e1099" publication-type="journal">
---, ---, and J. Cacioppo (1992), &amp;quot;Need for Cognition
and Attitude Change: Understanding the Role of Person-
ality Variables in Advertising,&amp;quot; Journal of Consumer Psychol-
ogy, 1 (3), 239-260.<object-id pub-id-type="jstor">10.2307/1480586</object-id>
               <fpage>239</fpage>
            </mixed-citation>
         </ref>
         <ref id="d26272e1122a1310">
            <mixed-citation id="d26272e1126" publication-type="journal">
Heckler, Susan E., and Terry L. Childers (1992), &amp;quot;The Role of
Expectancy and Relevancy in Memory for Verbal and Vi-
sual Information: What Is Incongruence? Journal of Con-
sumer Research, 18, 475-492.<object-id pub-id-type="jstor">10.2307/2489260</object-id>
               <fpage>475</fpage>
            </mixed-citation>
         </ref>
         <ref id="d26272e1149a1310">
            <mixed-citation id="d26272e1153" publication-type="book">
Isen, Alice (1984), &amp;quot;Toward Understanding the Role of Affect in
Cognition,&amp;quot; in Handbook of Social Cognition, vol. 3, S. Wyer
and T. Srull, eds., Hillsdale, NJ: Lawrence Erlbaum, 179-
236.<person-group>
                  <string-name>
                     <surname>Isen</surname>
                  </string-name>
               </person-group>
               <comment content-type="section">Toward Understanding the Role of Affect in Cognition</comment>
               <fpage>179</fpage>
               <volume>3</volume>
               <source>Handbook of Social Cognition</source>
               <year>1984</year>
            </mixed-citation>
         </ref>
         <ref id="d26272e1195a1310">
            <mixed-citation id="d26272e1199" publication-type="book">
--- (1987), &amp;quot;Positive Affect, Cognitive Processes and Social
Behavior,&amp;quot; in Advances in Experimental Social Psychology, vol.
20, L. Berkowitz, ed., New York: Academic Press, 203-253.<person-group>
                  <string-name>
                     <surname>Isen</surname>
                  </string-name>
               </person-group>
               <comment content-type="section">Positive Affect, Cognitive Processes and Social Behavior</comment>
               <fpage>203</fpage>
               <volume>20</volume>
               <source>Advances in Experimental Social Psychology</source>
               <year>1987</year>
            </mixed-citation>
         </ref>
         <ref id="d26272e1237a1310">
            <mixed-citation id="d26272e1241" publication-type="journal">
---, Kimberly Daubman, and G. Nowicki (1987), &amp;quot;Posi-
tive Affect Facilitates Creative Problem Solving,&amp;quot; Journal of
Personality and Social Psychology, 52, 1122-1131.<person-group>
                  <string-name>
                     <surname>Isen</surname>
                  </string-name>
               </person-group>
               <fpage>1122</fpage>
               <volume>52</volume>
               <source>Journal of Personality and Social Psychology</source>
               <year>1987</year>
            </mixed-citation>
         </ref>
         <ref id="d26272e1276a1310">
            <mixed-citation id="d26272e1280" publication-type="journal">
Kahn, Barbara, and Alice Isen (1993), &amp;quot;The Influence of Posi-
tive Affect on Variety Seeking Among Safe, Enjoyable Prod-
ucts,&amp;quot; Journal of Consumer Research, 20, 257-270.<object-id pub-id-type="jstor">10.2307/2489273</object-id>
               <fpage>257</fpage>
            </mixed-citation>
         </ref>
         <ref id="d26272e1299a1310">
            <mixed-citation id="d26272e1303" publication-type="book">
Krishnan, Shanker, and Dipankar Chakravarti (1994), &amp;quot;Humor-
ous Executions in Advertising: Facilitation and Interfer-
ence Effects on Brand Claims Memory,&amp;quot; working paper,
Indiana University, Bloomington.<person-group>
                  <string-name>
                     <surname>Krishnan</surname>
                  </string-name>
               </person-group>
               <source>Humorous Executions in Advertising: Facilitation and Interference Effects on Brand Claims Memory</source>
               <year>1994</year>
            </mixed-citation>
         </ref>
         <ref id="d26272e1335a1310">
            <mixed-citation id="d26272e1339" publication-type="book">
Lewin, Kurt (1938), A Dynamic Theory of Personality, New York:
McGraw-Hill.<person-group>
                  <string-name>
                     <surname>Lewin</surname>
                  </string-name>
               </person-group>
               <source>A Dynamic Theory of Personality</source>
               <year>1938</year>
            </mixed-citation>
         </ref>
         <ref id="d26272e1364a1310">
            <mixed-citation id="d26272e1368" publication-type="book">
--- (1951), Field Theory in Social Science, New York: Harper.<person-group>
                  <string-name>
                     <surname>Lewin</surname>
                  </string-name>
               </person-group>
               <source>Field Theory in Social Science</source>
               <year>1951</year>
            </mixed-citation>
         </ref>
         <ref id="d26272e1391a1310">
            <mixed-citation id="d26272e1395" publication-type="book">
Lutz, Richard (1985), &amp;quot;Affective and Cognitive Antecedents of
Attitude Toward the Ad: A Conceptual Framework,&amp;quot; in Psy-
chological Processes and Advertising Effects: Theory, Research and
Applications, L. Alwitt and A. Mitchell, eds., Hillsdale, NJ:
Lawrence Erlbaum, 45-56.<person-group>
                  <string-name>
                     <surname>Lutz</surname>
                  </string-name>
               </person-group>
               <comment content-type="section">Affective and Cognitive Antecedents of Attitude Toward the Ad: A Conceptual Framework</comment>
               <fpage>45</fpage>
               <source>Psychological Processes and Advertising Effects: Theory, Research and Applications</source>
               <year>1985</year>
            </mixed-citation>
         </ref>
         <ref id="d26272e1436a1310">
            <mixed-citation id="d26272e1440" publication-type="journal">
MacKenzie, Scott, and Richard Lutz (1989), &amp;quot;An Empirical Ex-
amination of Structural Antecedents of Attitude Toward
the Ad in an Advertising Pre-test Context,&amp;quot; Journal of Mar-
keting, 53, 48-65.<object-id pub-id-type="doi">10.2307/1251413</object-id>
               <fpage>48</fpage>
            </mixed-citation>
         </ref>
         <ref id="d26272e1463a1310">
            <mixed-citation id="d26272e1467" publication-type="journal">
---, ---, and George Belch (1986), &amp;quot;The Role of Atti-
tude Toward the Ad as a Mediator of Advertising Effective-
ness: Determinants and Consequences,&amp;quot; Advances in Consumer
Research, 23, 130-143.<person-group>
                  <string-name>
                     <surname>MacKenzie</surname>
                  </string-name>
               </person-group>
               <fpage>130</fpage>
               <volume>23</volume>
               <source>Advances in Consumer Research</source>
               <year>1986</year>
            </mixed-citation>
         </ref>
         <ref id="d26272e1505a1310">
            <mixed-citation id="d26272e1509" publication-type="journal">
Madden, Thomas J., Chris Allen, and Jacquelyn Twible (1988),
&amp;quot;Attitude Toward the Ad: An Assessment of Diverse Mea-
surement Indices Under Different Processing &amp;apos;Sets,&amp;apos;&amp;quot; Jour-
nal of Marketing Research, 25, 242-252.<object-id pub-id-type="doi">10.2307/3172527</object-id>
               <fpage>242</fpage>
            </mixed-citation>
         </ref>
         <ref id="d26272e1532a1310">
            <mixed-citation id="d26272e1536" publication-type="journal">
---, and Marc G. Weinberger (1982), &amp;quot;The Effects of Hu-
mor on Attention in Magazine Advertising,&amp;quot; Journal of Ad-
vertising, 11, 8-14.<person-group>
                  <string-name>
                     <surname>Madden</surname>
                  </string-name>
               </person-group>
               <fpage>8</fpage>
               <volume>11</volume>
               <source>Journal of Advertising</source>
               <year>1982</year>
            </mixed-citation>
         </ref>
         <ref id="d26272e1571a1310">
            <mixed-citation id="d26272e1575" publication-type="journal">
---, and --- (1984), &amp;quot;Humor in Advertising: A
Practitioner&amp;apos;s View,&amp;quot; Journal of Advertising Research, 24 (4),
23-29.<person-group>
                  <string-name>
                     <surname>Madden</surname>
                  </string-name>
               </person-group>
               <issue>4</issue>
               <fpage>23</fpage>
               <volume>24</volume>
               <source>Journal of Advertising Research</source>
               <year>1984</year>
            </mixed-citation>
         </ref>
         <ref id="d26272e1614a1310">
            <mixed-citation id="d26272e1618" publication-type="journal">
Muehling, Darrel D., Jeffrey Stoltman, and Sanford Grossbart (1990),
&amp;quot;The Impact of Comparative Advertising on Levels of Mes-
sage Involvement,&amp;quot; Journal of Advertising, 16 (3), 41-50.<person-group>
                  <string-name>
                     <surname>Muehling</surname>
                  </string-name>
               </person-group>
               <issue>3</issue>
               <fpage>41</fpage>
               <volume>16</volume>
               <source>Journal of Advertising</source>
               <year>1990</year>
            </mixed-citation>
         </ref>
         <ref id="d26272e1656a1310">
            <mixed-citation id="d26272e1660" publication-type="journal">
Olson, Judy M., and Neal J. Roese (1995), &amp;quot;The Perceived Fun-
niness of Humorous Stimuli,&amp;quot; Personality and Social Psychol-
ogy Bulletin, 21 (9), 908-913.<person-group>
                  <string-name>
                     <surname>Olson</surname>
                  </string-name>
               </person-group>
               <issue>9</issue>
               <fpage>908</fpage>
               <volume>21</volume>
               <source>Personality and Social Psychology Bulletin</source>
               <year>1995</year>
            </mixed-citation>
         </ref>
         <ref id="d26272e1698a1310">
            <mixed-citation id="d26272e1702" publication-type="book">
Osgood, Charles, George Suci, and Percy Tannenbaum (1957),
The Measurement of Meaning, Urbana: University of Illinois
Press.<person-group>
                  <string-name>
                     <surname>Osgood</surname>
                  </string-name>
               </person-group>
               <source>The Measurement of Meaning</source>
               <year>1957</year>
            </mixed-citation>
         </ref>
         <ref id="d26272e1731a1310">
            <mixed-citation id="d26272e1735" publication-type="book">
Petty, Richard, and John Cacioppo (1981), Attitudes and Persua-
sion: ClassicandContemporary Approaches, Dubuque, IA: Brown.<person-group>
                  <string-name>
                     <surname>Petty</surname>
                  </string-name>
               </person-group>
               <source>Attitudes and Persuasion: ClassicandContemporary Approaches</source>
               <year>1981</year>
            </mixed-citation>
         </ref>
         <ref id="d26272e1760a1310">
            <mixed-citation id="d26272e1764" publication-type="journal">
---, and ---- (1984), &amp;quot;Source Factors and the Elabora-
tion Likelihood Model of Persuasion,&amp;quot; Advances in Consumer
Research, 11, 668-672.<person-group>
                  <string-name>
                     <surname>Petty</surname>
                  </string-name>
               </person-group>
               <fpage>668</fpage>
               <volume>11</volume>
               <source>Advances in Consumer Research</source>
               <year>1984</year>
            </mixed-citation>
         </ref>
         <ref id="d26272e1799a1310">
            <mixed-citation id="d26272e1803" publication-type="book">
---, and ---- (1986), Communication and Persuasion: Cen-
tral and Peripheral Routes to Attitude Change, New York:
Springer-Verlag.<person-group>
                  <string-name>
                     <surname>Petty</surname>
                  </string-name>
               </person-group>
               <source>Communication and Persuasion: Central and Peripheral Routes to Attitude Change</source>
               <year>1986</year>
            </mixed-citation>
         </ref>
         <ref id="d26272e1833a1310">
            <mixed-citation id="d26272e1839" publication-type="journal">
Punj, Girish, and David Stewart (1983), &amp;quot;An Interaction Frame-
work of Consumer Decision Making,&amp;quot; Journal of Consumer
Research, 10, 181-196.<object-id pub-id-type="jstor">10.2307/2488923</object-id>
               <fpage>181</fpage>
            </mixed-citation>
         </ref>
         <ref id="d26272e1858a1310">
            <mixed-citation id="d26272e1862" publication-type="book">
Rossiter, John, and Larry Percy (1997), Advertising Communica-
tions and Promotion Management, 2nd ed., New York: McGraw
Hill, 229, 241-242.<person-group>
                  <string-name>
                     <surname>Rossiter</surname>
                  </string-name>
               </person-group>
               <edition>2</edition>
               <fpage>241</fpage>
               <volume>229</volume>
               <source>Advertising Communications and Promotion Management</source>
               <year>1997</year>
            </mixed-citation>
         </ref>
         <ref id="d26272e1900a1310">
            <mixed-citation id="d26272e1904" publication-type="journal">
Shimp, Terrance (1981), &amp;quot;Attitude Toward the Ad as a Mediator
of Consumer Brand Choice,&amp;quot; Journal of Advertising, 10 (2),
915.<person-group>
                  <string-name>
                     <surname>Shimp</surname>
                  </string-name>
               </person-group>
               <issue>2</issue>
               <fpage>915</fpage>
               <volume>10</volume>
               <source>Journal of Advertising</source>
               <year>1981</year>
            </mixed-citation>
         </ref>
         <ref id="d26272e1942a1310">
            <mixed-citation id="d26272e1946" publication-type="book">
Smith, Stephen M. (1993), &amp;quot;Does Humor in Advertising En-
hance Systematic Processing?&amp;quot; in Advances in Consumer Re-
search, vol. 20, L. McAlister and M. L. Rothschild, eds.,
Provo, UT: Association for Consumer Research, 155-158.<person-group>
                  <string-name>
                     <surname>Smith</surname>
                  </string-name>
               </person-group>
               <comment content-type="section">Does Humor in Advertising Enhance Systematic Processing?</comment>
               <fpage>155</fpage>
               <volume>20</volume>
               <source>Advances in Consumer Research</source>
               <year>1993</year>
            </mixed-citation>
         </ref>
         <ref id="d26272e1987a1310">
            <mixed-citation id="d26272e1991" publication-type="journal">
Spotts, Harlen, Marc Weinberger, and Amy Parsons (1997), &amp;quot;As-
sessing the Use and Impact of Humor on Advertising Effec-
tiveness: A Contingency Approach,&amp;quot; Journal of Advertising, 26
(3), 17-33.<person-group>
                  <string-name>
                     <surname>Spotts</surname>
                  </string-name>
               </person-group>
               <issue>3</issue>
               <fpage>17</fpage>
               <volume>26</volume>
               <source>Journal of Advertising</source>
               <year>1997</year>
            </mixed-citation>
         </ref>
         <ref id="d26272e2032a1310">
            <mixed-citation id="d26272e2036" publication-type="journal">
Sternthal, Brian, and Samuel Craig (1973), &amp;quot;Humor in Adver-
tising,&amp;quot; Journal of Marketing, 37, 12-18.<object-id pub-id-type="doi">10.2307/1250353</object-id>
               <fpage>12</fpage>
            </mixed-citation>
         </ref>
         <ref id="d26272e2053a1310">
            <mixed-citation id="d26272e2057" publication-type="book">
Stewart, D., and David Furse (1986), Effective Television Advertis-
ing, Lexington, MA: D.C. Heath.<person-group>
                  <string-name>
                     <surname>Stewart</surname>
                  </string-name>
               </person-group>
               <source>Effective Television Advertising</source>
               <year>1986</year>
            </mixed-citation>
         </ref>
         <ref id="d26272e2082a1310">
            <mixed-citation id="d26272e2086" publication-type="book">
Sutherland, Max, and Alice K. Sylvester (2000), Advertising and
the Mind of the Consumer, Sydney, NSW, Australia: Allen and
Unwin.<person-group>
                  <string-name>
                     <surname>Sutherland</surname>
                  </string-name>
               </person-group>
               <source>Advertising and the Mind of the Consumer</source>
               <year>2000</year>
            </mixed-citation>
         </ref>
         <ref id="d26272e2115a1310">
            <mixed-citation id="d26272e2119" publication-type="journal">
Thorson, James, and F. C. Powell (1991), &amp;quot;Measurement of Sense
of Humor,&amp;quot; Psychological Reports, 69, 691-702.<person-group>
                  <string-name>
                     <surname>Thorson</surname>
                  </string-name>
               </person-group>
               <fpage>691</fpage>
               <volume>69</volume>
               <source>Psychological Reports</source>
               <year>1991</year>
            </mixed-citation>
         </ref>
         <ref id="d26272e2151a1310">
            <mixed-citation id="d26272e2155" publication-type="journal">
----, and ---- (1993a), &amp;quot;Development and Validation of
a Multidimensional Sense of Humor Scale,&amp;quot; Journal of Clini-
cal Psychology, 48, 13-23.<person-group>
                  <string-name>
                     <surname>Thorson</surname>
                  </string-name>
               </person-group>
               <fpage>13</fpage>
               <volume>48</volume>
               <source>Journal of Clinical Psychology</source>
               <year>1993</year>
            </mixed-citation>
         </ref>
         <ref id="d26272e2190a1310">
            <mixed-citation id="d26272e2194" publication-type="journal">
---, and --- (1993b), &amp;quot;Sense of Humor and Dimensions
of Personality,&amp;quot; Journal of Clinical Psychology, 49, 799-809.<person-group>
                  <string-name>
                     <surname>Thorson</surname>
                  </string-name>
               </person-group>
               <fpage>799</fpage>
               <volume>49</volume>
               <source>Journal of Clinical Psychology</source>
               <year>1993</year>
            </mixed-citation>
         </ref>
         <ref id="d26272e2226a1310">
            <mixed-citation id="d26272e2230" publication-type="journal">
Weinberger, Marc G., and Leland Campbell (1991), &amp;quot;The Use
and Impact of Humor in Radio Advertising,&amp;quot; Journal of
Advertising Research, 31, 44-52.<person-group>
                  <string-name>
                     <surname>Weinberger</surname>
                  </string-name>
               </person-group>
               <fpage>44</fpage>
               <volume>31</volume>
               <source>Journal of Advertising Research</source>
               <year>1991</year>
            </mixed-citation>
         </ref>
         <ref id="d26272e2266a1310">
            <mixed-citation id="d26272e2270" publication-type="journal">
---, and Charles Gulas (1992), &amp;quot;The Impact of Humor in
Advertising: A Review,&amp;quot; Journal of Advertising, 21, 36-59.<person-group>
                  <string-name>
                     <surname>Weinberger</surname>
                  </string-name>
               </person-group>
               <fpage>36</fpage>
               <volume>21</volume>
               <source>Journal of Advertising</source>
               <year>1992</year>
            </mixed-citation>
         </ref>
         <ref id="d26272e2302a1310">
            <mixed-citation id="d26272e2306" publication-type="journal">
---, Harlen Spotts, Leland Campbell, and Amy L. Parsons
(1995), &amp;quot;The Use of Humor in Different Advertising Me-
dia,&amp;quot; Journal of Advertising Research, 35, 44-56.<person-group>
                  <string-name>
                     <surname>Weinberger</surname>
                  </string-name>
               </person-group>
               <fpage>44</fpage>
               <volume>35</volume>
               <source>Journal of Advertising Research</source>
               <year>1995</year>
            </mixed-citation>
         </ref>
         <ref id="d26272e2341a1310">
            <mixed-citation id="d26272e2345" publication-type="journal">
Wicker, F. W., I. M. Thorelli, W. L. Barron, III, and M. R. Pon-
der (1981), &amp;quot;Relationships Among Affective and Cogni-
tive Factors in Humor,&amp;quot; Journal of Research in Personality,
15, 350-370.<person-group>
                  <string-name>
                     <surname>Wicker</surname>
                  </string-name>
               </person-group>
               <fpage>350</fpage>
               <volume>15</volume>
               <source>Journal of Research in Personality</source>
               <year>1981</year>
            </mixed-citation>
         </ref>
         <ref id="d26272e2383a1310">
            <mixed-citation id="d26272e2387" publication-type="journal">
Williams, Larry J., and J. T. Hazar (1986), &amp;quot;Antecedents and Con-
sequences of Satisfaction and Commitment in Turnover Mod-
els: A Reanalysis Using Latent Variable Structural Equation
Methods,&amp;quot; Journal of Applied Psychology, 71, 219-231.<person-group>
                  <string-name>
                     <surname>Williams</surname>
                  </string-name>
               </person-group>
               <fpage>219</fpage>
               <volume>71</volume>
               <source>Journal of Applied Psychology</source>
               <year>1986</year>
            </mixed-citation>
         </ref>
         <ref id="d26272e2425a1310">
            <mixed-citation id="d26272e2429" publication-type="journal">
Wu, Bob, Kenneth Crocker, and Martha Rogers (1989), &amp;quot;Hu-
mor and Comparatives in Ads for High and Low Involve-
ment Products,&amp;quot; Journalism Quarterly, 66, 653-661.<person-group>
                  <string-name>
                     <surname>Wu</surname>
                  </string-name>
               </person-group>
               <fpage>653</fpage>
               <volume>66</volume>
               <source>Journalism Quarterly</source>
               <year>1989</year>
            </mixed-citation>
         </ref>
         <ref id="d26272e2464a1310">
            <mixed-citation id="d26272e2468" publication-type="journal">
Wyer, Robert S., and James E. Collins (1992), &amp;quot;A Theory of Hu-
mor Elicitation,&amp;quot; Psychological Review, 99, 663-688.<person-group>
                  <string-name>
                     <surname>Wyer</surname>
                  </string-name>
               </person-group>
               <fpage>663</fpage>
               <volume>99</volume>
               <source>Psychological Review</source>
               <year>1992</year>
            </mixed-citation>
         </ref>
         <ref id="d26272e2501a1310">
            <mixed-citation id="d26272e2505" publication-type="journal">
Yi, Y. (1990), &amp;quot;Cognitive and Affective Priming Effects of the
Context for Print Advertisements,&amp;quot; Journal of Advertising,
19 (2), 40-48.<person-group>
                  <string-name>
                     <surname>Yi</surname>
                  </string-name>
               </person-group>
               <issue>2</issue>
               <fpage>40</fpage>
               <volume>19</volume>
               <source>Journal of Advertising</source>
               <year>1990</year>
            </mixed-citation>
         </ref>
         <ref id="d26272e2543a1310">
            <mixed-citation id="d26272e2547" publication-type="journal">
Zhang, Yong (1996), &amp;quot;Responses to Humorous Advertising: The
Moderating Effect of Need for Cognition,&amp;quot; Journal of Ad-
vertising, 25, 15-32.<person-group>
                  <string-name>
                     <surname>Zhang</surname>
                  </string-name>
               </person-group>
               <fpage>15</fpage>
               <volume>25</volume>
               <source>Journal of Advertising</source>
               <year>1996</year>
            </mixed-citation>
         </ref>
      </ref-list>
   </back>
</article>
